ISO-10303-21;
HEADER;
FILE_DESCRIPTION(('CATIA V5 STEP Exchange','CAx-IF Rec.Pracs.--- Model Styling and Organization---1.5--- 2016-08-15','CAx-IF Rec.Pracs.---Supplemental Geometry---1.0---2011-11-01','CAx-IF Rec.Pracs.--- Composite Materials ---3.4---2017-06-13','CAx-IF Rec.Pracs.---Tessellated 3D Geometry---1.0---2015-12-17'),'2;1');

FILE_NAME('Z:\\Shared By RND\\RND W\\11) CATIA MODEL FILES\\Current Projects\\Renault\\H79 OBJ\\320911993.stp','2026-09-04T05:04:21+00:00',('none'),('none'),'CATIA Version 5-6 Release 2022','CATIA V5 STEP AP242 v2','none');

FILE_SCHEMA(('AP242_MANAGED_MODEL_BASED_3D_ENGINEERING_MIM_LF  {1 0 10303 442 1 1 4}'));

ENDSEC;
DATA;
#5=PRODUCT('CUP_TRIAL2','','',(#2)) ;
#2=PRODUCT_CONTEXT(' ',#1,'mechanical') ;
#1=APPLICATION_CONTEXT('managed model based 3d engineering') ;
#10=PRODUCT_DEFINITION('',' ',#6,#3) ;
#3=PRODUCT_DEFINITION_CONTEXT('part definition',#1,' ') ;
#11=PRODUCT_DEFINITION_SHAPE(' ',' ',#10) ;
#4050=MECHANICAL_DESIGN_GEOMETRIC_PRESENTATION_REPRESENTATION(' ',(#29),#16) ;
#7=PRODUCT_CATEGORY('part','specification') ;
#19=SHAPE_REPRESENTATION(' ',(#18),#16) ;
#17=CARTESIAN_POINT(' ',(0.,0.,0.)) ;
#32=CARTESIAN_POINT('Axis2P3D Location',(-14.025,-9.5,0.)) ;
#37=CARTESIAN_POINT('Axis2P3D Location',(0.,-9.5,0.)) ;
#41=CARTESIAN_POINT('Vertex',(13.4928318891,-9.5,-7.37116765604)) ;
#43=CARTESIAN_POINT('Vertex',(-13.4928318891,-9.5,7.37116765604)) ;
#46=CARTESIAN_POINT('Axis2P3D Location',(0.,-9.5,0.)) ;
#55=CARTESIAN_POINT('Axis2P3D Location',(0.,-9.5,0.)) ;
#59=CARTESIAN_POINT('Vertex',(-9.53628445608,-9.5,10.2839634272)) ;
#61=CARTESIAN_POINT('Vertex',(1.67025415052,-9.5,13.9251885471)) ;
#64=CARTESIAN_POINT('Axis2P3D Location',(-2.50795268256,-9.5,1.82213428211)) ;
#68=CARTESIAN_POINT('Vertex',(-12.7275043909,-9.5,5.89162600465)) ;
#71=CARTESIAN_POINT('Axis2P3D Location',(0.,-9.5,0.)) ;
#75=CARTESIAN_POINT('Vertex',(-12.7275043909,-9.5,-5.89162600465)) ;
#78=CARTESIAN_POINT('Axis2P3D Location',(-2.50795268256,-9.5,-1.82213428211)) ;
#82=CARTESIAN_POINT('Vertex',(-9.53628445608,-9.5,-10.2839634272)) ;
#85=CARTESIAN_POINT('Axis2P3D Location',(0.,-9.5,0.)) ;
#89=CARTESIAN_POINT('Vertex',(1.67025415052,-9.5,-13.9251885471)) ;
#92=CARTESIAN_POINT('Axis2P3D Location',(0.957952682562,-9.5,-2.94827520051)) ;
#96=CARTESIAN_POINT('Vertex',(6.83375647069,-9.5,-12.2474649417)) ;
#99=CARTESIAN_POINT('Axis2P3D Location',(0.,-9.5,0.)) ;
#103=CARTESIAN_POINT('Vertex',(12.3080954305,-9.5,-6.72394317892)) ;
#106=CARTESIAN_POINT('Axis2P3D Location',(0.,-9.5,0.)) ;
#110=CARTESIAN_POINT('Vertex',(13.7597782258,-9.5,-2.71461381722)) ;
#113=CARTESIAN_POINT('Axis2P3D Location',(3.1,-9.5,-1.11022302463E-15)) ;
#117=CARTESIAN_POINT('Vertex',(13.7597782258,-9.5,2.71461381722)) ;
#120=CARTESIAN_POINT('Axis2P3D Location',(0.,-9.5,0.)) ;
#124=CARTESIAN_POINT('Vertex',(6.83375647069,-9.5,12.2474649417)) ;
#127=CARTESIAN_POINT('Axis2P3D Location',(0.957952682562,-9.5,2.94827520051)) ;
#146=CARTESIAN_POINT('Axis2P3D Location',(0.957952682562,-5.76000000014,-2.94827520051)) ;
#151=CARTESIAN_POINT('Line Origine',(6.83375647069,-5.76000000014,-12.2474649417)) ;
#155=CARTESIAN_POINT('Vertex',(6.83375647069,4.675,-12.2474649417)) ;
#158=CARTESIAN_POINT('Line Origine',(1.67025415052,-5.76000000014,-13.9251885471)) ;
#162=CARTESIAN_POINT('Vertex',(1.67025415052,4.675,-13.9251885471)) ;
#166=CARTESIAN_POINT('Control Point',(1.67025415052,4.675,-13.9251885471)) ;
#167=CARTESIAN_POINT('Control Point',(3.03512896795,4.60039301937,-13.8366206314)) ;
#168=CARTESIAN_POINT('Control Point',(4.3932900963,4.57447606823,-13.5211566034)) ;
#169=CARTESIAN_POINT('Control Point',(5.67749063351,4.60039301937,-12.9780652817)) ;
#170=CARTESIAN_POINT('Control Point',(6.83375647069,4.675,-12.2474649417)) ;
#179=CARTESIAN_POINT('Axis2P3D Location',(3.1,-5.76000000014,-1.11022302463E-15)) ;
#184=CARTESIAN_POINT('Line Origine',(13.7597782258,-5.76000000014,2.71461381722)) ;
#188=CARTESIAN_POINT('Vertex',(13.7597782258,4.675,2.71461381722)) ;
#191=CARTESIAN_POINT('Line Origine',(13.7597782258,-5.76000000014,-2.71461381722)) ;
#195=CARTESIAN_POINT('Vertex',(13.7597782258,4.675,-2.71461381722)) ;
#199=CARTESIAN_POINT('Control Point',(13.7597782258,4.675,-2.71461381722)) ;
#200=CARTESIAN_POINT('Control Point',(13.984802506,4.62526201293,-1.83098576402)) ;
#201=CARTESIAN_POINT('Control Point',(14.1,4.60000003527,-0.915554997436)) ;
#202=CARTESIAN_POINT('Control Point',(14.1,4.60000003527,9.98090499138E-13)) ;
#203=CARTESIAN_POINT('Vertex',(14.0999999647,4.60000003527,-1.59768196514E-14)) ;
#207=CARTESIAN_POINT('Control Point',(14.1,4.60000003527,9.98534588348E-13)) ;
#208=CARTESIAN_POINT('Control Point',(14.1,4.60000003527,0.915554997438)) ;
#209=CARTESIAN_POINT('Control Point',(13.984802506,4.62526201293,1.83098576402)) ;
#210=CARTESIAN_POINT('Control Point',(13.7597782258,4.675,2.71461381722)) ;
#220=CARTESIAN_POINT('Axis2P3D Location',(0.,-4.48750000075,0.)) ;
#225=CARTESIAN_POINT('Line Origine',(13.4928318891,-9.775,-7.37116765604)) ;
#229=CARTESIAN_POINT('Vertex',(13.4928318891,-10.05,-7.37116765604)) ;
#232=CARTESIAN_POINT('Axis2P3D Location',(0.,-10.05,0.)) ;
#236=CARTESIAN_POINT('Vertex',(-13.4928318891,-10.05,7.37116765604)) ;
#239=CARTESIAN_POINT('Line Origine',(-13.4928318891,-9.775,7.37116765604)) ;
#251=CARTESIAN_POINT('Axis2P3D Location',(0.,-10.05,0.)) ;
#263=CARTESIAN_POINT('Axis2P3D Location',(-2.50795268256,-5.76000000014,1.82213428211)) ;
#268=CARTESIAN_POINT('Line Origine',(-12.7275043909,-5.76000000014,5.89162600465)) ;
#272=CARTESIAN_POINT('Vertex',(-12.7275043909,4.675,5.89162600465)) ;
#275=CARTESIAN_POINT('Line Origine',(-9.53628445608,-5.76000000014,10.2839634272)) ;
#279=CARTESIAN_POINT('Vertex',(-9.53628445608,4.675,10.2839634272)) ;
#283=CARTESIAN_POINT('Control Point',(-12.7275043909,4.675,5.89162600465)) ;
#284=CARTESIAN_POINT('Control Point',(-12.2215017838,4.60039301938,7.16233010252)) ;
#285=CARTESIAN_POINT('Control Point',(-11.5017827946,4.57447606822,8.35653434814)) ;
#286=CARTESIAN_POINT('Control Point',(-10.5884324638,4.60039301938,9.4100571894)) ;
#287=CARTESIAN_POINT('Control Point',(-9.53628445608,4.675,10.2839634272)) ;
#296=CARTESIAN_POINT('Axis2P3D Location',(-2.50795268256,-5.76000000014,-1.82213428211)) ;
#301=CARTESIAN_POINT('Line Origine',(-9.53628445608,-5.76000000014,-10.2839634272)) ;
#305=CARTESIAN_POINT('Vertex',(-9.53628445608,4.675,-10.2839634272)) ;
#308=CARTESIAN_POINT('Line Origine',(-12.7275043909,-5.76000000014,-5.89162600465)) ;
#312=CARTESIAN_POINT('Vertex',(-12.7275043909,4.675,-5.89162600465)) ;
#316=CARTESIAN_POINT('Control Point',(-9.53628445608,4.675,-10.2839634272)) ;
#317=CARTESIAN_POINT('Control Point',(-10.5884324637,4.60039301939,-9.41005718949)) ;
#318=CARTESIAN_POINT('Control Point',(-11.5017827946,4.57447606822,-8.35653434816)) ;
#319=CARTESIAN_POINT('Control Point',(-12.2215017839,4.60039301939,-7.1623301024)) ;
#320=CARTESIAN_POINT('Control Point',(-12.7275043909,4.675,-5.89162600465)) ;
#329=CARTESIAN_POINT('Axis2P3D Location',(0.957952682562,-5.76000000014,2.94827520051)) ;
#334=CARTESIAN_POINT('Line Origine',(1.67025415052,-5.76000000014,13.9251885471)) ;
#338=CARTESIAN_POINT('Vertex',(1.67025415052,4.675,13.9251885471)) ;
#341=CARTESIAN_POINT('Line Origine',(6.83375647069,-5.76000000014,12.2474649417)) ;
#345=CARTESIAN_POINT('Vertex',(6.83375647069,4.675,12.2474649417)) ;
#349=CARTESIAN_POINT('Control Point',(6.83375647069,4.675,12.2474649417)) ;
#350=CARTESIAN_POINT('Control Point',(5.67749063357,4.60039301938,12.9780652817)) ;
#351=CARTESIAN_POINT('Control Point',(4.39329009631,4.57447606823,13.5211566034)) ;
#352=CARTESIAN_POINT('Control Point',(3.03512896788,4.60039301938,13.8366206314)) ;
#353=CARTESIAN_POINT('Control Point',(1.67025415052,4.675,13.9251885471)) ;
#362=CARTESIAN_POINT('Axis2P3D Location',(-15.375,-10.05,0.)) ;
#371=CARTESIAN_POINT('Axis2P3D Location',(0.,-10.05,0.)) ;
#375=CARTESIAN_POINT('Vertex',(9.21461689985,-10.05,-5.03396815534)) ;
#377=CARTESIAN_POINT('Vertex',(-9.21461689985,-10.05,5.03396815534)) ;
#380=CARTESIAN_POINT('Axis2P3D Location',(0.,-10.05,0.)) ;
#390=CARTESIAN_POINT('Axis2P3D Location',(0.,-13.3370427509,0.)) ;
#395=CARTESIAN_POINT('Line Origine',(-7.77229120065,-11.6935213755,4.24602203471)) ;
#399=CARTESIAN_POINT('Vertex',(-6.32996550145,-13.3370427509,3.45807591407)) ;
#402=CARTESIAN_POINT('Axis2P3D Location',(0.,-13.3370427509,0.)) ;
#406=CARTESIAN_POINT('Vertex',(6.32996550145,-13.3370427509,-3.45807591407)) ;
#409=CARTESIAN_POINT('Line Origine',(7.77229120065,-11.6935213755,-4.24602203471)) ;
#421=CARTESIAN_POINT('Axis2P3D Location',(0.,-13.3370427509,0.)) ;
#433=CARTESIAN_POINT('Axis2P3D Location',(0.,-14.875,0.)) ;
#438=CARTESIAN_POINT('Line Origine',(-4.70075223404,-14.1060213755,2.56803264959)) ;
#442=CARTESIAN_POINT('Vertex',(-3.07153896662,-14.875,1.67798938511)) ;
#445=CARTESIAN_POINT('Axis2P3D Location',(0.,-14.875,0.)) ;
#449=CARTESIAN_POINT('Vertex',(3.07153896662,-14.875,-1.67798938511)) ;
#452=CARTESIAN_POINT('Line Origine',(4.70075223404,-14.1060213755,-2.56803264959)) ;
#464=CARTESIAN_POINT('Axis2P3D Location',(0.,-14.875,0.)) ;
#476=CARTESIAN_POINT('Axis2P3D Location',(-3.5,-14.875,0.)) ;
#485=CARTESIAN_POINT('Axis2P3D Location',(0.,-14.875,0.)) ;
#489=CARTESIAN_POINT('Vertex',(1.31637384284,-14.875,-0.719138307906)) ;
#491=CARTESIAN_POINT('Vertex',(-1.31637384284,-14.875,0.719138307906)) ;
#494=CARTESIAN_POINT('Axis2P3D Location',(0.,-14.875,0.)) ;
#504=CARTESIAN_POINT('Axis2P3D Location',(0.,-4.48750000075,0.)) ;
#509=CARTESIAN_POINT('Line Origine',(-1.31637384284,-13.8375,0.719138307906)) ;
#513=CARTESIAN_POINT('Vertex',(-1.31637384284,-12.8,0.719138307906)) ;
#516=CARTESIAN_POINT('Axis2P3D Location',(0.,-12.8,0.)) ;
#520=CARTESIAN_POINT('Vertex',(1.31637384284,-12.8,-0.719138307906)) ;
#523=CARTESIAN_POINT('Line Origine',(1.31637384284,-13.8375,-0.719138307906)) ;
#535=CARTESIAN_POINT('Axis2P3D Location',(0.,-12.8,0.)) ;
#547=CARTESIAN_POINT('Axis2P3D Location',(-4.,-12.8,0.)) ;
#552=CARTESIAN_POINT('Axis2P3D Location',(0.,-12.8,0.)) ;
#556=CARTESIAN_POINT('Vertex',(3.51033024756,-12.8,-1.91770215442)) ;
#558=CARTESIAN_POINT('Vertex',(-3.51033024756,-12.8,1.91770215442)) ;
#561=CARTESIAN_POINT('Axis2P3D Location',(0.,-12.8,0.)) ;
#575=CARTESIAN_POINT('Axis2P3D Location',(0.,-4.48750000075,0.)) ;
#580=CARTESIAN_POINT('Line Origine',(3.51033024756,-12.6699628455,-1.91770215442)) ;
#584=CARTESIAN_POINT('Vertex',(3.51033024756,-12.539925691,-1.91770215442)) ;
#587=CARTESIAN_POINT('Axis2P3D Location',(0.,-12.539925691,0.)) ;
#591=CARTESIAN_POINT('Vertex',(-3.51033024756,-12.539925691,1.91770215442)) ;
#594=CARTESIAN_POINT('Line Origine',(-3.51033024756,-12.6699628455,1.91770215442)) ;
#606=CARTESIAN_POINT('Axis2P3D Location',(0.,-12.539925691,0.)) ;
#618=CARTESIAN_POINT('Axis2P3D Location',(0.,-12.539936204,0.)) ;
#623=CARTESIAN_POINT('Axis2P3D Location',(4.38791280945,-12.539936204,-2.39712769302)) ;
#627=CARTESIAN_POINT('Vertex',(4.06287474478,-11.6110554421,-2.219558589)) ;
#630=CARTESIAN_POINT('Axis2P3D Location',(0.,-11.6110554421,0.)) ;
#634=CARTESIAN_POINT('Vertex',(-4.06287474478,-11.6110554421,2.219558589)) ;
#637=CARTESIAN_POINT('Axis2P3D Location',(-4.38791280945,-12.539936204,2.39712769302)) ;
#649=CARTESIAN_POINT('Axis2P3D Location',(0.,-11.6110554421,0.)) ;
#661=CARTESIAN_POINT('Axis2P3D Location',(0.,6.44727897644,0.)) ;
#666=CARTESIAN_POINT('Axis2P3D Location',(0.,4.675,0.)) ;
#670=CARTESIAN_POINT('Vertex',(12.3080954305,4.675,-6.72394317892)) ;
#673=CARTESIAN_POINT('Line Origine',(11.9359525721,5.09905452728,-6.52064060878)) ;
#677=CARTESIAN_POINT('Vertex',(11.2330567922,5.9,-6.13664689413)) ;
#680=CARTESIAN_POINT('Axis2P3D Location',(0.,5.9,0.)) ;
#684=CARTESIAN_POINT('Vertex',(12.8,5.9,-1.4503779578E-14)) ;
#687=CARTESIAN_POINT('Line Origine',(13.6009454727,5.09905452728,-1.54113371241E-14)) ;
#700=CARTESIAN_POINT('Axis2P3D Location',(0.,-4.48750000075,0.)) ;
#705=CARTESIAN_POINT('Axis2P3D Location',(0.,4.675,0.)) ;
#709=CARTESIAN_POINT('Vertex',(-4.80673656643,4.675,13.1755800093)) ;
#712=CARTESIAN_POINT('Axis2P3D Location',(0.,4.675,0.)) ;
#716=CARTESIAN_POINT('Vertex',(-3.85568005013,4.675,13.4845970037)) ;
#719=CARTESIAN_POINT('Line Origine',(-3.85568005013,-2.4125,13.4845970037)) ;
#723=CARTESIAN_POINT('Vertex',(-3.85568005013,-2.6,13.4845970037)) ;
#727=CARTESIAN_POINT('Control Point',(-3.85568005013,-2.6,13.4845970037)) ;
#728=CARTESIAN_POINT('Control Point',(-3.85568005013,-2.79635466582,13.4845970037)) ;
#729=CARTESIAN_POINT('Control Point',(-3.95667000851,-2.99517867278,13.456471479)) ;
#730=CARTESIAN_POINT('Control Point',(-4.14721896168,-3.1,13.3992445697)) ;
#731=CARTESIAN_POINT('Control Point',(-4.33396334611,-3.1,13.338567641)) ;
#732=CARTESIAN_POINT('Vertex',(-4.33396334611,-3.1,13.338567641)) ;
#736=CARTESIAN_POINT('Control Point',(-4.80673656643,-2.6,13.1755800093)) ;
#737=CARTESIAN_POINT('Control Point',(-4.80673656643,-2.79635466581,13.1755800093)) ;
#738=CARTESIAN_POINT('Control Point',(-4.70850220522,-2.9951786728,13.21218639)) ;
#739=CARTESIAN_POINT('Control Point',(-4.52070773054,-3.1,13.2778907124)) ;
#740=CARTESIAN_POINT('Control Point',(-4.33396334611,-3.1,13.338567641)) ;
#741=CARTESIAN_POINT('Vertex',(-4.80673656643,-2.6,13.1755800093)) ;
#744=CARTESIAN_POINT('Line Origine',(-4.80673656643,-2.4125,13.1755800093)) ;
#761=CARTESIAN_POINT('Axis2P3D Location',(0.,-4.48750000075,0.)) ;
#766=CARTESIAN_POINT('Line Origine',(-4.54672520646,5.09534379529,10.8888608172)) ;
#770=CARTESIAN_POINT('Vertex',(-4.54672520321,4.29068759058,10.8888608186)) ;
#772=CARTESIAN_POINT('Vertex',(-4.54672520646,5.9,10.8888608172)) ;
#775=CARTESIAN_POINT('Axis2P3D Location',(0.,4.29068759058,0.)) ;
#779=CARTESIAN_POINT('Vertex',(-10.3554742303,4.29068759058,5.65722135553)) ;
#782=CARTESIAN_POINT('Line Origine',(-10.3554742303,5.09534379529,5.65722135553)) ;
#786=CARTESIAN_POINT('Vertex',(-10.3554742303,5.9,5.65722135553)) ;
#789=CARTESIAN_POINT('Axis2P3D Location',(0.,5.9,0.)) ;
#801=CARTESIAN_POINT('Axis2P3D Location',(0.,4.29068759058,0.)) ;
#806=CARTESIAN_POINT('Axis2P3D Location',(0.,3.9728682451,0.)) ;
#810=CARTESIAN_POINT('Vertex',(-10.4009757564,3.9728682451,5.68207895253)) ;
#812=CARTESIAN_POINT('Vertex',(-4.56485677129,3.9728682451,10.937476883)) ;
#815=CARTESIAN_POINT('Axis2P3D Location',(-11.2330567922,4.29068759058,6.13664689413)) ;
#821=CARTESIAN_POINT('Control Point',(-4.54672520321,4.29068759058,10.8888608186)) ;
#822=CARTESIAN_POINT('Control Point',(-4.54672518901,4.1828627176,10.8888608245)) ;
#823=CARTESIAN_POINT('Control Point',(-4.55286902001,4.07507296196,10.905357127)) ;
#824=CARTESIAN_POINT('Control Point',(-4.56482686083,3.97286824614,10.937489366)) ;
#833=CARTESIAN_POINT('Axis2P3D Location',(0.475528258148,11.5254878998,0.154508497187)) ;
#838=CARTESIAN_POINT('Line Origine',(-3.65202963611,-2.6,12.8578254771)) ;
#842=CARTESIAN_POINT('Vertex',(-3.44837922209,-2.6,12.2310539505)) ;
#846=CARTESIAN_POINT('Control Point',(-3.47687037371,5.9,12.3187406988)) ;
#847=CARTESIAN_POINT('Control Point',(-3.55263336221,5.65501294349,12.5519152012)) ;
#848=CARTESIAN_POINT('Control Point',(-3.62839583737,5.4100185898,12.7850881238)) ;
#849=CARTESIAN_POINT('Control Point',(-3.7041579349,5.16501735672,13.0182598841)) ;
#850=CARTESIAN_POINT('Control Point',(-3.77991930382,4.92001107598,13.251429402)) ;
#851=CARTESIAN_POINT('Control Point',(-3.85568005013,4.675,13.4845970037)) ;
#852=CARTESIAN_POINT('Vertex',(-3.47687037371,5.9,12.3187406988)) ;
#855=CARTESIAN_POINT('Line Origine',(-3.39483432673,5.9,12.0662597076)) ;
#859=CARTESIAN_POINT('Vertex',(-3.31279827974,5.9,11.8137787163)) ;
#862=CARTESIAN_POINT('Line Origine',(-3.31279827974,5.09534379529,11.8137787163)) ;
#866=CARTESIAN_POINT('Vertex',(-3.31279825769,4.29068742508,11.8137786484)) ;
#870=CARTESIAN_POINT('Control Point',(-3.3208351434,4.13178501061,11.8385136393)) ;
#871=CARTESIAN_POINT('Control Point',(-3.31949673255,4.14466437659,11.8343944342)) ;
#872=CARTESIAN_POINT('Control Point',(-3.31829385119,4.15769098458,11.8306923461)) ;
#873=CARTESIAN_POINT('Control Point',(-3.31722859129,4.1708449985,11.8274138132)) ;
#874=CARTESIAN_POINT('Control Point',(-3.31502424069,4.20241439098,11.8206295197)) ;
#875=CARTESIAN_POINT('Control Point',(-3.31361635454,4.23447258352,11.8162964916)) ;
#876=CARTESIAN_POINT('Control Point',(-3.31307096229,4.25317435638,11.8146179469)) ;
#877=CARTESIAN_POINT('Control Point',(-3.31279826562,4.27193097502,11.8137786728)) ;
#878=CARTESIAN_POINT('Control Point',(-3.31279825769,4.29068742508,11.8137786484)) ;
#879=CARTESIAN_POINT('Vertex',(-3.3208351591,4.13178502769,11.8385136876)) ;
#882=CARTESIAN_POINT('Axis2P3D Location',(0.475528258148,-6.03961325396E-14,0.154508497188)) ;
#897=CARTESIAN_POINT('Axis2P3D Location',(-3.98516682843,-2.6,12.2650823407)) ;
#903=CARTESIAN_POINT('Control Point',(-3.86011581333,-3.1,11.8802148903)) ;
#904=CARTESIAN_POINT('Control Point',(-3.6734633035,-3.1,11.9408619335)) ;
#905=CARTESIAN_POINT('Control Point',(-3.49743669926,-2.99511704333,12.0441124678)) ;
#906=CARTESIAN_POINT('Control Point',(-3.42358227766,-2.79595161893,12.1547368029)) ;
#907=CARTESIAN_POINT('Control Point',(-3.44837922209,-2.6,12.2310539505)) ;
#908=CARTESIAN_POINT('Vertex',(-3.86011581333,-3.1,11.8802148903)) ;
#911=CARTESIAN_POINT('Line Origine',(-3.98516682843,-3.1,12.2650823407)) ;
#923=CARTESIAN_POINT('Axis2P3D Location',(-0.475528258148,-3.1,-0.154508497187)) ;
#928=CARTESIAN_POINT('Line Origine',(-4.34589084302,5.9,11.7572427132)) ;
#932=CARTESIAN_POINT('Vertex',(-4.42792689,5.9,12.0097237044)) ;
#934=CARTESIAN_POINT('Vertex',(-4.26385479604,5.9,11.5047617219)) ;
#938=CARTESIAN_POINT('Control Point',(-4.42792689,5.9,12.0097237044)) ;
#939=CARTESIAN_POINT('Control Point',(-4.50368987851,5.65501294349,12.2428982069)) ;
#940=CARTESIAN_POINT('Control Point',(-4.57945235367,5.4100185898,12.4760711294)) ;
#941=CARTESIAN_POINT('Control Point',(-4.65521445119,5.16501735672,12.7092428897)) ;
#942=CARTESIAN_POINT('Control Point',(-4.73097582012,4.92001107598,12.9424124076)) ;
#943=CARTESIAN_POINT('Control Point',(-4.80673656643,4.675,13.1755800093)) ;
#945=CARTESIAN_POINT('Line Origine',(-4.60308615241,-2.6,12.5488084827)) ;
#949=CARTESIAN_POINT('Vertex',(-4.3994357271,-2.6,11.9220369214)) ;
#952=CARTESIAN_POINT('Axis2P3D Location',(-0.475528258148,-9.94759830064E-14,-0.154508497187)) ;
#956=CARTESIAN_POINT('Vertex',(-4.27189164064,4.13178536207,11.5294965863)) ;
#960=CARTESIAN_POINT('Control Point',(-4.26385479096,4.2906876357,11.5047617063)) ;
#961=CARTESIAN_POINT('Control Point',(-4.26385477643,4.25834174179,11.5047616616)) ;
#962=CARTESIAN_POINT('Control Point',(-4.26466569788,4.22599721423,11.5072574212)) ;
#963=CARTESIAN_POINT('Control Point',(-4.26628740793,4.19393820749,11.5122485315)) ;
#964=CARTESIAN_POINT('Control Point',(-4.26870530858,4.16244545058,11.5196900645)) ;
#965=CARTESIAN_POINT('Control Point',(-4.27189150981,4.13178521969,11.5294961836)) ;
#966=CARTESIAN_POINT('Vertex',(-4.26385479096,4.2906876357,11.5047617063)) ;
#969=CARTESIAN_POINT('Line Origine',(-4.26385479604,5.09534379529,11.5047617219)) ;
#984=CARTESIAN_POINT('Axis2P3D Location',(-3.98516682843,-2.6,12.2650823407)) ;
#990=CARTESIAN_POINT('Control Point',(-4.3994357271,-2.6,11.9220369214)) ;
#991=CARTESIAN_POINT('Control Point',(-4.37463833346,-2.79595437197,11.8457183912)) ;
#992=CARTESIAN_POINT('Control Point',(-4.24986722406,-2.9951127932,11.7996352482)) ;
#993=CARTESIAN_POINT('Control Point',(-4.04677040547,-3.1,11.8195671398)) ;
#994=CARTESIAN_POINT('Control Point',(-3.86011581418,-3.1,11.8802148929)) ;
#1004=CARTESIAN_POINT('Control Point',(-2.73587230279,3.97286834363,11.5317525648)) ;
#1005=CARTESIAN_POINT('Control Point',(-2.88088550712,3.97653111495,11.4960867938)) ;
#1006=CARTESIAN_POINT('Control Point',(-3.03810856937,3.99792368009,11.511885792)) ;
#1007=CARTESIAN_POINT('Control Point',(-3.18027480526,4.03654414389,11.586439823)) ;
#1008=CARTESIAN_POINT('Control Point',(-3.27708304039,4.08416097795,11.7038585126)) ;
#1009=CARTESIAN_POINT('Control Point',(-3.32083588855,4.13177784029,11.8385159326)) ;
#1010=CARTESIAN_POINT('Control Point',(-2.73034459038,4.03419223968,11.5119378379)) ;
#1011=CARTESIAN_POINT('Control Point',(-2.87531935602,4.03722700627,11.4767787873)) ;
#1012=CARTESIAN_POINT('Control Point',(-3.03273679534,4.05452932682,11.4940813895)) ;
#1013=CARTESIAN_POINT('Control Point',(-3.17540507685,4.08567971956,11.5710325058)) ;
#1014=CARTESIAN_POINT('Control Point',(-3.27299321792,4.12405979471,11.6912713323)) ;
#1015=CARTESIAN_POINT('Control Point',(-3.31764936028,4.16243987807,11.828708807)) ;
#1016=CARTESIAN_POINT('Control Point',(-2.72615117767,4.0971853067,11.496899354)) ;
#1017=CARTESIAN_POINT('Control Point',(-2.87109976397,4.09951585927,11.4621371163)) ;
#1018=CARTESIAN_POINT('Control Point',(-3.02866597732,4.11258840754,11.4805865555)) ;
#1019=CARTESIAN_POINT('Control Point',(-3.17171417812,4.13607905067,11.559354131)) ;
#1020=CARTESIAN_POINT('Control Point',(-3.2698917118,4.16500777948,11.6817258783)) ;
#1021=CARTESIAN_POINT('Control Point',(-3.31523098733,4.19393649741,11.8212658204)) ;
#1022=CARTESIAN_POINT('Control Point',(-2.72333953984,4.16131197981,11.486813787)) ;
#1023=CARTESIAN_POINT('Control Point',(-2.86827164886,4.16288378002,11.4523220964)) ;
#1024=CARTESIAN_POINT('Control Point',(-3.02593808811,4.17163052261,11.4715427054)) ;
#1025=CARTESIAN_POINT('Control Point',(-3.16924068613,4.18733320572,11.5515274826)) ;
#1026=CARTESIAN_POINT('Control Point',(-3.26781259205,4.20666648416,11.6753270063)) ;
#1027=CARTESIAN_POINT('Control Point',(-3.31360913789,4.22599976673,11.8162742811)) ;
#1028=CARTESIAN_POINT('Control Point',(-2.72193381143,4.22600032302,11.4817714021)) ;
#1029=CARTESIAN_POINT('Control Point',(-2.86685767603,4.22678615852,11.447414933)) ;
#1030=CARTESIAN_POINT('Control Point',(-3.02457422422,4.23115944667,11.4670210739)) ;
#1031=CARTESIAN_POINT('Control Point',(-3.1680040172,4.23901069846,11.5476144077)) ;
#1032=CARTESIAN_POINT('Control Point',(-3.26677310187,4.24867726028,11.6721277819)) ;
#1033=CARTESIAN_POINT('Control Point',(-3.31279827137,4.25834384655,11.8137786905)) ;
#1034=CARTESIAN_POINT('Control Point',(-2.7219337826,4.29068757874,11.4817713394)) ;
#1035=CARTESIAN_POINT('Control Point',(-2.8668576471,4.29068748738,11.4474148626)) ;
#1036=CARTESIAN_POINT('Control Point',(-3.02457419763,4.29068741438,11.4670210016)) ;
#1037=CARTESIAN_POINT('Control Point',(-3.16800399487,4.29068737708,11.5476143408)) ;
#1038=CARTESIAN_POINT('Control Point',(-3.26677308415,4.29068738338,11.6721277261)) ;
#1039=CARTESIAN_POINT('Control Point',(-3.31279825769,4.29068742508,11.8137786484)) ;
#1041=CARTESIAN_POINT('Control Point',(-2.7219337826,4.29068757874,11.4817713394)) ;
#1042=CARTESIAN_POINT('Control Point',(-2.90308861323,4.29068746454,11.4388257435)) ;
#1043=CARTESIAN_POINT('Control Point',(-3.10783312484,4.2906873802,11.4867730671)) ;
#1044=CARTESIAN_POINT('Control Point',(-3.25526679077,4.29068737296,11.6367149955)) ;
#1045=CARTESIAN_POINT('Control Point',(-3.31279825769,4.29068742508,11.8137786484)) ;
#1046=CARTESIAN_POINT('Vertex',(-2.72193385554,4.29068759058,11.4817714699)) ;
#1050=CARTESIAN_POINT('Control Point',(-2.73587230279,3.97286834363,11.5317525648)) ;
#1051=CARTESIAN_POINT('Control Point',(-2.73355018069,3.99862973713,11.5234286485)) ;
#1052=CARTESIAN_POINT('Control Point',(-2.73146352697,4.0246856949,11.515947612)) ;
#1053=CARTESIAN_POINT('Control Point',(-2.72961584377,4.0509965407,11.5093224914)) ;
#1054=CARTESIAN_POINT('Control Point',(-2.72579305289,4.11413813655,11.4956140465)) ;
#1055=CARTESIAN_POINT('Control Point',(-2.72335204764,4.17825765373,11.4868586756)) ;
#1056=CARTESIAN_POINT('Control Point',(-2.72240655094,4.21566129835,11.4834671384)) ;
#1057=CARTESIAN_POINT('Control Point',(-2.72193379932,4.2531746214,11.4817713758)) ;
#1058=CARTESIAN_POINT('Control Point',(-2.7219337826,4.29068757874,11.4817713394)) ;
#1059=CARTESIAN_POINT('Vertex',(-2.73584930939,3.9728682451,11.5317581688)) ;
#1063=CARTESIAN_POINT('Control Point',(-2.73587230279,3.97286834363,11.5317525648)) ;
#1064=CARTESIAN_POINT('Control Point',(-2.9171388082,3.97744680778,11.4871703511)) ;
#1065=CARTESIAN_POINT('Control Point',(-3.1210329997,4.01209395256,11.5292453375)) ;
#1066=CARTESIAN_POINT('Control Point',(-3.26614482836,4.07225676236,11.6701941576)) ;
#1067=CARTESIAN_POINT('Control Point',(-3.32083588855,4.13177784029,11.8385159326)) ;
#1076=CARTESIAN_POINT('Axis2P3D Location',(0.951056516295,0.,0.309016994375)) ;
#1081=CARTESIAN_POINT('Axis2P3D Location',(0.914477419515,-1.49453099469E-17,0.297131725361)) ;
#1085=CARTESIAN_POINT('Vertex',(-2.85850340416,-2.49999994086,11.909196387)) ;
#1088=CARTESIAN_POINT('Axis2P3D Location',(-2.97285096038,-2.60000005635,12.3855624367)) ;
#1101=CARTESIAN_POINT('Control Point',(-3.71164991242,-3.4615385376,11.4232835185)) ;
#1102=CARTESIAN_POINT('Control Point',(-3.72269066709,-3.33756366068,11.4572636121)) ;
#1103=CARTESIAN_POINT('Control Point',(-3.74608847912,-3.2251131547,11.5292748168)) ;
#1104=CARTESIAN_POINT('Control Point',(-3.78037667472,-3.1416158128,11.6348031546)) ;
#1105=CARTESIAN_POINT('Control Point',(-3.82024620532,-3.10000003312,11.757509035)) ;
#1106=CARTESIAN_POINT('Control Point',(-3.86011574917,-3.10000003976,11.8802149111)) ;
#1107=CARTESIAN_POINT('Control Point',(-3.42449226323,-3.46153896484,11.5165866686)) ;
#1108=CARTESIAN_POINT('Control Point',(-3.47477814616,-3.33756399108,11.5378152135)) ;
#1109=CARTESIAN_POINT('Control Point',(-3.53646506886,-3.22511339503,11.5973855178)) ;
#1110=CARTESIAN_POINT('Control Point',(-3.60258634147,-3.14161599169,11.6925706697)) ;
#1111=CARTESIAN_POINT('Control Point',(-3.66290400475,-3.10000019524,11.8086325686)) ;
#1112=CARTESIAN_POINT('Control Point',(-3.71079340938,-3.10000022594,11.9287326535)) ;
#1113=CARTESIAN_POINT('Control Point',(-3.14495220745,-3.34302578262,11.6333516631)) ;
#1114=CARTESIAN_POINT('Control Point',(-3.23366174483,-3.23278251288,11.6392977707)) ;
#1115=CARTESIAN_POINT('Control Point',(-3.33333308142,-3.13412736723,11.6854868232)) ;
#1116=CARTESIAN_POINT('Control Point',(-3.43156092828,-3.06327480963,11.7711683887)) ;
#1117=CARTESIAN_POINT('Control Point',(-3.51290699077,-3.03175314479,11.8823708504)) ;
#1118=CARTESIAN_POINT('Control Point',(-3.56939626751,-3.03837303645,12.0016497714)) ;
#1119=CARTESIAN_POINT('Control Point',(-2.93260679102,-3.10286835562,11.7549156131)) ;
#1120=CARTESIAN_POINT('Control Point',(-3.05416405889,-3.02012695037,11.74458515)) ;
#1121=CARTESIAN_POINT('Control Point',(-3.18672890161,-2.94911498682,11.7780289833)) ;
#1122=CARTESIAN_POINT('Control Point',(-3.31190963785,-2.90379038553,11.8568225961)) ;
#1123=CARTESIAN_POINT('Control Point',(-3.40836560558,-2.89299198915,11.967062728)) ;
#1124=CARTESIAN_POINT('Control Point',(-3.46701107859,-2.91348882147,12.0895882338)) ;
#1125=CARTESIAN_POINT('Control Point',(-2.83943596961,-2.80146402912,11.8504891631)) ;
#1126=CARTESIAN_POINT('Control Point',(-2.9812871877,-2.75886692458,11.8253833142)) ;
#1127=CARTESIAN_POINT('Control Point',(-3.13473622649,-2.7278328999,11.8486892488)) ;
#1128=CARTESIAN_POINT('Control Point',(-3.27546505226,-2.71655424813,11.9250078099)) ;
#1129=CARTESIAN_POINT('Control Point',(-3.37629736152,-2.72791272911,12.0396104214)) ;
#1130=CARTESIAN_POINT('Control Point',(-3.42854166654,-2.75676129514,12.1700002324)) ;
#1131=CARTESIAN_POINT('Control Point',(-2.85851054226,-2.5,11.9091946613)) ;
#1132=CARTESIAN_POINT('Control Point',(-3.00363681561,-2.5023049791,11.8738767878)) ;
#1133=CARTESIAN_POINT('Control Point',(-3.16152022152,-2.51576710837,11.8917079836)) ;
#1134=CARTESIAN_POINT('Control Point',(-3.30487857293,-2.5400705434,11.9699308469)) ;
#1135=CARTESIAN_POINT('Control Point',(-3.40315659843,-2.5700352717,12.0918730262)) ;
#1136=CARTESIAN_POINT('Control Point',(-3.44837922209,-2.6,12.2310539505)) ;
#1138=CARTESIAN_POINT('Control Point',(-3.71164991242,-3.4615385376,11.4232835185)) ;
#1139=CARTESIAN_POINT('Control Point',(-3.63209300639,-3.46153865597,11.449133117)) ;
#1140=CARTESIAN_POINT('Control Point',(-3.55312079994,-3.45244208807,11.4767835639)) ;
#1141=CARTESIAN_POINT('Control Point',(-3.47596853684,-3.43424843944,11.5058335451)) ;
#1142=CARTESIAN_POINT('Control Point',(-3.30505827927,-3.37193272667,11.5749959587)) ;
#1143=CARTESIAN_POINT('Control Point',(-3.15625439711,-3.26557629741,11.6465677336)) ;
#1144=CARTESIAN_POINT('Control Point',(-3.08157500011,-3.19244090469,11.6867812369)) ;
#1145=CARTESIAN_POINT('Control Point',(-2.95573842675,-3.02462690672,11.7641929386)) ;
#1146=CARTESIAN_POINT('Control Point',(-2.88193267269,-2.82375355765,11.8317212072)) ;
#1147=CARTESIAN_POINT('Control Point',(-2.85937093716,-2.71770973407,11.8619901598)) ;
#1148=CARTESIAN_POINT('Control Point',(-2.85162270784,-2.60885875945,11.8879960867)) ;
#1149=CARTESIAN_POINT('Control Point',(-2.85851054226,-2.5,11.9091946613)) ;
#1150=CARTESIAN_POINT('Vertex',(-3.71164998199,-3.46153842761,11.4232835089)) ;
#1154=CARTESIAN_POINT('Control Point',(-3.71164991242,-3.4615385376,11.4232835185)) ;
#1155=CARTESIAN_POINT('Control Point',(-3.72545085575,-3.30656994144,11.4657586355)) ;
#1156=CARTESIAN_POINT('Control Point',(-3.76012236898,-3.16998939315,11.5724667615)) ;
#1157=CARTESIAN_POINT('Control Point',(-3.81027881935,-3.10000003146,11.726832566)) ;
#1158=CARTESIAN_POINT('Control Point',(-3.86011574917,-3.10000003976,11.8802149111)) ;
#1168=CARTESIAN_POINT('Control Point',(-4.68746536749,-2.50000011461,11.3149311783)) ;
#1169=CARTESIAN_POINT('Control Point',(-4.54929642229,-2.50230510978,11.3716615014)) ;
#1170=CARTESIAN_POINT('Control Point',(-4.43204697908,-2.51576725559,11.4788887789)) ;
#1171=CARTESIAN_POINT('Control Point',(-4.36204588285,-2.54007070461,11.6264363286)) ;
#1172=CARTESIAN_POINT('Control Point',(-4.3542131049,-2.57003544137,11.7828559973)) ;
#1173=CARTESIAN_POINT('Control Point',(-4.39943572821,-2.60000017221,11.9220369211)) ;
#1174=CARTESIAN_POINT('Control Point',(-4.66839047176,-2.80146932343,11.2562246102)) ;
#1175=CARTESIAN_POINT('Control Point',(-4.53887371376,-2.75887157129,11.3192917152)) ;
#1176=CARTESIAN_POINT('Control Point',(-4.42842982306,-2.72783690678,11.4283417272)) ;
#1177=CARTESIAN_POINT('Control Point',(-4.3594367454,-2.71655774592,11.5728030176)) ;
#1178=CARTESIAN_POINT('Control Point',(-4.34522330699,-2.72791596543,11.7247861473)) ;
#1179=CARTESIAN_POINT('Control Point',(-4.37959780133,-2.75676452442,11.8609821008)) ;
#1180=CARTESIAN_POINT('Control Point',(-4.53683376795,-3.10287339745,11.2336693641)) ;
#1181=CARTESIAN_POINT('Control Point',(-4.43242019454,-3.02013236463,11.2967612751)) ;
#1182=CARTESIAN_POINT('Control Point',(-4.34483117418,-2.94912078429,11.4017374177)) ;
#1183=CARTESIAN_POINT('Control Point',(-4.28987186347,-2.90379645047,11.5390620627)) ;
#1184=CARTESIAN_POINT('Control Point',(-4.2766350235,-2.89299809295,11.6849435346)) ;
#1185=CARTESIAN_POINT('Control Point',(-4.30120851221,-2.91349476972,11.8185396864)) ;
#1186=CARTESIAN_POINT('Control Point',(-4.29359977323,-3.34302127275,11.2601341854)) ;
#1187=CARTESIAN_POINT('Control Point',(-4.22532550335,-3.23277874911,11.3170874623)) ;
#1188=CARTESIAN_POINT('Control Point',(-4.17183717588,-3.13412432897,11.4130411262)) ;
#1189=CARTESIAN_POINT('Control Point',(-4.14273003037,-3.06327236295,11.5400963368)) ;
#1190=CARTESIAN_POINT('Control Point',(-4.14228182838,-3.03175105721,11.6778753527)) ;
#1191=CARTESIAN_POINT('Control Point',(-4.16669096286,-3.03837106175,11.8075777303)) ;
#1192=CARTESIAN_POINT('Control Point',(-3.99881073101,-3.46153846154,11.3299793153)) ;
#1193=CARTESIAN_POINT('Control Point',(-3.9706058512,-3.33756360147,11.3767110962)) ;
#1194=CARTESIAN_POINT('Control Point',(-3.95571406117,-3.22511311089,11.4611633499)) ;
#1195=CARTESIAN_POINT('Control Point',(-3.95816877302,-3.14161577868,11.5770350118)) ;
#1196=CARTESIAN_POINT('Control Point',(-3.97758990925,-3.1,11.7063849738)) ;
#1197=CARTESIAN_POINT('Control Point',(-4.00943948721,-3.1,11.8316966904)) ;
#1198=CARTESIAN_POINT('Control Point',(-3.71164982132,-3.46153846154,11.4232835509)) ;
#1199=CARTESIAN_POINT('Control Point',(-3.72269062076,-3.33756360147,11.4572636375)) ;
#1200=CARTESIAN_POINT('Control Point',(-3.746088476,-3.22511311088,11.5292748314)) ;
#1201=CARTESIAN_POINT('Control Point',(-3.78037670712,-3.14161577868,11.6348031558)) ;
#1202=CARTESIAN_POINT('Control Point',(-3.82024626065,-3.1,11.7575090244)) ;
#1203=CARTESIAN_POINT('Control Point',(-3.86011581418,-3.1,11.8802148929)) ;
#1205=CARTESIAN_POINT('Control Point',(-4.68746536749,-2.50000011461,11.3149311783)) ;
#1206=CARTESIAN_POINT('Control Point',(-4.68217792221,-2.58356554885,11.298658074)) ;
#1207=CARTESIAN_POINT('Control Point',(-4.66824777143,-2.66712597835,11.2851627099)) ;
#1208=CARTESIAN_POINT('Control Point',(-4.64575739812,-2.74941060821,11.2746917062)) ;
#1209=CARTESIAN_POINT('Control Point',(-4.57491048268,-2.93319091325,11.2579342711)) ;
#1210=CARTESIAN_POINT('Control Point',(-4.4634122708,-3.09684125474,11.258607684)) ;
#1211=CARTESIAN_POINT('Control Point',(-4.38857513741,-3.18031440544,11.2647500042)) ;
#1212=CARTESIAN_POINT('Control Point',(-4.21984313739,-3.32400268084,11.2882421569)) ;
#1213=CARTESIAN_POINT('Control Point',(-4.02285811474,-3.41521386224,11.3323042653)) ;
#1214=CARTESIAN_POINT('Control Point',(-3.91995164818,-3.44609649676,11.358981678)) ;
#1215=CARTESIAN_POINT('Control Point',(-3.81530378846,-3.46153846154,11.3896043353)) ;
#1216=CARTESIAN_POINT('Control Point',(-3.71164982132,-3.46153846154,11.4232835509)) ;
#1217=CARTESIAN_POINT('Vertex',(-4.68746545063,-2.50000018272,11.3149311414)) ;
#1221=CARTESIAN_POINT('Control Point',(-4.68746536749,-2.50000011461,11.3149311783)) ;
#1222=CARTESIAN_POINT('Control Point',(-4.514754186,-2.50288135857,11.3858440822)) ;
#1223=CARTESIAN_POINT('Control Point',(-4.37560075225,-2.52468447041,11.5430208395)) ;
#1224=CARTESIAN_POINT('Control Point',(-4.34290744907,-2.56254425866,11.7480607663)) ;
#1225=CARTESIAN_POINT('Control Point',(-4.39943572821,-2.60000017221,11.9220369211)) ;
#1234=CARTESIAN_POINT('Axis2P3D Location',(-0.951056516295,5.3290705182E-15,-0.309016994375)) ;
#1239=CARTESIAN_POINT('Axis2P3D Location',(-0.914477419515,5.27035680055E-15,-0.297131725361)) ;
#1244=CARTESIAN_POINT('Axis2P3D Location',(-4.7474200616,4.13178379555,11.3749885901)) ;
#1257=CARTESIAN_POINT('Control Point',(-4.54672519957,4.29068760469,10.888860784)) ;
#1258=CARTESIAN_POINT('Control Point',(-4.40928510371,4.29068762635,10.9462499222)) ;
#1259=CARTESIAN_POINT('Control Point',(-4.29321393559,4.290687643,11.0548150775)) ;
#1260=CARTESIAN_POINT('Control Point',(-4.22454836717,4.29068765053,11.2043223629)) ;
#1261=CARTESIAN_POINT('Control Point',(-4.21782962222,4.29068764734,11.3631108028)) ;
#1262=CARTESIAN_POINT('Control Point',(-4.26385479096,4.2906876357,11.5047617063)) ;
#1263=CARTESIAN_POINT('Control Point',(-4.5467251811,4.22599271551,10.8888606939)) ;
#1264=CARTESIAN_POINT('Control Point',(-4.40928508165,4.22677876776,10.9462498297)) ;
#1265=CARTESIAN_POINT('Control Point',(-4.29321391123,4.23115267041,11.0548149897)) ;
#1266=CARTESIAN_POINT('Control Point',(-4.22454834333,4.23900489801,11.2043222871)) ;
#1267=CARTESIAN_POINT('Control Point',(-4.21782960211,4.24867259035,11.3631107426)) ;
#1268=CARTESIAN_POINT('Control Point',(-4.26385477643,4.25834025915,11.5047616616)) ;
#1269=CARTESIAN_POINT('Control Point',(-4.54855211741,4.16130044753,10.8937671194)) ;
#1270=CARTESIAN_POINT('Control Point',(-4.41102583036,4.16287253004,10.9510516672)) ;
#1271=CARTESIAN_POINT('Control Point',(-4.29476853437,4.17162016707,11.0592754083)) ;
#1272=CARTESIAN_POINT('Control Point',(-4.22584811021,4.18732431023,11.2082155242)) ;
#1273=CARTESIAN_POINT('Control Point',(-4.21886925336,4.20665930516,11.3663104649)) ;
#1274=CARTESIAN_POINT('Control Point',(-4.26466577222,4.22599424907,11.50725765)) ;
#1275=CARTESIAN_POINT('Control Point',(-4.55220570194,4.09717936583,10.9035791982)) ;
#1276=CARTESIAN_POINT('Control Point',(-4.41450703305,4.09951013142,10.9606545316)) ;
#1277=CARTESIAN_POINT('Control Point',(-4.29787750692,4.11258319996,11.0681954613)) ;
#1278=CARTESIAN_POINT('Control Point',(-4.22844741587,4.13607463379,11.216001312)) ;
#1279=CARTESIAN_POINT('Control Point',(-4.22094837784,4.16500425203,11.3727093592)) ;
#1280=CARTESIAN_POINT('Control Point',(-4.26628763094,4.19393379902,11.5122492178)) ;
#1281=CARTESIAN_POINT('Control Point',(-4.5576520483,4.03419106172,10.9182089901)) ;
#1282=CARTESIAN_POINT('Control Point',(-4.41969896778,4.03722605392,10.9749786801)) ;
#1283=CARTESIAN_POINT('Control Point',(-4.30251574797,4.05452862828,11.0815044256)) ;
#1284=CARTESIAN_POINT('Control Point',(-4.23232539503,4.08567926073,11.227617572)) ;
#1285=CARTESIAN_POINT('Control Point',(-4.22404956037,4.12405950758,11.3822538185)) ;
#1286=CARTESIAN_POINT('Control Point',(-4.26870575191,4.16243967645,11.5196914289)) ;
#1287=CARTESIAN_POINT('Control Point',(-4.56482676639,3.97286813633,10.9374884219)) ;
#1288=CARTESIAN_POINT('Control Point',(-4.42654474527,3.97653116424,10.9938707399)) ;
#1289=CARTESIAN_POINT('Control Point',(-4.30863498956,3.99792395117,11.0990657781)) ;
#1290=CARTESIAN_POINT('Control Point',(-4.23744183816,4.03654455303,11.2429445443)) ;
#1291=CARTESIAN_POINT('Control Point',(-4.22813933495,4.08416140968,11.3948408482)) ;
#1292=CARTESIAN_POINT('Control Point',(-4.27189224005,4.13177819284,11.5294984311)) ;
#1294=CARTESIAN_POINT('Control Point',(-4.54672519957,4.29068760469,10.888860784)) ;
#1295=CARTESIAN_POINT('Control Point',(-4.37492507975,4.29068763176,10.9605972067)) ;
#1296=CARTESIAN_POINT('Control Point',(-4.23746602228,4.29068765065,11.1197331985)) ;
#1297=CARTESIAN_POINT('Control Point',(-4.20632333003,4.29068765025,11.3276980769)) ;
#1298=CARTESIAN_POINT('Control Point',(-4.26385479096,4.2906876357,11.5047617063)) ;
#1307=CARTESIAN_POINT('Axis2P3D Location',(-4.73938305419,1.65,11.3502532247)) ;
#1312=CARTESIAN_POINT('Axis2P3D Location',(-4.73938305419,5.9,11.3502532247)) ;
#1324=CARTESIAN_POINT('Axis2P3D Location',(-2.8372700216,1.65,11.9682872135)) ;
#1329=CARTESIAN_POINT('Line Origine',(-2.72193384186,1.65,11.4817714731)) ;
#1333=CARTESIAN_POINT('Vertex',(-2.72193384186,5.9,11.4817714731)) ;
#1336=CARTESIAN_POINT('Axis2P3D Location',(-2.8372700216,5.9,11.9682872135)) ;
#1348=CARTESIAN_POINT('Axis2P3D Location',(0.,4.675,0.)) ;
#1352=CARTESIAN_POINT('Vertex',(11.6331431896,4.675,7.83393927285)) ;
#1355=CARTESIAN_POINT('Axis2P3D Location',(0.,5.9,0.)) ;
#1359=CARTESIAN_POINT('Vertex',(10.6414065814,5.9,7.11340045046)) ;
#1363=CARTESIAN_POINT('Control Point',(10.6414065814,5.9,7.11340045046)) ;
#1364=CARTESIAN_POINT('Control Point',(10.9719900464,5.49168823916,7.35358339682)) ;
#1365=CARTESIAN_POINT('Control Point',(11.3025695094,5.08335179331,7.59376343284)) ;
#1366=CARTESIAN_POINT('Control Point',(11.6331431897,4.675,7.8339392727)) ;
#1376=CARTESIAN_POINT('Axis2P3D Location',(0.,5.9,0.)) ;
#1380=CARTESIAN_POINT('Vertex',(10.0536213291,5.9,7.92241744483)) ;
#1383=CARTESIAN_POINT('Axis2P3D Location',(0.,4.675,0.)) ;
#1387=CARTESIAN_POINT('Vertex',(11.0453579373,4.675,8.64295626723)) ;
#1391=CARTESIAN_POINT('Control Point',(10.0536213291,5.9,7.92241744483)) ;
#1392=CARTESIAN_POINT('Control Point',(10.3842047941,5.49168823916,8.1626003912)) ;
#1393=CARTESIAN_POINT('Control Point',(10.7147842545,5.08335179331,8.40278043083)) ;
#1394=CARTESIAN_POINT('Control Point',(11.0453579372,4.675,8.64295626738)) ;
#1405=CARTESIAN_POINT('Line Origine',(11.6331431896,-2.4125,7.83393927285)) ;
#1409=CARTESIAN_POINT('Vertex',(11.6331431896,-2.6,7.83393927285)) ;
#1413=CARTESIAN_POINT('Control Point',(11.6331431896,-2.6,7.83393927285)) ;
#1414=CARTESIAN_POINT('Control Point',(11.6331431896,-2.79635466581,7.83393927285)) ;
#1415=CARTESIAN_POINT('Control Point',(11.5751866127,-2.99517867278,7.92129516575)) ;
#1416=CARTESIAN_POINT('Control Point',(11.4618777229,-3.1,8.08483390183)) ;
#1417=CARTESIAN_POINT('Control Point',(11.3464633461,-3.1,8.2436881634)) ;
#1418=CARTESIAN_POINT('Vertex',(11.3464633461,-3.1,8.2436881634)) ;
#1422=CARTESIAN_POINT('Control Point',(11.0453579373,-2.6,8.64295626723)) ;
#1423=CARTESIAN_POINT('Control Point',(11.0453579373,-2.79635466581,8.64295626723)) ;
#1424=CARTESIAN_POINT('Control Point',(11.1105287613,-2.99517867277,8.56084183165)) ;
#1425=CARTESIAN_POINT('Control Point',(11.2310489693,-3.1,8.40254242497)) ;
#1426=CARTESIAN_POINT('Control Point',(11.3464633461,-3.1,8.2436881634)) ;
#1427=CARTESIAN_POINT('Vertex',(11.0453579373,-2.6,8.64295626723)) ;
#1430=CARTESIAN_POINT('Line Origine',(11.0453579373,-2.4125,8.64295626723)) ;
#1447=CARTESIAN_POINT('Axis2P3D Location',(0.,4.29068759058,0.)) ;
#1451=CARTESIAN_POINT('Vertex',(10.0786897561,4.29068759058,6.13677543995)) ;
#1453=CARTESIAN_POINT('Vertex',(10.3554742303,4.29068759058,-5.65722135553)) ;
#1456=CARTESIAN_POINT('Axis2P3D Location',(11.2330567922,4.29068759058,-6.13664689413)) ;
#1460=CARTESIAN_POINT('Vertex',(10.4009757564,3.9728682451,-5.68207895253)) ;
#1463=CARTESIAN_POINT('Axis2P3D Location',(0.,3.9728682451,0.)) ;
#1467=CARTESIAN_POINT('Vertex',(10.1219298202,3.9728682451,6.16545656249)) ;
#1471=CARTESIAN_POINT('Control Point',(10.121917492,3.97286824526,6.16547680167)) ;
#1472=CARTESIAN_POINT('Control Point',(10.0933560208,4.07507488617,6.14650952747)) ;
#1473=CARTESIAN_POINT('Control Point',(10.0786897609,4.18287551101,6.13677543199)) ;
#1474=CARTESIAN_POINT('Control Point',(10.0786897561,4.29068759058,6.13677543995)) ;
#1483=CARTESIAN_POINT('Axis2P3D Location',(0.,3.9728682451,0.)) ;
#1487=CARTESIAN_POINT('Vertex',(8.99154034218,3.9728682451,7.72130301072)) ;
#1490=CARTESIAN_POINT('Axis2P3D Location',(0.,4.29068759058,0.)) ;
#1494=CARTESIAN_POINT('Vertex',(8.95090668,4.29068759058,7.68903567464)) ;
#1498=CARTESIAN_POINT('Control Point',(8.95090668,4.29068759058,7.68903567464)) ;
#1499=CARTESIAN_POINT('Control Point',(8.95090669003,4.1828627176,7.68903566297)) ;
#1500=CARTESIAN_POINT('Control Point',(8.96469705779,4.07507296196,7.69997643129)) ;
#1501=CARTESIAN_POINT('Control Point',(8.99156145704,3.97286824614,7.72127842163)) ;
#1510=CARTESIAN_POINT('Line Origine',(10.0786897634,5.09534379529,6.13677542794)) ;
#1514=CARTESIAN_POINT('Vertex',(10.0786897634,5.9,6.13677542794)) ;
#1517=CARTESIAN_POINT('Axis2P3D Location',(0.,5.9,0.)) ;
#1521=CARTESIAN_POINT('Vertex',(10.3554742303,5.9,-5.65722135553)) ;
#1524=CARTESIAN_POINT('Line Origine',(10.3554742303,5.09534379529,-5.65722135553)) ;
#1536=CARTESIAN_POINT('Line Origine',(8.95090667771,5.09534379529,7.68903567731)) ;
#1540=CARTESIAN_POINT('Vertex',(8.95090667771,5.9,7.68903567731)) ;
#1543=CARTESIAN_POINT('Axis2P3D Location',(0.,5.9,0.)) ;
#1555=CARTESIAN_POINT('Axis2P3D Location',(-11.8,5.9,0.)) ;
#1560=CARTESIAN_POINT('Line Origine',(9.83884816984,5.9,7.76637561073)) ;
#1564=CARTESIAN_POINT('Vertex',(9.62407501054,5.9,7.61033377662)) ;
#1567=CARTESIAN_POINT('Axis2P3D Location',(9.33018238439,5.9,8.01484227381)) ;
#1581=CARTESIAN_POINT('Axis2P3D Location',(0.293892626146,11.5254878998,-0.404508497187)) ;
#1586=CARTESIAN_POINT('Line Origine',(11.0999794839,-2.6,7.44657316626)) ;
#1590=CARTESIAN_POINT('Vertex',(10.5668157781,-2.6,7.05920705966)) ;
#1593=CARTESIAN_POINT('Line Origine',(10.4266334221,5.9,6.95735861635)) ;
#1597=CARTESIAN_POINT('Vertex',(10.2118602628,5.9,6.80131678224)) ;
#1600=CARTESIAN_POINT('Line Origine',(10.2118602628,5.09534379529,6.80131678224)) ;
#1604=CARTESIAN_POINT('Vertex',(10.2118602051,4.29068742508,6.8013167403)) ;
#1608=CARTESIAN_POINT('Control Point',(10.232901045,4.13178501061,6.81660380534)) ;
#1609=CARTESIAN_POINT('Control Point',(10.22939704,4.14466437659,6.81405799663)) ;
#1610=CARTESIAN_POINT('Control Point',(10.2262478557,4.15769098458,6.81176998032)) ;
#1611=CARTESIAN_POINT('Control Point',(10.223458969,4.1708449985,6.80974373556)) ;
#1612=CARTESIAN_POINT('Control Point',(10.2176879042,4.20241439098,6.80555081157)) ;
#1613=CARTESIAN_POINT('Control Point',(10.2140020104,4.23447258352,6.80287285297)) ;
#1614=CARTESIAN_POINT('Control Point',(10.212574155,4.25317435638,6.80183545526)) ;
#1615=CARTESIAN_POINT('Control Point',(10.2118602259,4.27193097502,6.80131675538)) ;
#1616=CARTESIAN_POINT('Control Point',(10.2118602051,4.29068742508,6.8013167403)) ;
#1617=CARTESIAN_POINT('Vertex',(10.2329010861,4.13178502769,6.81660383521)) ;
#1620=CARTESIAN_POINT('Axis2P3D Location',(0.293892626146,-8.881784197E-14,-0.404508497187)) ;
#1635=CARTESIAN_POINT('Axis2P3D Location',(10.4333022077,-2.6,7.5802377614)) ;
#1641=CARTESIAN_POINT('Control Point',(10.1059143998,-3.1,7.34237659585)) ;
#1642=CARTESIAN_POINT('Control Point',(10.221271963,-3.1,7.18360047709)) ;
#1643=CARTESIAN_POINT('Control Point',(10.3738642687,-2.99511704333,7.04809539789)) ;
#1644=CARTESIAN_POINT('Control Point',(10.5018965348,-2.79595161893,7.01204046848)) ;
#1645=CARTESIAN_POINT('Control Point',(10.5668157781,-2.6,7.05920705966)) ;
#1646=CARTESIAN_POINT('Vertex',(10.1059143998,-3.1,7.34237659585)) ;
#1649=CARTESIAN_POINT('Line Origine',(10.4333022077,-3.1,7.5802377614)) ;
#1661=CARTESIAN_POINT('Axis2P3D Location',(0.,0.,0.)) ;
#1667=CARTESIAN_POINT('Control Point',(8.99154034214,3.97286824509,7.72130301069)) ;
#1668=CARTESIAN_POINT('Control Point',(9.41453423707,2.41834754376,8.0285748865)) ;
#1669=CARTESIAN_POINT('Control Point',(9.61688002152,0.771574261478,8.17559474512)) ;
#1670=CARTESIAN_POINT('Control Point',(9.57877717515,-0.893211602663,8.14795734831)) ;
#1671=CARTESIAN_POINT('Control Point',(9.31262486195,-2.49999981571,7.95455964224)) ;
#1672=CARTESIAN_POINT('Vertex',(9.31263250871,-2.50000018272,7.95455057461)) ;
#1676=CARTESIAN_POINT('Control Point',(9.31263250871,-2.50000018272,7.95455057461)) ;
#1677=CARTESIAN_POINT('Control Point',(9.25020864096,-2.87683711726,7.90919768363)) ;
#1678=CARTESIAN_POINT('Control Point',(9.30415896266,-3.25983074761,7.7001722793)) ;
#1679=CARTESIAN_POINT('Control Point',(9.49538138353,-3.46153846154,7.36531957249)) ;
#1680=CARTESIAN_POINT('Control Point',(9.71722538657,-3.46153846154,7.05997749755)) ;
#1681=CARTESIAN_POINT('Vertex',(9.71722529705,-3.46153842761,7.0599776374)) ;
#1685=CARTESIAN_POINT('Control Point',(9.71722529705,-3.46153842761,7.0599776374)) ;
#1686=CARTESIAN_POINT('Control Point',(9.93906654519,-3.46153829416,6.75463942854)) ;
#1687=CARTESIAN_POINT('Control Point',(10.1984395873,-3.25984122981,6.46929690926)) ;
#1688=CARTESIAN_POINT('Control Point',(10.3805665009,-2.8768300364,6.35339612624)) ;
#1689=CARTESIAN_POINT('Control Point',(10.4429888503,-2.5,6.39874861776)) ;
#1690=CARTESIAN_POINT('Vertex',(10.4429926973,-2.49999994086,6.39874236231)) ;
#1694=CARTESIAN_POINT('Control Point',(10.4429926973,-2.49999994086,6.39874236231)) ;
#1695=CARTESIAN_POINT('Control Point',(10.709169697,-0.893205426849,6.59210875462)) ;
#1696=CARTESIAN_POINT('Control Point',(10.7472388472,0.771574526094,6.61978439202)) ;
#1697=CARTESIAN_POINT('Control Point',(10.5448786246,2.41834172839,6.47279323723)) ;
#1698=CARTESIAN_POINT('Control Point',(10.1219298201,3.97286824509,6.16545656247)) ;
#1700=CARTESIAN_POINT('Axis2P3D Location',(0.,0.,0.)) ;
#1705=CARTESIAN_POINT('Axis2P3D Location',(0.,0.,0.)) ;
#1727=CARTESIAN_POINT('Axis2P3D Location',(-0.293892626146,-3.1,0.404508497187)) ;
#1732=CARTESIAN_POINT('Line Origine',(10.5121942316,-2.6,8.25559016063)) ;
#1736=CARTESIAN_POINT('Vertex',(9.97903049629,-2.6,7.86822403257)) ;
#1739=CARTESIAN_POINT('Axis2P3D Location',(-0.293892626146,-4.4408920985E-14,0.404508497187)) ;
#1743=CARTESIAN_POINT('Vertex',(9.64511574287,4.13178536207,7.62562076348)) ;
#1747=CARTESIAN_POINT('Control Point',(9.62407499724,4.2906876357,7.61033376696)) ;
#1748=CARTESIAN_POINT('Control Point',(9.6240749592,4.25834174179,7.61033373932)) ;
#1749=CARTESIAN_POINT('Control Point',(9.62619797912,4.22599721422,7.61187620358)) ;
#1750=CARTESIAN_POINT('Control Point',(9.63044367114,4.19393820748,7.6149608794)) ;
#1751=CARTESIAN_POINT('Control Point',(9.63677381723,4.16244545058,7.61955999974)) ;
#1752=CARTESIAN_POINT('Control Point',(9.64511540034,4.13178521969,7.62562051462)) ;
#1753=CARTESIAN_POINT('Vertex',(9.62407499724,4.2906876357,7.61033376696)) ;
#1756=CARTESIAN_POINT('Line Origine',(9.62407501054,5.09534379529,7.61033377662)) ;
#1771=CARTESIAN_POINT('Axis2P3D Location',(10.4333022077,-2.6,7.5802377614)) ;
#1777=CARTESIAN_POINT('Control Point',(9.97903049629,-2.6,7.86822403257)) ;
#1778=CARTESIAN_POINT('Control Point',(9.91411007689,-2.79595437197,7.82105658694)) ;
#1779=CARTESIAN_POINT('Control Point',(9.90883879664,-2.9951127932,7.68815173595)) ;
#1780=CARTESIAN_POINT('Control Point',(9.99055552045,-3.1,7.50115447642)) ;
#1781=CARTESIAN_POINT('Control Point',(10.105914402,-3.1,7.34237659746)) ;
#1791=CARTESIAN_POINT('Control Point',(10.121917385,3.97286834363,6.16547669877)) ;
#1792=CARTESIAN_POINT('Control Point',(10.0431856766,3.97653111495,6.29237112234)) ;
#1793=CARTESIAN_POINT('Control Point',(10.0096268186,3.99792368009,6.44678129915)) ;
#1794=CARTESIAN_POINT('Control Point',(10.0366001327,4.03654414389,6.60502788677)) ;
#1795=CARTESIAN_POINT('Control Point',(10.1183565527,4.08416097795,6.73338236015)) ;
#1796=CARTESIAN_POINT('Control Point',(10.2329029959,4.13177784029,6.81660522271)) ;
#1797=CARTESIAN_POINT('Control Point',(10.104780617,4.03419223968,6.15409644452)) ;
#1798=CARTESIAN_POINT('Control Point',(10.0265427065,4.03722700627,6.28111089593)) ;
#1799=CARTESIAN_POINT('Control Point',(9.99435379513,4.05452932682,6.43617057552)) ;
#1800=CARTESIAN_POINT('Control Point',(10.0234517322,4.08567971956,6.59563537698)) ;
#1801=CARTESIAN_POINT('Control Point',(10.1076492576,4.12405979471,6.72560305523)) ;
#1802=CARTESIAN_POINT('Control Point',(10.2245605566,4.16243987807,6.81054408575)) ;
#1803=CARTESIAN_POINT('Control Point',(10.0917740047,4.0971853067,6.14546112494)) ;
#1804=CARTESIAN_POINT('Control Point',(10.0139215755,4.09951585927,6.27257330026)) ;
#1805=CARTESIAN_POINT('Control Point',(9.98277739721,4.11258840754,6.42812886445)) ;
#1806=CARTESIAN_POINT('Control Point',(10.0134854881,4.13607905067,6.5885163074)) ;
#1807=CARTESIAN_POINT('Control Point',(10.0995294094,4.16500777948,6.71970364011)) ;
#1808=CARTESIAN_POINT('Control Point',(10.218229174,4.19393649741,6.80594406705)) ;
#1809=CARTESIAN_POINT('Control Point',(10.0830509043,4.16131197981,6.13967048684)) ;
#1810=CARTESIAN_POINT('Control Point',(10.0054608725,4.16288378002,6.266850595)) ;
#1811=CARTESIAN_POINT('Control Point',(9.97501914876,4.17163052261,6.42273978426)) ;
#1812=CARTESIAN_POINT('Control Point',(10.0068062542,4.18733320572,6.58374530935)) ;
#1813=CARTESIAN_POINT('Control Point',(10.0940862039,4.20666648416,6.71574891954)) ;
#1814=CARTESIAN_POINT('Control Point',(10.213983117,4.22599976673,6.80285912609)) ;
#1815=CARTESIAN_POINT('Control Point',(10.0786897053,4.22600032302,6.13677537707)) ;
#1816=CARTESIAN_POINT('Control Point',(10.0012308244,4.22678615852,6.26398943004)) ;
#1817=CARTESIAN_POINT('Control Point',(9.97114027883,4.23115944667,6.42004541166)) ;
#1818=CARTESIAN_POINT('Control Point',(10.0034668506,4.23901069846,6.58135996068)) ;
#1819=CARTESIAN_POINT('Control Point',(10.0913647808,4.24867726028,6.71377169092)) ;
#1820=CARTESIAN_POINT('Control Point',(10.2118602409,4.25834384655,6.80131676631)) ;
#1821=CARTESIAN_POINT('Control Point',(10.0786896545,4.29068757874,6.13677533026)) ;
#1822=CARTESIAN_POINT('Control Point',(10.0012307664,4.29068748738,6.26398938078)) ;
#1823=CARTESIAN_POINT('Control Point',(9.97114021828,4.29068741438,6.42004536403)) ;
#1824=CARTESIAN_POINT('Control Point',(10.0034667938,4.29068737708,6.58135991875)) ;
#1825=CARTESIAN_POINT('Control Point',(10.0913647332,4.29068738338,6.71377165682)) ;
#1826=CARTESIAN_POINT('Control Point',(10.2118602051,4.29068742508,6.8013167403)) ;
#1828=CARTESIAN_POINT('Control Point',(10.0786896545,4.29068757874,6.13677533026)) ;
#1829=CARTESIAN_POINT('Control Point',(9.98186604442,4.29068746454,6.29579289341)) ;
#1830=CARTESIAN_POINT('Control Point',(9.96419712545,4.2906873802,6.50533303321)) ;
#1831=CARTESIAN_POINT('Control Point',(10.0612408652,4.29068737296,6.69188538595)) ;
#1832=CARTESIAN_POINT('Control Point',(10.2118602051,4.29068742508,6.8013167403)) ;
#1835=CARTESIAN_POINT('Control Point',(10.121917385,3.97286834363,6.16547669877)) ;
#1836=CARTESIAN_POINT('Control Point',(10.0235027495,3.97744680778,6.32409472824)) ;
#1837=CARTESIAN_POINT('Control Point',(10.0005116692,4.01209395256,6.53101151353)) ;
#1838=CARTESIAN_POINT('Control Point',(10.0897199419,4.07225676236,6.71257664451)) ;
#1839=CARTESIAN_POINT('Control Point',(10.2329029959,4.13177784029,6.81660522271)) ;
#1848=CARTESIAN_POINT('Axis2P3D Location',(0.587785252292,2.99760216649E-15,-0.809016994375)) ;
#1853=CARTESIAN_POINT('Axis2P3D Location',(10.8607083949,-2.60000005635,6.65469855569)) ;
#1866=CARTESIAN_POINT('Control Point',(9.71722532761,-3.4615385376,7.05997757418)) ;
#1867=CARTESIAN_POINT('Control Point',(9.74613053624,-3.33756366068,7.08097838225)) ;
#1868=CARTESIAN_POINT('Control Point',(9.80738694019,-3.2251131547,7.12548370989)) ;
#1869=CARTESIAN_POINT('Control Point',(9.89715471833,-3.1416158128,7.19070377151)) ;
#1870=CARTESIAN_POINT('Control Point',(10.001534583,-3.10000003312,7.26654015075)) ;
#1871=CARTESIAN_POINT('Control Point',(10.1059144395,-3.10000003976,7.34237654127)) ;
#1872=CARTESIAN_POINT('Control Point',(9.89469849025,-3.46153896484,6.81570667975)) ;
#1873=CARTESIAN_POINT('Control Point',(9.89934884372,-3.33756399108,6.8700913775)) ;
#1874=CARTESIAN_POINT('Control Point',(9.93694126238,-3.22511339503,6.9471673637)) ;
#1875=CARTESIAN_POINT('Control Point',(10.0070351244,-3.14161599169,7.03946626043)) ;
#1876=CARTESIAN_POINT('Control Point',(10.0987773667,-3.10000019524,7.1326968663)) ;
#1877=CARTESIAN_POINT('Control Point',(10.1982006952,-3.10000022594,7.21535536391)) ;
#1878=CARTESIAN_POINT('Control Point',(10.092131227,-3.34302578262,6.58593065578)) ;
#1879=CARTESIAN_POINT('Control Point',(10.0703735567,-3.23278251288,6.67213588765)) ;
#1880=CARTESIAN_POINT('Control Point',(10.0835018192,-3.13412736723,6.78120216397)) ;
#1881=CARTESIAN_POINT('Control Point',(10.1346357564,-3.06327480965,6.90109945766)) ;
#1882=CARTESIAN_POINT('Control Point',(10.2152582665,-3.03175314479,7.01282761096)) ;
#1883=CARTESIAN_POINT('Control Point',(10.3112431151,-3.03837303645,7.10341131936)) ;
#1884=CARTESIAN_POINT('Control Point',(10.2733637561,-3.10286835562,6.42154349022)) ;
#1885=CARTESIAN_POINT('Control Point',(10.2259756403,-3.02012695037,6.53395903329)) ;
#1886=CARTESIAN_POINT('Control Point',(10.2168178266,-2.94911498682,6.67037040365)) ;
#1887=CARTESIAN_POINT('Control Point',(10.2530720306,-2.90379038553,6.81377292392)) ;
#1888=CARTESIAN_POINT('Control Point',(10.3281100932,-2.89299198915,6.93957407482)) ;
#1889=CARTESIAN_POINT('Control Point',(10.4265163261,-2.91348882147,7.03321169759)) ;
#1890=CARTESIAN_POINT('Control Point',(10.3930509708,-2.80146402912,6.36246662454)) ;
#1891=CARTESIAN_POINT('Control Point',(10.3253394526,-2.75886692458,6.4896170159)) ;
#1892=CARTESIAN_POINT('Control Point',(10.3000863527,-2.7278328999,6.64275765401)) ;
#1893=CARTESIAN_POINT('Control Point',(10.3291820189,-2.71655424813,6.80018245317)) ;
#1894=CARTESIAN_POINT('Control Point',(10.4070166821,-2.72791272911,6.93149383248)) ;
#1895=CARTESIAN_POINT('Control Point',(10.5148803834,-2.75676129514,7.02147378671)) ;
#1896=CARTESIAN_POINT('Control Point',(10.4429888503,-2.5,6.39874861776)) ;
#1897=CARTESIAN_POINT('Control Point',(10.3645530718,-2.5023049791,6.52585808262)) ;
#1898=CARTESIAN_POINT('Control Point',(10.3327228912,-2.51576710837,6.68152426716)) ;
#1899=CARTESIAN_POINT('Control Point',(10.3628170882,-2.5400705434,6.84203835553)) ;
#1900=CARTESIAN_POINT('Control Point',(10.4484214123,-2.5700352717,6.97318851783)) ;
#1901=CARTESIAN_POINT('Control Point',(10.5668157781,-2.6,7.05920705966)) ;
#1903=CARTESIAN_POINT('Control Point',(9.71722532761,-3.4615385376,7.05997757418)) ;
#1904=CARTESIAN_POINT('Control Point',(9.7533568384,-3.30656994144,7.08622858427)) ;
#1905=CARTESIAN_POINT('Control Point',(9.84412821018,-3.16998939315,7.15217777722)) ;
#1906=CARTESIAN_POINT('Control Point',(9.97543961888,-3.10000003146,7.24758105312)) ;
#1907=CARTESIAN_POINT('Control Point',(10.1059144395,-3.10000003976,7.34237654127)) ;
#1917=CARTESIAN_POINT('Control Point',(9.31263256942,-2.50000011461,7.95455050693)) ;
#1918=CARTESIAN_POINT('Control Point',(9.40928286507,-2.50230510978,7.84067466519)) ;
#1919=CARTESIAN_POINT('Control Point',(9.54749413658,-2.51576725559,7.76229886919)) ;
#1920=CARTESIAN_POINT('Control Point',(9.70945172357,-2.54007070461,7.74131857082)) ;
#1921=CARTESIAN_POINT('Control Point',(9.86063613021,-2.57003544137,7.78220549217)) ;
#1922=CARTESIAN_POINT('Control Point',(9.9790304956,-2.60000017221,7.86822403351)) ;
#1923=CARTESIAN_POINT('Control Point',(9.26269377224,-2.80146932343,7.91826787582)) ;
#1924=CARTESIAN_POINT('Control Point',(9.36269703273,-2.75887157129,7.8145789264)) ;
#1925=CARTESIAN_POINT('Control Point',(9.50053879637,-2.72783690678,7.7432388514)) ;
#1926=CARTESIAN_POINT('Control Point',(9.6592496815,-2.71655774592,7.72226352909)) ;
#1927=CARTESIAN_POINT('Control Point',(9.80818642138,-2.72791596543,7.75571111581)) ;
#1928=CARTESIAN_POINT('Control Point',(9.92709416748,-2.75676452442,7.83049006683)) ;
#1929=CARTESIAN_POINT('Control Point',(9.28189571565,-3.10287339745,7.78618006104)) ;
#1930=CARTESIAN_POINT('Control Point',(9.37416525736,-3.02013236463,7.70637332436)) ;
#1931=CARTESIAN_POINT('Control Point',(9.50106999771,-2.94912078429,7.65551062789)) ;
#1932=CARTESIAN_POINT('Control Point',(9.64865685717,-2.90379645047,7.64567686634)) ;
#1933=CARTESIAN_POINT('Control Point',(9.79148879011,-2.89299809295,7.67816773741)) ;
#1934=CARTESIAN_POINT('Control Point',(9.91095265524,-2.91349476972,7.74282199528)) ;
#1935=CARTESIAN_POINT('Control Point',(9.38222869437,-3.34302127275,7.56302886491)) ;
#1936=CARTESIAN_POINT('Control Point',(9.45749238917,-3.23277874911,7.5156957061)) ;
#1937=CARTESIAN_POINT('Control Point',(9.56527854867,-3.13412432897,7.49447659653)) ;
#1938=CARTESIAN_POINT('Control Point',(9.69510983732,-3.06327236297,7.50605627544)) ;
#1939=CARTESIAN_POINT('Control Point',(9.82628397017,-3.03175105721,7.54820606738)) ;
#1940=CARTESIAN_POINT('Control Point',(9.94209542422,-3.03837106175,7.61150077268)) ;
#1941=CARTESIAN_POINT('Control Point',(9.53975018414,-3.46153846154,7.30425115751)) ;
#1942=CARTESIAN_POINT('Control Point',(9.59291053602,-3.33756360147,7.29186763723)) ;
#1943=CARTESIAN_POINT('Control Point',(9.6778312185,-3.22511311089,7.30380188492)) ;
#1944=CARTESIAN_POINT('Control Point',(9.78727316986,-3.14161577868,7.34194276729)) ;
#1945=CARTESIAN_POINT('Control Point',(9.90429083302,-3.1,7.40038470196)) ;
#1946=CARTESIAN_POINT('Control Point',(10.0136272968,-3.1,7.46939890063)) ;
#1947=CARTESIAN_POINT('Control Point',(9.71722538657,-3.46153846154,7.05997749755)) ;
#1948=CARTESIAN_POINT('Control Point',(9.74613057476,-3.33756360147,7.08097834606)) ;
#1949=CARTESIAN_POINT('Control Point',(9.80738695504,-3.22511311088,7.12548371144)) ;
#1950=CARTESIAN_POINT('Control Point',(9.89715470952,-3.14161577868,7.19070380271)) ;
#1951=CARTESIAN_POINT('Control Point',(10.0015345558,-3.1,7.26654020008)) ;
#1952=CARTESIAN_POINT('Control Point',(10.105914402,-3.1,7.34237659746)) ;
#1954=CARTESIAN_POINT('Control Point',(9.31263256942,-2.50000011461,7.95455050693)) ;
#1955=CARTESIAN_POINT('Control Point',(9.43344543898,-2.50288135857,7.81220570476)) ;
#1956=CARTESIAN_POINT('Control Point',(9.62593019413,-2.52468447041,7.72843321397)) ;
#1957=CARTESIAN_POINT('Control Point',(9.83103753886,-2.56254425866,7.76070085684)) ;
#1958=CARTESIAN_POINT('Control Point',(9.9790304956,-2.60000017221,7.86822403351)) ;
#1967=CARTESIAN_POINT('Axis2P3D Location',(-0.587785252292,-1.7763568394E-15,0.809016994375)) ;
#1972=CARTESIAN_POINT('Axis2P3D Location',(9.35122354296,4.13178379555,8.03012957034)) ;
#1985=CARTESIAN_POINT('Control Point',(8.95090664821,4.29068760469,7.68903566049)) ;
#1986=CARTESIAN_POINT('Control Point',(9.04795828741,4.29068762635,7.57605658072)) ;
#1987=CARTESIAN_POINT('Control Point',(9.18707784927,4.290687643,7.4992148179)) ;
#1988=CARTESIAN_POINT('Control Point',(9.35048655487,4.29068765053,7.48011027359)) ;
#1989=CARTESIAN_POINT('Control Point',(9.50357954176,4.29068764734,7.52278869387)) ;
#1990=CARTESIAN_POINT('Control Point',(9.62407499724,4.2906876357,7.61033376696)) ;
#1991=CARTESIAN_POINT('Control Point',(8.95090656823,4.22599271551,7.68903561508)) ;
#1992=CARTESIAN_POINT('Control Point',(9.04795820629,4.22677876776,7.57605653117)) ;
#1993=CARTESIAN_POINT('Control Point',(9.18707777334,4.23115267041,7.49921476761)) ;
#1994=CARTESIAN_POINT('Control Point',(9.35048649016,4.23900489801,7.48011022749)) ;
#1995=CARTESIAN_POINT('Control Point',(9.50357949072,4.24867259035,7.52278865614)) ;
#1996=CARTESIAN_POINT('Control Point',(9.6240749592,4.25834025915,7.61033373932)) ;
#1997=CARTESIAN_POINT('Control Point',(8.95500830186,4.16130044753,7.69228930364)) ;
#1998=CARTESIAN_POINT('Control Point',(9.05198710417,4.16287253004,7.57919593095)) ;
#1999=CARTESIAN_POINT('Control Point',(9.19083947858,4.17162016707,7.50207164724)) ;
#2000=CARTESIAN_POINT('Control Point',(9.35378752858,4.18732431023,7.48254945566)) ;
#2001=CARTESIAN_POINT('Control Point',(9.50630133757,4.20665930516,7.52476619181)) ;
#2002=CARTESIAN_POINT('Control Point',(9.62619817375,4.22599424907,7.61187634499)) ;
#2003=CARTESIAN_POINT('Control Point',(8.96321112356,4.09717936583,7.69879616809)) ;
#2004=CARTESIAN_POINT('Control Point',(9.06004422017,4.09951013142,7.58547419976)) ;
#2005=CARTESIAN_POINT('Control Point',(9.19836222769,4.11258319996,7.50778490379)) ;
#2006=CARTESIAN_POINT('Control Point',(9.36038902327,4.13607463379,7.48742748303)) ;
#2007=CARTESIAN_POINT('Control Point',(9.51174456289,4.16500425203,7.52872092377)) ;
#2008=CARTESIAN_POINT('Control Point',(9.63044425499,4.19393379902,7.61496130358)) ;
#2009=CARTESIAN_POINT('Control Point',(8.97544186895,4.03419106172,7.70849680563)) ;
#2010=CARTESIAN_POINT('Control Point',(9.07206289887,4.03722605392,7.59483842843)) ;
#2011=CARTESIAN_POINT('Control Point',(9.20958650964,4.05452862828,7.51630882932)) ;
#2012=CARTESIAN_POINT('Control Point',(9.37023838151,4.08567926073,7.49470528211)) ;
#2013=CARTESIAN_POINT('Control Point',(9.519863565,4.12405950758,7.53461972376)) ;
#2014=CARTESIAN_POINT('Control Point',(9.63677497788,4.16243967645,7.619560843)) ;
#2015=CARTESIAN_POINT('Control Point',(8.99156058838,3.97286813633,7.72127804008)) ;
#2016=CARTESIAN_POINT('Control Point',(9.08791485379,3.97653116424,7.60718711723)) ;
#2017=CARTESIAN_POINT('Control Point',(9.22439739875,3.99792395117,7.52755533028)) ;
#2018=CARTESIAN_POINT('Control Point',(9.38323413051,4.03654455303,7.5043076036)) ;
#2019=CARTESIAN_POINT('Control Point',(9.53057073179,4.08416140968,7.54239893661)) ;
#2020=CARTESIAN_POINT('Control Point',(9.64511731215,4.13177819284,7.62562190363)) ;
#2022=CARTESIAN_POINT('Control Point',(8.95090664821,4.29068760469,7.68903566049)) ;
#2023=CARTESIAN_POINT('Control Point',(9.0722211972,4.29068763176,7.54781181078)) ;
#2024=CARTESIAN_POINT('Control Point',(9.26604570395,4.29068765065,7.46625620433)) ;
#2025=CARTESIAN_POINT('Control Point',(9.47345567789,4.29068765025,7.5009024256)) ;
#2026=CARTESIAN_POINT('Control Point',(9.62407499724,4.2906876357,7.61033376696)) ;
#2035=CARTESIAN_POINT('Axis2P3D Location',(9.33018238439,1.65,8.01484227381)) ;
#2047=CARTESIAN_POINT('Axis2P3D Location',(10.505752889,1.65,6.39680828506)) ;
#2052=CARTESIAN_POINT('Axis2P3D Location',(10.505752889,5.9,6.39680828506)) ;
#2064=CARTESIAN_POINT('Axis2P3D Location',(0.,5.9,0.)) ;
#2068=CARTESIAN_POINT('Vertex',(10.6414065814,5.9,-7.11340045046)) ;
#2071=CARTESIAN_POINT('Axis2P3D Location',(0.,4.675,0.)) ;
#2075=CARTESIAN_POINT('Vertex',(11.6331431896,4.675,-7.83393927285)) ;
#2079=CARTESIAN_POINT('Control Point',(10.6414065814,5.9,-7.11340045046)) ;
#2080=CARTESIAN_POINT('Control Point',(10.9719900538,5.49168822999,-7.35358340221)) ;
#2081=CARTESIAN_POINT('Control Point',(11.3025695099,5.08335179222,-7.59376343405)) ;
#2082=CARTESIAN_POINT('Control Point',(11.6331431896,4.675,-7.83393927277)) ;
#2091=CARTESIAN_POINT('Axis2P3D Location',(0.,4.675,0.)) ;
#2095=CARTESIAN_POINT('Vertex',(11.0453579373,4.675,-8.64295626723)) ;
#2098=CARTESIAN_POINT('Line Origine',(11.0453579373,-2.4125,-8.64295626723)) ;
#2102=CARTESIAN_POINT('Vertex',(11.0453579373,-2.6,-8.64295626723)) ;
#2106=CARTESIAN_POINT('Control Point',(11.0453579373,-2.6,-8.64295626723)) ;
#2107=CARTESIAN_POINT('Control Point',(11.0453579373,-2.79635466581,-8.64295626723)) ;
#2108=CARTESIAN_POINT('Control Point',(11.1105287613,-2.99517867279,-8.56084183164)) ;
#2109=CARTESIAN_POINT('Control Point',(11.2310489693,-3.1,-8.40254242497)) ;
#2110=CARTESIAN_POINT('Control Point',(11.3464633461,-3.1,-8.2436881634)) ;
#2111=CARTESIAN_POINT('Vertex',(11.3464633461,-3.1,-8.2436881634)) ;
#2115=CARTESIAN_POINT('Control Point',(11.6331431896,-2.6,-7.83393927285)) ;
#2116=CARTESIAN_POINT('Control Point',(11.6331431896,-2.79635466582,-7.83393927285)) ;
#2117=CARTESIAN_POINT('Control Point',(11.5751866127,-2.99517867276,-7.92129516574)) ;
#2118=CARTESIAN_POINT('Control Point',(11.4618777229,-3.1,-8.08483390183)) ;
#2119=CARTESIAN_POINT('Control Point',(11.3464633461,-3.1,-8.2436881634)) ;
#2120=CARTESIAN_POINT('Vertex',(11.6331431896,-2.6,-7.83393927285)) ;
#2123=CARTESIAN_POINT('Line Origine',(11.6331431896,-2.4125,-7.83393927285)) ;
#2142=CARTESIAN_POINT('Axis2P3D Location',(0.,5.9,0.)) ;
#2146=CARTESIAN_POINT('Vertex',(10.0786897634,5.9,-6.13677542794)) ;
#2149=CARTESIAN_POINT('Line Origine',(10.4266334221,5.9,-6.95735861635)) ;
#2153=CARTESIAN_POINT('Vertex',(10.2118602628,5.9,-6.80131678224)) ;
#2156=CARTESIAN_POINT('Axis2P3D Location',(10.505752889,5.9,-6.39680828506)) ;
#2173=CARTESIAN_POINT('Line Origine',(10.0786897634,5.09534379529,-6.13677542794)) ;
#2177=CARTESIAN_POINT('Vertex',(10.0786897616,4.29068759058,-6.13677543094)) ;
#2180=CARTESIAN_POINT('Axis2P3D Location',(0.,4.29068759058,0.)) ;
#2192=CARTESIAN_POINT('Axis2P3D Location',(0.,3.9728682451,0.)) ;
#2196=CARTESIAN_POINT('Vertex',(10.121934314,3.9728682451,-6.16544918493)) ;
#2200=CARTESIAN_POINT('Control Point',(10.0786897616,4.29068759058,-6.13677543094)) ;
#2201=CARTESIAN_POINT('Control Point',(10.0786897536,4.1828627176,-6.13677544409)) ;
#2202=CARTESIAN_POINT('Control Point',(10.0933565006,4.07507296196,-6.14650997987)) ;
#2203=CARTESIAN_POINT('Control Point',(10.1219174532,3.97286824614,-6.1654768648)) ;
#2212=CARTESIAN_POINT('Axis2P3D Location',(-0.293892626146,11.5254878998,-0.404508497187)) ;
#2217=CARTESIAN_POINT('Line Origine',(10.5121942316,-2.6,-8.25559016063)) ;
#2221=CARTESIAN_POINT('Vertex',(9.97903052583,-2.6,-7.86822405403)) ;
#2225=CARTESIAN_POINT('Control Point',(10.0536213291,5.9,-7.92241744483)) ;
#2226=CARTESIAN_POINT('Control Point',(10.2519714126,5.655012938,-8.06652721589)) ;
#2227=CARTESIAN_POINT('Control Point',(10.4503201521,5.41001857881,-8.2106360105)) ;
#2228=CARTESIAN_POINT('Control Point',(10.6486679048,5.1650173379,-8.3547440882)) ;
#2229=CARTESIAN_POINT('Control Point',(10.847013729,4.92001107533,-8.49885076471)) ;
#2230=CARTESIAN_POINT('Control Point',(11.0453579373,4.675,-8.64295626723)) ;
#2231=CARTESIAN_POINT('Vertex',(10.0536213291,5.9,-7.92241744483)) ;
#2234=CARTESIAN_POINT('Line Origine',(9.83884816984,5.9,-7.76637561073)) ;
#2238=CARTESIAN_POINT('Vertex',(9.62407501054,5.9,-7.61033377662)) ;
#2241=CARTESIAN_POINT('Line Origine',(9.62407501054,5.09534379529,-7.61033377662)) ;
#2245=CARTESIAN_POINT('Vertex',(9.6240749528,4.29068742508,-7.61033373467)) ;
#2249=CARTESIAN_POINT('Control Point',(9.64511579275,4.13178501061,-7.62562079972)) ;
#2250=CARTESIAN_POINT('Control Point',(9.64161178766,4.14466437659,-7.623074991)) ;
#2251=CARTESIAN_POINT('Control Point',(9.63846260338,4.15769098458,-7.62078697469)) ;
#2252=CARTESIAN_POINT('Control Point',(9.63567371673,4.1708449985,-7.61876072994)) ;
#2253=CARTESIAN_POINT('Control Point',(9.62990265195,4.20241439098,-7.61456780594)) ;
#2254=CARTESIAN_POINT('Control Point',(9.62621675816,4.23447258352,-7.61188984735)) ;
#2255=CARTESIAN_POINT('Control Point',(9.6247889027,4.25317435638,-7.61085244964)) ;
#2256=CARTESIAN_POINT('Control Point',(9.62407497357,4.27193097502,-7.61033374976)) ;
#2257=CARTESIAN_POINT('Control Point',(9.6240749528,4.29068742508,-7.61033373467)) ;
#2258=CARTESIAN_POINT('Vertex',(9.64511583385,4.13178502769,-7.62562082958)) ;
#2261=CARTESIAN_POINT('Axis2P3D Location',(-0.293892626146,-5.68434188608E-14,-0.404508497188)) ;
#2276=CARTESIAN_POINT('Axis2P3D Location',(10.4333022077,-2.6,-7.5802377614)) ;
#2282=CARTESIAN_POINT('Control Point',(10.1059143998,-3.1,-7.34237659585)) ;
#2283=CARTESIAN_POINT('Control Point',(9.9905567849,-3.1,-7.50115267703)) ;
#2284=CARTESIAN_POINT('Control Point',(9.908837412,-2.99511704333,-7.68814995601)) ;
#2285=CARTESIAN_POINT('Control Point',(9.91411128248,-2.79595161893,-7.82105746285)) ;
#2286=CARTESIAN_POINT('Control Point',(9.97903052583,-2.6,-7.86822405403)) ;
#2287=CARTESIAN_POINT('Vertex',(10.1059143998,-3.1,-7.34237659585)) ;
#2290=CARTESIAN_POINT('Line Origine',(10.4333022077,-3.1,-7.5802377614)) ;
#2302=CARTESIAN_POINT('Axis2P3D Location',(0.293892626146,-3.1,0.404508497187)) ;
#2307=CARTESIAN_POINT('Line Origine',(11.0999794839,-2.6,-7.44657316626)) ;
#2311=CARTESIAN_POINT('Vertex',(10.5668157486,-2.6,-7.05920703819)) ;
#2314=CARTESIAN_POINT('Axis2P3D Location',(0.293892626146,-1.06581410364E-13,0.404508497187)) ;
#2318=CARTESIAN_POINT('Vertex',(10.2329009952,4.13178536207,-6.8166037691)) ;
#2322=CARTESIAN_POINT('Control Point',(10.2118602495,4.2906876357,-6.80131677258)) ;
#2323=CARTESIAN_POINT('Control Point',(10.2118602115,4.25834174179,-6.80131674494)) ;
#2324=CARTESIAN_POINT('Control Point',(10.2139832314,4.22599721423,-6.80285920921)) ;
#2325=CARTESIAN_POINT('Control Point',(10.2182289234,4.19393820749,-6.80594388502)) ;
#2326=CARTESIAN_POINT('Control Point',(10.2245590695,4.16244545058,-6.81054300536)) ;
#2327=CARTESIAN_POINT('Control Point',(10.2329006526,4.13178521969,-6.81660352024)) ;
#2328=CARTESIAN_POINT('Vertex',(10.2118602495,4.2906876357,-6.80131677258)) ;
#2331=CARTESIAN_POINT('Line Origine',(10.2118602628,5.09534379529,-6.80131678224)) ;
#2346=CARTESIAN_POINT('Axis2P3D Location',(10.4333022077,-2.6,-7.5802377614)) ;
#2352=CARTESIAN_POINT('Control Point',(10.5668157486,-2.6,-7.05920703819)) ;
#2353=CARTESIAN_POINT('Control Point',(10.5018953292,-2.79595437197,-7.01203959256)) ;
#2354=CARTESIAN_POINT('Control Point',(10.3738663894,-2.9951127932,-7.04809616472)) ;
#2355=CARTESIAN_POINT('Control Point',(10.2212732836,-3.1,-7.18359871849)) ;
#2356=CARTESIAN_POINT('Control Point',(10.105914402,-3.1,-7.34237659746)) ;
#2366=CARTESIAN_POINT('Control Point',(8.99156127806,3.97286834363,-7.7212784081)) ;
#2367=CARTESIAN_POINT('Control Point',(9.08791561058,3.97653111495,-7.60718757036)) ;
#2368=CARTESIAN_POINT('Control Point',(9.22439815799,3.99792368009,-7.52755583109)) ;
#2369=CARTESIAN_POINT('Control Point',(9.38323481878,4.03654414389,-7.50430809235)) ;
#2370=CARTESIAN_POINT('Control Point',(9.53057130026,4.08416097795,-7.54239935474)) ;
#2371=CARTESIAN_POINT('Control Point',(9.64511774358,4.13177784029,-7.62562221708)) ;
#2372=CARTESIAN_POINT('Control Point',(8.97544246056,4.03419223968,-7.70849706516)) ;
#2373=CARTESIAN_POINT('Control Point',(9.07206353827,4.03722700627,-7.59483876651)) ;
#2374=CARTESIAN_POINT('Control Point',(9.20958713632,4.05452932682,-7.51630921648)) ;
#2375=CARTESIAN_POINT('Control Point',(9.37023893193,4.08567971956,-7.49470566547)) ;
#2376=CARTESIAN_POINT('Control Point',(9.51986400546,4.12405979471,-7.53462004934)) ;
#2377=CARTESIAN_POINT('Control Point',(9.63677530426,4.16243987807,-7.61956108013)) ;
#2378=CARTESIAN_POINT('Control Point',(8.96321051936,4.0971853067,-7.69879550227)) ;
#2379=CARTESIAN_POINT('Control Point',(9.06004365833,4.09951585927,-7.58547361985)) ;
#2380=CARTESIAN_POINT('Control Point',(9.19836171092,4.11258840754,-7.5077844332)) ;
#2381=CARTESIAN_POINT('Control Point',(9.36038855562,4.13607905067,-7.48742711758)) ;
#2382=CARTESIAN_POINT('Control Point',(9.51174415719,4.16500777948,-7.52872063437)) ;
#2383=CARTESIAN_POINT('Control Point',(9.63044392168,4.19393649741,-7.61496106142)) ;
#2384=CARTESIAN_POINT('Control Point',(8.95500770899,4.16131197981,-7.69228874636)) ;
#2385=CARTESIAN_POINT('Control Point',(9.05198654118,4.16288378002,-7.57919542627)) ;
#2386=CARTESIAN_POINT('Control Point',(9.19083896048,4.17163052261,-7.50207121781)) ;
#2387=CARTESIAN_POINT('Control Point',(9.35378707005,4.18733320572,-7.48254910812)) ;
#2388=CARTESIAN_POINT('Control Point',(9.50630095141,4.20666648416,-7.52476591414)) ;
#2389=CARTESIAN_POINT('Control Point',(9.62619786472,4.22599976673,-7.61187612046)) ;
#2390=CARTESIAN_POINT('Control Point',(8.95090661137,4.22600032302,-7.68903563778)) ;
#2391=CARTESIAN_POINT('Control Point',(9.04795825485,4.22678615852,-7.57605656007)) ;
#2392=CARTESIAN_POINT('Control Point',(9.18707782313,4.23115944667,-7.49921480021)) ;
#2393=CARTESIAN_POINT('Control Point',(9.35048653618,4.23901069846,-7.48011025983)) ;
#2394=CARTESIAN_POINT('Control Point',(9.50357952927,4.24867726028,-7.52278868422)) ;
#2395=CARTESIAN_POINT('Control Point',(9.62407498861,4.25834384655,-7.61033376068)) ;
#2396=CARTESIAN_POINT('Control Point',(8.95090655116,4.29068757874,-7.68903560395)) ;
#2397=CARTESIAN_POINT('Control Point',(9.04795819009,4.29068748738,-7.57605652015)) ;
#2398=CARTESIAN_POINT('Control Point',(9.18707775912,4.29068741438,-7.49921475734)) ;
#2399=CARTESIAN_POINT('Control Point',(9.35048647875,4.29068737708,-7.48011021877)) ;
#2400=CARTESIAN_POINT('Control Point',(9.50357948211,4.29068738338,-7.52278864947)) ;
#2401=CARTESIAN_POINT('Control Point',(9.6240749528,4.29068742508,-7.61033373467)) ;
#2403=CARTESIAN_POINT('Control Point',(8.95090655116,4.29068757874,-7.68903560395)) ;
#2404=CARTESIAN_POINT('Control Point',(9.07222109982,4.29068746454,-7.5478117492)) ;
#2405=CARTESIAN_POINT('Control Point',(9.26604561897,4.2906873802,-7.46625614448)) ;
#2406=CARTESIAN_POINT('Control Point',(9.47345561444,4.29068737296,-7.50090237817)) ;
#2407=CARTESIAN_POINT('Control Point',(9.6240749528,4.29068742508,-7.61033373467)) ;
#2408=CARTESIAN_POINT('Vertex',(8.95090668687,4.29068759058,-7.68903566664)) ;
#2412=CARTESIAN_POINT('Control Point',(8.99156127806,3.97286834363,-7.7212784081)) ;
#2413=CARTESIAN_POINT('Control Point',(8.98478996659,3.99862973713,-7.71590912751)) ;
#2414=CARTESIAN_POINT('Control Point',(8.97870458536,4.0246856949,-7.71108334614)) ;
#2415=CARTESIAN_POINT('Control Point',(8.97331563004,4.0509965407,-7.70680955188)) ;
#2416=CARTESIAN_POINT('Control Point',(8.96216530553,4.11413813655,-7.69796616712)) ;
#2417=CARTESIAN_POINT('Control Point',(8.95504421288,4.17825765373,-7.69231771012)) ;
#2418=CARTESIAN_POINT('Control Point',(8.95228579443,4.21566129835,-7.6901296479)) ;
#2419=CARTESIAN_POINT('Control Point',(8.95090658608,4.2531746214,-7.68903562357)) ;
#2420=CARTESIAN_POINT('Control Point',(8.95090655116,4.29068757874,-7.68903560395)) ;
#2421=CARTESIAN_POINT('Vertex',(8.99154597,3.9728682451,-7.72129645706)) ;
#2425=CARTESIAN_POINT('Control Point',(8.99156127806,3.97286834363,-7.7212784081)) ;
#2426=CARTESIAN_POINT('Control Point',(9.11200419371,3.97744680778,-7.57866486093)) ;
#2427=CARTESIAN_POINT('Control Point',(9.30168911618,4.01209395256,-7.49285824118)) ;
#2428=CARTESIAN_POINT('Control Point',(9.50193468943,4.07225676236,-7.52159363916)) ;
#2429=CARTESIAN_POINT('Control Point',(9.64511774358,4.13177784029,-7.62562221708)) ;
#2438=CARTESIAN_POINT('Axis2P3D Location',(-0.587785252292,3.99680288865E-15,-0.809016994375)) ;
#2443=CARTESIAN_POINT('Axis2P3D Location',(-0.565178127204,3.99546848598E-15,-0.77790095613)) ;
#2447=CARTESIAN_POINT('Vertex',(9.31262783538,-2.49999994086,-7.95455612183)) ;
#2450=CARTESIAN_POINT('Axis2P3D Location',(9.68513789035,-2.60000005635,-8.27273254444)) ;
#2463=CARTESIAN_POINT('Control Point',(9.71722544122,-3.4615385376,-7.0599774178)) ;
#2464=CARTESIAN_POINT('Control Point',(9.74613059728,-3.33756366068,-7.08097829824)) ;
#2465=CARTESIAN_POINT('Control Point',(9.80738694898,-3.2251131547,-7.1254836978)) ;
#2466=CARTESIAN_POINT('Control Point',(9.89715468257,-3.1416158128,-7.19070382074)) ;
#2467=CARTESIAN_POINT('Control Point',(10.0015345173,-3.10000003312,-7.26654024122)) ;
#2468=CARTESIAN_POINT('Control Point',(10.1059143602,-3.10000003976,-7.34237665042)) ;
#2469=CARTESIAN_POINT('Control Point',(9.53975223864,-3.46153896484,-7.30424828321)) ;
#2470=CARTESIAN_POINT('Control Point',(9.59291219807,-3.33756399108,-7.29186523634)) ;
#2471=CARTESIAN_POINT('Control Point',(9.67783251322,-3.22511339503,-7.30379996148)) ;
#2472=CARTESIAN_POINT('Control Point',(9.78727417497,-3.14161599169,-7.34194125807)) ;
#2473=CARTESIAN_POINT('Control Point',(9.90429166217,-3.10000019524,-7.40038347377)) ;
#2474=CARTESIAN_POINT('Control Point',(10.0136280631,-3.10000022594,-7.46939779773)) ;
#2475=CARTESIAN_POINT('Control Point',(9.38223232464,-3.34302578262,-7.56302267033)) ;
#2476=CARTESIAN_POINT('Control Point',(9.45749488227,-3.23278251288,-7.51569101458)) ;
#2477=CARTESIAN_POINT('Control Point',(9.5652799313,-3.13412736723,-7.49447340127)) ;
#2478=CARTESIAN_POINT('Control Point',(9.69511028935,-3.06327480963,-7.50605436414)) ;
#2479=CARTESIAN_POINT('Control Point',(9.82628380334,-3.03175314479,-7.54820502962)) ;
#2480=CARTESIAN_POINT('Control Point',(9.94209497889,-3.03837303644,-7.61150013999)) ;
#2481=CARTESIAN_POINT('Control Point',(9.28189477107,-3.10286835562,-7.7861834759)) ;
#2482=CARTESIAN_POINT('Control Point',(9.37416457274,-3.02012695036,-7.70637638637)) ;
#2483=CARTESIAN_POINT('Control Point',(9.50106957535,-2.94911498681,-7.65551335636)) ;
#2484=CARTESIAN_POINT('Control Point',(9.64865664187,-2.90379038551,-7.6456793375)) ;
#2485=CARTESIAN_POINT('Control Point',(9.79148868276,-2.89299198915,-7.67817008235)) ;
#2486=CARTESIAN_POINT('Control Point',(9.91095255236,-2.91348882147,-7.74282435458)) ;
#2487=CARTESIAN_POINT('Control Point',(9.26269471635,-2.80146402912,-7.9182685368)) ;
#2488=CARTESIAN_POINT('Control Point',(9.36269791477,-2.75886692458,-7.81457942442)) ;
#2489=CARTESIAN_POINT('Control Point',(9.50053967954,-2.7278328999,-7.74323923956)) ;
#2490=CARTESIAN_POINT('Control Point',(9.6592506159,-2.71655424813,-7.72226392417)) ;
#2491=CARTESIAN_POINT('Control Point',(9.80818739256,-2.72791272911,-7.75571164009)) ;
#2492=CARTESIAN_POINT('Control Point',(9.92709513115,-2.75676129514,-7.83049078109)) ;
#2493=CARTESIAN_POINT('Control Point',(9.31263259585,-2.5,-7.95455053002)) ;
#2494=CARTESIAN_POINT('Control Point',(9.40928289217,-2.5023049791,-7.84067468698)) ;
#2495=CARTESIAN_POINT('Control Point',(9.54749416461,-2.51576710837,-7.76229888985)) ;
#2496=CARTESIAN_POINT('Control Point',(9.70945175261,-2.5400705434,-7.74131859084)) ;
#2497=CARTESIAN_POINT('Control Point',(9.86063616004,-2.5700352717,-7.7822055122)) ;
#2498=CARTESIAN_POINT('Control Point',(9.97903052583,-2.6,-7.86822405403)) ;
#2500=CARTESIAN_POINT('Control Point',(9.71722544122,-3.4615385376,-7.0599774178)) ;
#2501=CARTESIAN_POINT('Control Point',(9.66805656503,-3.46153865597,-7.1276525584)) ;
#2502=CARTESIAN_POINT('Control Point',(9.62041923283,-3.45244208807,-7.19644093813)) ;
#2503=CARTESIAN_POINT('Control Point',(9.57507689136,-3.43424843944,-7.26529182906)) ;
#2504=CARTESIAN_POINT('Control Point',(9.47746023517,-3.37193272667,-7.42170392585)) ;
#2505=CARTESIAN_POINT('Control Point',(9.39914419944,-3.26557629741,-7.56707143548)) ;
#2506=CARTESIAN_POINT('Control Point',(9.36236420235,-3.19244090469,-7.64350029129)) ;
#2507=CARTESIAN_POINT('Control Point',(9.30606173263,-3.02462690671,-7.78009255559)) ;
#2508=CARTESIAN_POINT('Control Point',(9.28604374366,-2.82375355765,-7.87810600619)) ;
#2509=CARTESIAN_POINT('Control Point',(9.28558256013,-2.71770973407,-7.91585555866)) ;
#2510=CARTESIAN_POINT('Control Point',(9.29460001124,-2.60885875945,-7.94144909041)) ;
#2511=CARTESIAN_POINT('Control Point',(9.31263259585,-2.5,-7.95455053002)) ;
#2512=CARTESIAN_POINT('Vertex',(9.71722549191,-3.46153842761,-7.0599773692)) ;
#2516=CARTESIAN_POINT('Control Point',(9.71722544122,-3.4615385376,-7.0599774178)) ;
#2517=CARTESIAN_POINT('Control Point',(9.75335688629,-3.30656994144,-7.08622851835)) ;
#2518=CARTESIAN_POINT('Control Point',(9.84412819248,-3.16998939315,-7.15217780158)) ;
#2519=CARTESIAN_POINT('Control Point',(9.97543955654,-3.10000003146,-7.24758113892)) ;
#2520=CARTESIAN_POINT('Control Point',(10.1059143602,-3.10000003976,-7.34237665042)) ;
#2530=CARTESIAN_POINT('Control Point',(10.4429888201,-2.50000011461,-6.39874859975)) ;
#2531=CARTESIAN_POINT('Control Point',(10.3645530427,-2.50230510978,-6.52585806358)) ;
#2532=CARTESIAN_POINT('Control Point',(10.3327228629,-2.51576725559,-6.68152424689)) ;
#2533=CARTESIAN_POINT('Control Point',(10.3628170601,-2.54007070461,-6.8420383341)) ;
#2534=CARTESIAN_POINT('Control Point',(10.4484213841,-2.57003544137,-6.97318849565)) ;
#2535=CARTESIAN_POINT('Control Point',(10.5668157493,-2.60000017221,-7.05920703725)) ;
#2536=CARTESIAN_POINT('Control Point',(10.3930500504,-2.80146932343,-6.36246593089)) ;
#2537=CARTESIAN_POINT('Control Point',(10.3253387064,-2.75887157129,-6.48961633093)) ;
#2538=CARTESIAN_POINT('Control Point',(10.3000857106,-2.72783690678,-6.64275693401)) ;
#2539=CARTESIAN_POINT('Control Point',(10.3291813544,-2.71655774592,-6.80018168658)) ;
#2540=CARTESIAN_POINT('Control Point',(10.4070158834,-2.72791596543,-6.93149307084)) ;
#2541=CARTESIAN_POINT('Control Point',(10.5148794064,-2.75676452442,-7.02147309092)) ;
#2542=CARTESIAN_POINT('Control Point',(10.2733608003,-3.10287339745,-6.42154544382)) ;
#2543=CARTESIAN_POINT('Control Point',(10.2259729397,-3.02013236463,-6.53396063061)) ;
#2544=CARTESIAN_POINT('Control Point',(10.2168153623,-2.94912078429,-6.67037164847)) ;
#2545=CARTESIAN_POINT('Control Point',(10.253069747,-2.90379645047,-6.81377389229)) ;
#2546=CARTESIAN_POINT('Control Point',(10.3281078962,-2.89299809295,-6.93957490154)) ;
#2547=CARTESIAN_POINT('Control Point',(10.426514114,-2.91349476972,-7.0332125245)) ;
#2548=CARTESIAN_POINT('Control Point',(10.0921359966,-3.34302127275,-6.58592528894)) ;
#2549=CARTESIAN_POINT('Control Point',(10.0703772482,-3.23277874911,-6.67213206679)) ;
#2550=CARTESIAN_POINT('Control Point',(10.0835044308,-3.13412432897,-6.78119986161)) ;
#2551=CARTESIAN_POINT('Control Point',(10.1346374345,-3.06327236297,-6.90109843713)) ;
#2552=CARTESIAN_POINT('Control Point',(10.2152593051,-3.03175105721,-7.01282744894)) ;
#2553=CARTESIAN_POINT('Control Point',(10.3112438544,-3.03837106175,-7.10341154738)) ;
#2554=CARTESIAN_POINT('Control Point',(9.89470058899,-3.46153846154,-6.8157038376)) ;
#2555=CARTESIAN_POINT('Control Point',(9.8993506135,-3.33756360147,-6.87008905488)) ;
#2556=CARTESIAN_POINT('Control Point',(9.93694269159,-3.22511311089,-6.94716553797)) ;
#2557=CARTESIAN_POINT('Control Point',(10.0070362492,-3.14161577868,-7.03946483813)) ;
#2558=CARTESIAN_POINT('Control Point',(10.0987782785,-3.1,-7.13269569821)) ;
#2559=CARTESIAN_POINT('Control Point',(10.1982015073,-3.1,-7.21535429428)) ;
#2560=CARTESIAN_POINT('Control Point',(9.71722538657,-3.46153846154,-7.05997749755)) ;
#2561=CARTESIAN_POINT('Control Point',(9.74613057476,-3.33756360147,-7.08097834606)) ;
#2562=CARTESIAN_POINT('Control Point',(9.80738695504,-3.22511311088,-7.12548371144)) ;
#2563=CARTESIAN_POINT('Control Point',(9.89715470952,-3.14161577868,-7.19070380271)) ;
#2564=CARTESIAN_POINT('Control Point',(10.0015345558,-3.1,-7.26654020008)) ;
#2565=CARTESIAN_POINT('Control Point',(10.105914402,-3.1,-7.34237659746)) ;
#2567=CARTESIAN_POINT('Control Point',(10.4429888201,-2.50000011461,-6.39874859975)) ;
#2568=CARTESIAN_POINT('Control Point',(10.4291460964,-2.58356554885,-6.38869126424)) ;
#2569=CARTESIAN_POINT('Control Point',(10.4099439917,-2.66712597835,-6.38596122252)) ;
#2570=CARTESIAN_POINT('Control Point',(10.3855941959,-2.74941060821,-6.39070951231)) ;
#2571=CARTESIAN_POINT('Control Point',(10.3184280641,-2.93319091325,-6.41879523463)) ;
#2572=CARTESIAN_POINT('Control Point',(10.228619938,-3.09684125474,-6.48487704172)) ;
#2573=CARTESIAN_POINT('Control Point',(10.1716857905,-3.18031440544,-6.53383444644)) ;
#2574=CARTESIAN_POINT('Control Point',(10.0489870759,-3.32400268084,-6.65201817838)) ;
#2575=CARTESIAN_POINT('Control Point',(9.91552190241,-3.41521386224,-6.80345006414)) ;
#2576=CARTESIAN_POINT('Control Point',(9.84794941189,-3.44609649676,-6.88551944779)) ;
#2577=CARTESIAN_POINT('Control Point',(9.78128706133,-3.46153846154,-6.97180416662)) ;
#2578=CARTESIAN_POINT('Control Point',(9.71722538657,-3.46153846154,-7.05997749755)) ;
#2579=CARTESIAN_POINT('Vertex',(10.4429888657,-2.50000018272,-6.3987485211)) ;
#2583=CARTESIAN_POINT('Control Point',(10.4429888201,-2.50000011461,-6.39874859975)) ;
#2584=CARTESIAN_POINT('Control Point',(10.3449440983,-2.50288135857,-6.55763542953)) ;
#2585=CARTESIAN_POINT('Control Point',(10.3247527856,-2.52468447041,-6.76658643352)) ;
#2586=CARTESIAN_POINT('Control Point',(10.4188227928,-2.56254425866,-6.95168386025)) ;
#2587=CARTESIAN_POINT('Control Point',(10.5668157493,-2.60000017221,-7.05920703725)) ;
#2596=CARTESIAN_POINT('Axis2P3D Location',(0.587785252292,-8.881784197E-16,0.809016994375)) ;
#2601=CARTESIAN_POINT('Axis2P3D Location',(0.565178127204,-9.14866473177E-16,0.77790095613)) ;
#2606=CARTESIAN_POINT('Axis2P3D Location',(10.5267940475,4.13178379555,-6.41209558159)) ;
#2619=CARTESIAN_POINT('Control Point',(10.0786897383,4.29068760469,-6.13677540508)) ;
#2620=CARTESIAN_POINT('Control Point',(10.0012308541,4.29068762635,-6.26398945461)) ;
#2621=CARTESIAN_POINT('Control Point',(9.97114030373,4.290687643,-6.42004543106)) ;
#2622=CARTESIAN_POINT('Control Point',(10.0034668694,4.29068765053,-6.58135997421)) ;
#2623=CARTESIAN_POINT('Control Point',(10.0913647938,4.29068764734,-6.71377169982)) ;
#2624=CARTESIAN_POINT('Control Point',(10.2118602495,4.2906876357,-6.80131677258)) ;
#2625=CARTESIAN_POINT('Control Point',(10.0786896704,4.22599271551,-6.13677534305)) ;
#2626=CARTESIAN_POINT('Control Point',(10.0012307819,4.22677876776,-6.26398939278)) ;
#2627=CARTESIAN_POINT('Control Point',(9.97114023244,4.23115267041,-6.42004537438)) ;
#2628=CARTESIAN_POINT('Control Point',(10.0034668056,4.23900489801,-6.5813599269)) ;
#2629=CARTESIAN_POINT('Control Point',(10.0913647422,4.24867259035,-6.71377166294)) ;
#2630=CARTESIAN_POINT('Control Point',(10.2118602115,4.25834025915,-6.80131674494)) ;
#2631=CARTESIAN_POINT('Control Point',(10.0830516175,4.16130044753,-6.13967087849)) ;
#2632=CARTESIAN_POINT('Control Point',(10.0054615265,4.16287253004,-6.26685097448)) ;
#2633=CARTESIAN_POINT('Control Point',(9.97501971728,4.17162016707,-6.42274014431)) ;
#2634=CARTESIAN_POINT('Control Point',(10.0068067264,4.18732431023,-6.58374563805)) ;
#2635=CARTESIAN_POINT('Control Point',(10.0940865873,4.20665930516,-6.71574920099)) ;
#2636=CARTESIAN_POINT('Control Point',(10.213983426,4.22599424907,-6.80285935062)) ;
#2637=CARTESIAN_POINT('Control Point',(10.0917748246,4.09717936583,-6.14546149382)) ;
#2638=CARTESIAN_POINT('Control Point',(10.0139223007,4.09951013142,-6.2725736554)) ;
#2639=CARTESIAN_POINT('Control Point',(9.98277800447,4.11258319996,-6.42812921051)) ;
#2640=CARTESIAN_POINT('Control Point',(10.0134859802,4.13607463379,-6.58851663923)) ;
#2641=CARTESIAN_POINT('Control Point',(10.09952981,4.16500425203,-6.71970393651)) ;
#2642=CARTESIAN_POINT('Control Point',(10.2182295073,4.19393379902,-6.80594430921)) ;
#2643=CARTESIAN_POINT('Control Point',(10.1047801874,4.03419106172,-6.15409596207)) ;
#2644=CARTESIAN_POINT('Control Point',(10.0265421874,4.03722605392,-6.2811103923)) ;
#2645=CARTESIAN_POINT('Control Point',(9.99435323326,4.05452862828,-6.43617009915)) ;
#2646=CARTESIAN_POINT('Control Point',(10.0234511975,4.08567926073,-6.59563497197)) ;
#2647=CARTESIAN_POINT('Control Point',(10.1076488118,4.12405950758,-6.72560273694)) ;
#2648=CARTESIAN_POINT('Control Point',(10.2245602302,4.16243967645,-6.81054384862)) ;
#2649=CARTESIAN_POINT('Control Point',(10.1219168219,3.97286813633,-6.16547615656)) ;
#2650=CARTESIAN_POINT('Control Point',(10.0431850118,3.97653116424,-6.29237054262)) ;
#2651=CARTESIAN_POINT('Control Point',(10.0096261077,3.99792395117,-6.44678073182)) ;
#2652=CARTESIAN_POINT('Control Point',(10.0365994552,4.03654455303,-6.60502738321)) ;
#2653=CARTESIAN_POINT('Control Point',(10.1183559794,4.08416140968,-6.73338194871)) ;
#2654=CARTESIAN_POINT('Control Point',(10.2329025644,4.13177819284,-6.81660490925)) ;
#2656=CARTESIAN_POINT('Control Point',(10.0786897383,4.29068760469,-6.13677540508)) ;
#2657=CARTESIAN_POINT('Control Point',(9.98186613308,4.29068763176,-6.295792967)) ;
#2658=CARTESIAN_POINT('Control Point',(9.96419720863,4.29068765065,-6.50533309553)) ;
#2659=CARTESIAN_POINT('Control Point',(10.0612409299,4.29068765025,-6.69188543163)) ;
#2660=CARTESIAN_POINT('Control Point',(10.2118602495,4.2906876357,-6.80131677258)) ;
#2669=CARTESIAN_POINT('Axis2P3D Location',(10.505752889,1.65,-6.39680828506)) ;
#2681=CARTESIAN_POINT('Axis2P3D Location',(9.33018238439,1.65,-8.01484227381)) ;
#2686=CARTESIAN_POINT('Line Origine',(8.95090667771,1.65,-7.68903567731)) ;
#2690=CARTESIAN_POINT('Vertex',(8.95090667771,5.9,-7.68903567731)) ;
#2693=CARTESIAN_POINT('Axis2P3D Location',(9.33018238439,5.9,-8.01484227381)) ;
#2705=CARTESIAN_POINT('Axis2P3D Location',(0.,5.9,0.)) ;
#2709=CARTESIAN_POINT('Vertex',(-3.47687037371,5.9,-12.3187406988)) ;
#2712=CARTESIAN_POINT('Axis2P3D Location',(0.,4.675,0.)) ;
#2716=CARTESIAN_POINT('Vertex',(-3.85568005013,4.675,-13.4845970037)) ;
#2720=CARTESIAN_POINT('Control Point',(-3.47687037371,5.9,-12.3187406988)) ;
#2721=CARTESIAN_POINT('Control Point',(-3.60314202405,5.49168823,-12.7073648783)) ;
#2722=CARTESIAN_POINT('Control Point',(-3.72941213848,5.08335179222,-13.0959843357)) ;
#2723=CARTESIAN_POINT('Control Point',(-3.85568005003,4.675,-13.4845970037)) ;
#2734=CARTESIAN_POINT('Axis2P3D Location',(0.,4.675,0.)) ;
#2738=CARTESIAN_POINT('Vertex',(-4.80673656643,4.675,-13.1755800093)) ;
#2741=CARTESIAN_POINT('Line Origine',(-4.80673656643,-2.4125,-13.1755800093)) ;
#2745=CARTESIAN_POINT('Vertex',(-4.80673656643,-2.6,-13.1755800093)) ;
#2749=CARTESIAN_POINT('Control Point',(-4.80673656643,-2.6,-13.1755800093)) ;
#2750=CARTESIAN_POINT('Control Point',(-4.80673656643,-2.79635466582,-13.1755800093)) ;
#2751=CARTESIAN_POINT('Control Point',(-4.70850220524,-2.99517867277,-13.21218639)) ;
#2752=CARTESIAN_POINT('Control Point',(-4.52070773054,-3.1,-13.2778907124)) ;
#2753=CARTESIAN_POINT('Control Point',(-4.33396334611,-3.1,-13.338567641)) ;
#2754=CARTESIAN_POINT('Vertex',(-4.33396334611,-3.1,-13.338567641)) ;
#2758=CARTESIAN_POINT('Control Point',(-3.85568005013,-2.6,-13.4845970037)) ;
#2759=CARTESIAN_POINT('Control Point',(-3.85568005013,-2.79635466581,-13.4845970037)) ;
#2760=CARTESIAN_POINT('Control Point',(-3.95667000852,-2.99517867281,-13.456471479)) ;
#2761=CARTESIAN_POINT('Control Point',(-4.14721896169,-3.1,-13.3992445697)) ;
#2762=CARTESIAN_POINT('Control Point',(-4.33396334611,-3.1,-13.338567641)) ;
#2763=CARTESIAN_POINT('Vertex',(-3.85568005013,-2.6,-13.4845970037)) ;
#2766=CARTESIAN_POINT('Line Origine',(-3.85568005013,-2.4125,-13.4845970037)) ;
#2783=CARTESIAN_POINT('Axis2P3D Location',(0.,3.9728682451,0.)) ;
#2787=CARTESIAN_POINT('Vertex',(-2.73584090425,3.9728682451,-11.5317601629)) ;
#2790=CARTESIAN_POINT('Axis2P3D Location',(0.,4.29068759058,0.)) ;
#2794=CARTESIAN_POINT('Vertex',(-2.72193384528,4.29068759058,-11.4817714723)) ;
#2798=CARTESIAN_POINT('Control Point',(-2.72193384528,4.29068759058,-11.4817714723)) ;
#2799=CARTESIAN_POINT('Control Point',(-2.72193386026,4.1828627176,-11.4817714687)) ;
#2800=CARTESIAN_POINT('Control Point',(-2.72665967987,4.07507296196,-11.498728511)) ;
#2801=CARTESIAN_POINT('Control Point',(-2.73587243963,3.97286824614,-11.5317526809)) ;
#2810=CARTESIAN_POINT('Line Origine',(-2.72193384186,5.09534379529,-11.4817714731)) ;
#2814=CARTESIAN_POINT('Vertex',(-2.72193384186,5.9,-11.4817714731)) ;
#2817=CARTESIAN_POINT('Axis2P3D Location',(0.,5.9,0.)) ;
#2829=CARTESIAN_POINT('Line Origine',(-3.39483432673,5.9,-12.0662597076)) ;
#2833=CARTESIAN_POINT('Vertex',(-3.31279827974,5.9,-11.8137787163)) ;
#2836=CARTESIAN_POINT('Axis2P3D Location',(-2.8372700216,5.9,-11.9682872135)) ;
#2850=CARTESIAN_POINT('Axis2P3D Location',(-0.475528258148,11.5254878998,0.154508497187)) ;
#2855=CARTESIAN_POINT('Line Origine',(-4.60308615241,-2.6,-12.5488084827)) ;
#2859=CARTESIAN_POINT('Vertex',(-4.39943573839,-2.6,-11.9220369561)) ;
#2863=CARTESIAN_POINT('Control Point',(-4.42792689,5.9,-12.0097237044)) ;
#2864=CARTESIAN_POINT('Control Point',(-4.50368988021,5.655012938,-12.2428982121)) ;
#2865=CARTESIAN_POINT('Control Point',(-4.57945235707,5.41001857881,-12.4760711399)) ;
#2866=CARTESIAN_POINT('Control Point',(-4.65521445702,5.1650173379,-12.7092429076)) ;
#2867=CARTESIAN_POINT('Control Point',(-4.73097582032,4.92001107533,-12.9424124082)) ;
#2868=CARTESIAN_POINT('Control Point',(-4.80673656643,4.675,-13.1755800093)) ;
#2869=CARTESIAN_POINT('Vertex',(-4.42792689,5.9,-12.0097237044)) ;
#2872=CARTESIAN_POINT('Line Origine',(-4.34589084302,5.9,-11.7572427132)) ;
#2876=CARTESIAN_POINT('Vertex',(-4.26385479604,5.9,-11.5047617219)) ;
#2879=CARTESIAN_POINT('Line Origine',(-4.26385479604,5.09534379529,-11.5047617219)) ;
#2883=CARTESIAN_POINT('Vertex',(-4.26385477399,4.29068742508,-11.5047616541)) ;
#2887=CARTESIAN_POINT('Control Point',(-4.27189165969,4.13178501061,-11.5294966449)) ;
#2888=CARTESIAN_POINT('Control Point',(-4.27055324885,4.14466437659,-11.5253774399)) ;
#2889=CARTESIAN_POINT('Control Point',(-4.26935036749,4.15769098458,-11.5216753517)) ;
#2890=CARTESIAN_POINT('Control Point',(-4.26828510758,4.1708449985,-11.5183968188)) ;
#2891=CARTESIAN_POINT('Control Point',(-4.26608075698,4.20241439098,-11.5116125253)) ;
#2892=CARTESIAN_POINT('Control Point',(-4.26467287083,4.23447258352,-11.5072794973)) ;
#2893=CARTESIAN_POINT('Control Point',(-4.26412747858,4.25317435638,-11.5056009525)) ;
#2894=CARTESIAN_POINT('Control Point',(-4.26385478192,4.27193097502,-11.5047616785)) ;
#2895=CARTESIAN_POINT('Control Point',(-4.26385477399,4.29068742508,-11.5047616541)) ;
#2896=CARTESIAN_POINT('Vertex',(-4.27189167539,4.13178502769,-11.5294966932)) ;
#2899=CARTESIAN_POINT('Axis2P3D Location',(-0.475528258148,-8.52651282912E-14,0.154508497187)) ;
#2914=CARTESIAN_POINT('Axis2P3D Location',(-3.98516682843,-2.6,-12.2650823407)) ;
#2920=CARTESIAN_POINT('Control Point',(-3.86011581333,-3.1,-11.8802148903)) ;
#2921=CARTESIAN_POINT('Control Point',(-4.04676830341,-3.1,-11.8195677863)) ;
#2922=CARTESIAN_POINT('Control Point',(-4.2498659591,-2.99511704333,-11.7996333813)) ;
#2923=CARTESIAN_POINT('Control Point',(-4.37463879395,-2.79595161893,-11.8457198085)) ;
#2924=CARTESIAN_POINT('Control Point',(-4.39943573839,-2.6,-11.9220369561)) ;
#2925=CARTESIAN_POINT('Vertex',(-3.86011581333,-3.1,-11.8802148903)) ;
#2928=CARTESIAN_POINT('Line Origine',(-3.98516682843,-3.1,-12.2650823407)) ;
#2940=CARTESIAN_POINT('Axis2P3D Location',(0.475528258148,-3.1,-0.154508497187)) ;
#2945=CARTESIAN_POINT('Line Origine',(-3.65202963611,-2.6,-12.8578254771)) ;
#2949=CARTESIAN_POINT('Vertex',(-3.44837921081,-2.6,-12.2310539158)) ;
#2952=CARTESIAN_POINT('Axis2P3D Location',(0.475528258148,-4.61852778244E-14,-0.154508497188)) ;
#2956=CARTESIAN_POINT('Vertex',(-3.32083512435,4.13178536207,-11.8385135806)) ;
#2960=CARTESIAN_POINT('Control Point',(-3.31279827466,4.2906876357,-11.8137787007)) ;
#2961=CARTESIAN_POINT('Control Point',(-3.31279826013,4.25834174179,-11.8137786559)) ;
#2962=CARTESIAN_POINT('Control Point',(-3.31360918159,4.22599721422,-11.8162744156)) ;
#2963=CARTESIAN_POINT('Control Point',(-3.31523089163,4.19393820748,-11.8212655259)) ;
#2964=CARTESIAN_POINT('Control Point',(-3.31764879229,4.16244545058,-11.8287070589)) ;
#2965=CARTESIAN_POINT('Control Point',(-3.32083499351,4.13178521969,-11.838513178)) ;
#2966=CARTESIAN_POINT('Vertex',(-3.31279827466,4.2906876357,-11.8137787007)) ;
#2969=CARTESIAN_POINT('Line Origine',(-3.31279827974,5.09534379529,-11.8137787163)) ;
#2984=CARTESIAN_POINT('Axis2P3D Location',(-3.98516682843,-2.6,-12.2650823407)) ;
#2990=CARTESIAN_POINT('Control Point',(-3.44837921081,-2.6,-12.2310539158)) ;
#2991=CARTESIAN_POINT('Control Point',(-3.42358181716,-2.79595437197,-12.1547353856)) ;
#2992=CARTESIAN_POINT('Control Point',(-3.49743677322,-2.9951127932,-12.0441147217)) ;
#2993=CARTESIAN_POINT('Control Point',(-3.67346122288,-3.1,-11.940862646)) ;
#2994=CARTESIAN_POINT('Control Point',(-3.86011581418,-3.1,-11.8802148929)) ;
#3004=CARTESIAN_POINT('Control Point',(-4.56482690327,3.97286834363,-10.9374891916)) ;
#3005=CARTESIAN_POINT('Control Point',(-4.42654494236,3.97653111495,-10.9938715996)) ;
#3006=CARTESIAN_POINT('Control Point',(-4.30863523123,3.99792368009,-11.099066655)) ;
#3007=CARTESIAN_POINT('Control Point',(-4.2374420903,4.03654414389,-11.2429453499)) ;
#3008=CARTESIAN_POINT('Control Point',(-4.22813955695,4.08416097795,-11.3948415181)) ;
#3009=CARTESIAN_POINT('Control Point',(-4.27189240485,4.13177784029,-11.5294989382)) ;
#3010=CARTESIAN_POINT('Control Point',(-4.55765211232,4.03419223968,-10.918209633)) ;
#3011=CARTESIAN_POINT('Control Point',(-4.41969909172,4.03722700627,-10.9749793927)) ;
#3012=CARTESIAN_POINT('Control Point',(-4.30251592253,4.05452932682,-11.0815051413)) ;
#3013=CARTESIAN_POINT('Control Point',(-4.23232558954,4.08567971956,-11.2276182139)) ;
#3014=CARTESIAN_POINT('Control Point',(-4.22404973391,4.12405979471,-11.382254338)) ;
#3015=CARTESIAN_POINT('Control Point',(-4.26870587658,4.16243987807,-11.5196918126)) ;
#3016=CARTESIAN_POINT('Control Point',(-4.55220525542,4.0971853067,-10.9035784178)) ;
#3017=CARTESIAN_POINT('Control Point',(-4.41450665514,4.09951585927,-10.9606538181)) ;
#3018=CARTESIAN_POINT('Control Point',(-4.29787721905,4.11258840754,-11.0681948244)) ;
#3019=CARTESIAN_POINT('Control Point',(-4.22844721282,4.13607905067,-11.2160007543)) ;
#3020=CARTESIAN_POINT('Control Point',(-4.22094822796,4.16500777948,-11.372708884)) ;
#3021=CARTESIAN_POINT('Control Point',(-4.26628750363,4.19393649741,-11.512248826)) ;
#3022=CARTESIAN_POINT('Control Point',(-4.54855177061,4.16131197981,-10.8937663834)) ;
#3023=CARTESIAN_POINT('Control Point',(-4.41102552435,4.16288378002,-10.9510509758)) ;
#3024=CARTESIAN_POINT('Control Point',(-4.29476828606,4.17163052261,-11.0592747829)) ;
#3025=CARTESIAN_POINT('Control Point',(-4.22584792136,4.18733320572,-11.2082149807)) ;
#3026=CARTESIAN_POINT('Control Point',(-4.21886910861,4.20666648416,-11.3663100119)) ;
#3027=CARTESIAN_POINT('Control Point',(-4.26466565418,4.22599976673,-11.5072572867)) ;
#3028=CARTESIAN_POINT('Control Point',(-4.54672518936,4.22600032302,-10.8888607419)) ;
#3029=CARTESIAN_POINT('Control Point',(-4.40928509413,4.22678615852,-10.9462498848)) ;
#3030=CARTESIAN_POINT('Control Point',(-4.29321392685,4.23115944667,-11.0548150471)) ;
#3031=CARTESIAN_POINT('Control Point',(-4.22454835986,4.23901069846,-11.2043223408)) ;
#3032=CARTESIAN_POINT('Control Point',(-4.2178296169,4.24867726028,-11.363110788)) ;
#3033=CARTESIAN_POINT('Control Point',(-4.26385478766,4.25834384655,-11.5047616961)) ;
#3034=CARTESIAN_POINT('Control Point',(-4.54672517579,4.29068757874,-10.8888606742)) ;
#3035=CARTESIAN_POINT('Control Point',(-4.40928507617,4.29068748738,-10.9462498109)) ;
#3036=CARTESIAN_POINT('Control Point',(-4.29321390586,4.29068741438,-11.054814973)) ;
#3037=CARTESIAN_POINT('Control Point',(-4.22454833856,4.29068737708,-11.2043222735)) ;
#3038=CARTESIAN_POINT('Control Point',(-4.21782959842,4.29068738338,-11.3631107324)) ;
#3039=CARTESIAN_POINT('Control Point',(-4.26385477399,4.29068742508,-11.5047616541)) ;
#3041=CARTESIAN_POINT('Control Point',(-4.54672517579,4.29068757874,-10.8888606742)) ;
#3042=CARTESIAN_POINT('Control Point',(-4.37492505127,4.29068746454,-10.9605970951)) ;
#3043=CARTESIAN_POINT('Control Point',(-4.23746599162,4.2906873802,-11.1197330992)) ;
#3044=CARTESIAN_POINT('Control Point',(-4.20632330453,4.29068737296,-11.3276980019)) ;
#3045=CARTESIAN_POINT('Control Point',(-4.26385477399,4.29068742508,-11.5047616541)) ;
#3046=CARTESIAN_POINT('Vertex',(-4.54672519348,4.29068759058,-10.8888608226)) ;
#3050=CARTESIAN_POINT('Control Point',(-4.56482690327,3.97286834363,-10.9374891916)) ;
#3051=CARTESIAN_POINT('Control Point',(-4.56181286429,3.99862973713,-10.9293900927)) ;
#3052=CARTESIAN_POINT('Control Point',(-4.55910375969,4.0246856949,-10.9221113028)) ;
#3053=CARTESIAN_POINT('Control Point',(-4.55670441859,4.0509965407,-10.9156654267)) ;
#3054=CARTESIAN_POINT('Control Point',(-4.55173949966,4.11413813655,-10.9023280817)) ;
#3055=CARTESIAN_POINT('Control Point',(-4.54856803647,4.17825765373,-10.8938100509)) ;
#3056=CARTESIAN_POINT('Control Point',(-4.54733946381,4.21566129835,-10.8905104907)) ;
#3057=CARTESIAN_POINT('Control Point',(-4.54672518366,4.25317462141,-10.8888607135)) ;
#3058=CARTESIAN_POINT('Control Point',(-4.54672517579,4.29068757874,-10.8888606742)) ;
#3059=CARTESIAN_POINT('Vertex',(-4.5648487993,3.9728682451,-10.9374802102)) ;
#3063=CARTESIAN_POINT('Control Point',(-4.56482690327,3.97286834363,-10.9374891916)) ;
#3064=CARTESIAN_POINT('Control Point',(-4.39197445213,3.97744680778,-11.0079672016)) ;
#3065=CARTESIAN_POINT('Control Point',(-4.25175164265,4.01209395256,-11.1618525795)) ;
#3066=CARTESIAN_POINT('Control Point',(-4.21720134497,4.07225676236,-11.3611771631)) ;
#3067=CARTESIAN_POINT('Control Point',(-4.27189240485,4.13177784029,-11.5294989382)) ;
#3076=CARTESIAN_POINT('Axis2P3D Location',(-0.951056516295,-3.10862446895E-15,0.309016994375)) ;
#3081=CARTESIAN_POINT('Axis2P3D Location',(-0.914477419515,-3.16013241216E-15,0.297131725361)) ;
#3085=CARTESIAN_POINT('Vertex',(-4.68747217049,-2.49999994086,-11.314928411)) ;
#3088=CARTESIAN_POINT('Axis2P3D Location',(-4.87496399297,-2.60000005635,-11.767528448)) ;
#3101=CARTESIAN_POINT('Control Point',(-3.71164972859,-3.4615385376,-11.4232835782)) ;
#3102=CARTESIAN_POINT('Control Point',(-3.72269056833,-3.33756366068,-11.4572636442)) ;
#3103=CARTESIAN_POINT('Control Point',(-3.7460884649,-3.2251131547,-11.5292748214)) ;
#3104=CARTESIAN_POINT('Control Point',(-3.78037673259,-3.1416158128,-11.6348031358)) ;
#3105=CARTESIAN_POINT('Control Point',(-3.82024631167,-3.10000003312,-11.7575090004)) ;
#3106=CARTESIAN_POINT('Control Point',(-3.86011587749,-3.10000003976,-11.8802148694)) ;
#3107=CARTESIAN_POINT('Control Point',(-3.99880736251,-3.46153896484,-11.329980381)) ;
#3108=CARTESIAN_POINT('Control Point',(-3.97060305422,-3.33756399108,-11.3767119349)) ;
#3109=CARTESIAN_POINT('Control Point',(-3.95571183178,-3.22511339503,-11.4611639869)) ;
#3110=CARTESIAN_POINT('Control Point',(-3.95816702707,-3.14161599169,-11.5770355013)) ;
#3111=CARTESIAN_POINT('Control Point',(-3.97758848496,-3.10000019524,-11.7063853829)) ;
#3112=CARTESIAN_POINT('Control Point',(-4.00943820149,-3.10000022594,-11.8316970784)) ;
#3113=CARTESIAN_POINT('Control Point',(-4.29359276001,-3.34302578262,-11.2601357237)) ;
#3114=CARTESIAN_POINT('Control Point',(-4.22532027103,-3.23278251288,-11.3170883836)) ;
#3115=CARTESIAN_POINT('Control Point',(-4.17183370975,-3.13412736723,-11.4130414537)) ;
#3116=CARTESIAN_POINT('Control Point',(-4.14272807293,-3.06327480965,-11.5400961761)) ;
#3117=CARTESIAN_POINT('Control Point',(-4.14228089296,-3.03175314479,-11.6778748733)) ;
#3118=CARTESIAN_POINT('Control Point',(-4.16669049875,-3.03837303645,-11.8075771112)) ;
#3119=CARTESIAN_POINT('Control Point',(-4.53683730756,-3.10286835562,-11.233669521)) ;
#3120=CARTESIAN_POINT('Control Point',(-4.43242331824,-3.02012695037,-11.2967615702)) ;
#3121=CARTESIAN_POINT('Control Point',(-4.34483389957,-2.94911498682,-11.4017378592)) ;
#3122=CARTESIAN_POINT('Control Point',(-4.28987428017,-2.90379038552,-11.5390626216)) ;
#3123=CARTESIAN_POINT('Control Point',(-4.27663728684,-2.89299198915,-11.6849441571)) ;
#3124=CARTESIAN_POINT('Control Point',(-4.30121078783,-2.91348882147,-11.8185403176)) ;
#3125=CARTESIAN_POINT('Control Point',(-4.66839080864,-2.80146402912,-11.2562257123)) ;
#3126=CARTESIAN_POINT('Control Point',(-4.53887391484,-2.75886692458,-11.319292708)) ;
#3127=CARTESIAN_POINT('Control Point',(-4.4284299193,-2.7278328999,-11.4283426871)) ;
#3128=CARTESIAN_POINT('Control Point',(-4.35943683239,-2.71655424813,-11.5728040284)) ;
#3129=CARTESIAN_POINT('Control Point',(-4.3452235055,-2.72791272911,-11.724787233)) ;
#3130=CARTESIAN_POINT('Control Point',(-4.37959818284,-2.75676129514,-11.860983238)) ;
#3131=CARTESIAN_POINT('Control Point',(-4.68746538128,-2.5,-11.3149312105)) ;
#3132=CARTESIAN_POINT('Control Point',(-4.54929643464,-2.5023049791,-11.3716615339)) ;
#3133=CARTESIAN_POINT('Control Point',(-4.43204699007,-2.51576710837,-11.4788888119)) ;
#3134=CARTESIAN_POINT('Control Point',(-4.36204589292,-2.5400705434,-11.6264363624)) ;
#3135=CARTESIAN_POINT('Control Point',(-4.35421311473,-2.5700352717,-11.7828560318)) ;
#3136=CARTESIAN_POINT('Control Point',(-4.39943573839,-2.6,-11.9220369561)) ;
#3138=CARTESIAN_POINT('Control Point',(-3.71164972859,-3.4615385376,-11.4232835782)) ;
#3139=CARTESIAN_POINT('Control Point',(-3.79120663039,-3.46153865597,-11.3974339666)) ;
#3140=CARTESIAN_POINT('Control Point',(-3.87134901239,-3.45244208807,-11.3733849498)) ;
#3141=CARTESIAN_POINT('Control Point',(-3.95084165493,-3.43424843944,-11.3515379158)) ;
#3142=CARTESIAN_POINT('Control Point',(-4.12976360452,-3.37193272667,-11.3070329549)) ;
#3143=CARTESIAN_POINT('Control Point',(-4.29221730777,-3.26557629741,-11.2774710097)) ;
#3144=CARTESIAN_POINT('Control Point',(-4.37627111328,-3.19244090469,-11.2661089691)) ;
#3145=CARTESIAN_POINT('Control Point',(-4.52357649629,-3.02462690671,-11.2547714694)) ;
#3146=CARTESIAN_POINT('Control Point',(-4.62297872595,-2.82375355765,-11.2660210524)) ;
#3147=CARTESIAN_POINT('Control Point',(-4.65902319736,-2.71770973407,-11.2772476941)) ;
#3148=CARTESIAN_POINT('Control Point',(-4.68057754687,-2.60885875945,-11.2937326359)) ;
#3149=CARTESIAN_POINT('Control Point',(-4.68746538128,-2.5,-11.3149312105)) ;
#3150=CARTESIAN_POINT('Vertex',(-3.7116496667,-3.46153842761,-11.4232836114)) ;
#3154=CARTESIAN_POINT('Control Point',(-3.71164972859,-3.4615385376,-11.4232835782)) ;
#3155=CARTESIAN_POINT('Control Point',(-3.72545077826,-3.30656994144,-11.4657586607)) ;
#3156=CARTESIAN_POINT('Control Point',(-3.76012239761,-3.16998939315,-11.5724667522)) ;
#3157=CARTESIAN_POINT('Control Point',(-3.81027892022,-3.10000003146,-11.7268325332)) ;
#3158=CARTESIAN_POINT('Control Point',(-3.86011587749,-3.10000003976,-11.8802148694)) ;
#3168=CARTESIAN_POINT('Control Point',(-2.85851053444,-2.50000011461,-11.909194627)) ;
#3169=CARTESIAN_POINT('Control Point',(-3.0036368065,-2.50230510978,-11.8738767542)) ;
#3170=CARTESIAN_POINT('Control Point',(-3.16152021099,-2.51576725559,-11.8917079504)) ;
#3171=CARTESIAN_POINT('Control Point',(-3.3048785612,-2.54007070461,-11.9699308136)) ;
#3172=CARTESIAN_POINT('Control Point',(-3.40315658608,-2.57003544137,-12.0918729924)) ;
#3173=CARTESIAN_POINT('Control Point',(-3.4483792097,-2.60000017221,-12.2310539161)) ;
#3174=CARTESIAN_POINT('Control Point',(-2.83943559432,-2.80146932343,-11.8504880734)) ;
#3175=CARTESIAN_POINT('Control Point',(-2.98128676685,-2.75887157129,-11.8253823929)) ;
#3176=CARTESIAN_POINT('Control Point',(-3.13473574015,-2.72783690678,-11.8486884156)) ;
#3177=CARTESIAN_POINT('Control Point',(-3.27546452853,-2.71655774592,-11.9250069411)) ;
#3178=CARTESIAN_POINT('Control Point',(-3.37629688398,-2.72791596543,-12.0396094264)) ;
#3179=CARTESIAN_POINT('Control Point',(-3.42854130674,-2.75676452442,-12.1699990881)) ;
#3180=CARTESIAN_POINT('Control Point',(-2.9326095624,-3.10287339745,-11.7549134056)) ;
#3181=CARTESIAN_POINT('Control Point',(-3.05416641256,-3.02013236463,-11.7445830752)) ;
#3182=CARTESIAN_POINT('Control Point',(-3.186730847,-2.94912078429,-11.7780270242)) ;
#3183=CARTESIAN_POINT('Control Point',(-3.3119112645,-2.90379645047,-11.8568207235)) ;
#3184=CARTESIAN_POINT('Control Point',(-3.40836707075,-2.89299809295,-11.967060894)) ;
#3185=CARTESIAN_POINT('Control Point',(-3.46701254859,-2.91349476972,-12.0895863855)) ;
#3186=CARTESIAN_POINT('Control Point',(-3.1449456294,-3.34302127275,-11.6333545408)) ;
#3187=CARTESIAN_POINT('Control Point',(-3.23365697024,-3.23277874911,-11.6393001008)) ;
#3188=CARTESIAN_POINT('Control Point',(-3.33333008471,-3.13412432897,-11.6854885955)) ;
#3189=CARTESIAN_POINT('Control Point',(-3.43155943914,-3.06327236297,-11.7711696693)) ;
#3190=CARTESIAN_POINT('Control Point',(-3.51290651576,-3.03175105721,-11.8823717881)) ;
#3191=CARTESIAN_POINT('Control Point',(-3.5693962559,-3.03837106175,-12.001650545)) ;
#3192=CARTESIAN_POINT('Control Point',(-3.42448891164,-3.46153846154,-11.5165877864)) ;
#3193=CARTESIAN_POINT('Control Point',(-3.47477539033,-3.33756360147,-11.5378161789)) ;
#3194=CARTESIAN_POINT('Control Point',(-3.53646289084,-3.22511311089,-11.5973863129)) ;
#3195=CARTESIAN_POINT('Control Point',(-3.60258464122,-3.14161577868,-11.6925712999)) ;
#3196=CARTESIAN_POINT('Control Point',(-3.66290261205,-3.1,-11.8086330749)) ;
#3197=CARTESIAN_POINT('Control Point',(-3.71079214114,-3.1,-11.9287330954)) ;
#3198=CARTESIAN_POINT('Control Point',(-3.71164982132,-3.46153846154,-11.4232835509)) ;
#3199=CARTESIAN_POINT('Control Point',(-3.72269062076,-3.33756360147,-11.4572636375)) ;
#3200=CARTESIAN_POINT('Control Point',(-3.746088476,-3.22511311088,-11.5292748314)) ;
#3201=CARTESIAN_POINT('Control Point',(-3.78037670712,-3.14161577868,-11.6348031558)) ;
#3202=CARTESIAN_POINT('Control Point',(-3.82024626065,-3.1,-11.7575090244)) ;
#3203=CARTESIAN_POINT('Control Point',(-3.86011581418,-3.1,-11.8802148929)) ;
#3205=CARTESIAN_POINT('Control Point',(-2.85851053444,-2.50000011461,-11.909194627)) ;
#3206=CARTESIAN_POINT('Control Point',(-2.85322307686,-2.58356554885,-11.8929215268)) ;
#3207=CARTESIAN_POINT('Control Point',(-2.85656042958,-2.66712597835,-11.8738156107)) ;
#3208=CARTESIAN_POINT('Control Point',(-2.86860082222,-2.74941060821,-11.852124881)) ;
#3209=CARTESIAN_POINT('Control Point',(-2.91606740762,-2.93319091325,-11.7969250592)) ;
#3210=CARTESIAN_POINT('Control Point',(-3.00666717805,-3.09684125474,-11.7319328571)) ;
#3211=CARTESIAN_POINT('Control Point',(-3.07082205598,-3.18031440544,-11.6929139351)) ;
#3212=CARTESIAN_POINT('Control Point',(-3.22113745237,-3.32400268084,-11.6127413047)) ;
#3213=CARTESIAN_POINT('Control Point',(-3.40640074085,-3.41521386224,-11.532603408)) ;
#3214=CARTESIAN_POINT('Control Point',(-3.50533441088,-3.44609649676,-11.4936989848)) ;
#3215=CARTESIAN_POINT('Control Point',(-3.60799585419,-3.46153846154,-11.4569627664)) ;
#3216=CARTESIAN_POINT('Control Point',(-3.71164982132,-3.46153846154,-11.4232835509)) ;
#3217=CARTESIAN_POINT('Vertex',(-2.85851044554,-2.50000018272,-11.9091946461)) ;
#3221=CARTESIAN_POINT('Control Point',(-2.85851053444,-2.50000011461,-11.909194627)) ;
#3222=CARTESIAN_POINT('Control Point',(-3.03991837451,-2.50288135857,-11.865047286)) ;
#3223=CARTESIAN_POINT('Control Point',(-3.24488204721,-2.52468447041,-11.9104136177)) ;
#3224=CARTESIAN_POINT('Control Point',(-3.39185093017,-2.56254425866,-12.0570777615)) ;
#3225=CARTESIAN_POINT('Control Point',(-3.4483792097,-2.60000017221,-12.2310539161)) ;
#3234=CARTESIAN_POINT('Axis2P3D Location',(0.951056516295,3.5527136788E-15,-0.309016994375)) ;
#3239=CARTESIAN_POINT('Axis2P3D Location',(0.914477419515,3.49026363367E-15,-0.297131725361)) ;
#3244=CARTESIAN_POINT('Axis2P3D Location',(-2.84530702901,4.13178379555,-11.9930225789)) ;
#3257=CARTESIAN_POINT('Control Point',(-2.72193382788,4.29068760469,-11.4817714422)) ;
#3258=CARTESIAN_POINT('Control Point',(-2.86685769022,4.29068762635,-11.4474149688)) ;
#3259=CARTESIAN_POINT('Control Point',(-3.02457423497,4.290687643,-11.4670211036)) ;
#3260=CARTESIAN_POINT('Control Point',(-3.16800402423,4.29068765053,-11.5476144298)) ;
#3261=CARTESIAN_POINT('Control Point',(-3.26677310631,4.29068764734,-11.6721277971)) ;
#3262=CARTESIAN_POINT('Control Point',(-3.31279827466,4.2906876357,-11.8137787007)) ;
#3263=CARTESIAN_POINT('Control Point',(-2.72193378986,4.22599271551,-11.4817713584)) ;
#3264=CARTESIAN_POINT('Control Point',(-2.86685765372,4.22677876776,-11.4474148811)) ;
#3265=CARTESIAN_POINT('Control Point',(-3.0245742031,4.23115267041,-11.4670210183)) ;
#3266=CARTESIAN_POINT('Control Point',(-3.16800399897,4.23900489801,-11.5476143545)) ;
#3267=CARTESIAN_POINT('Control Point',(-3.26677308719,4.24867259035,-11.6721277365)) ;
#3268=CARTESIAN_POINT('Control Point',(-3.31279826013,4.25834025915,-11.8137786559)) ;
#3269=CARTESIAN_POINT('Control Point',(-2.72333969193,4.16130044753,-11.4868145863)) ;
#3270=CARTESIAN_POINT('Control Point',(-2.86827180769,4.16287253004,-11.4523228356)) ;
#3271=CARTESIAN_POINT('Control Point',(-3.02593825485,4.17162016707,-11.4715433573)) ;
#3272=CARTESIAN_POINT('Control Point',(-3.16924085281,4.18732431023,-11.5515280333)) ;
#3273=CARTESIAN_POINT('Control Point',(-3.26781274125,4.20665930516,-11.6753274579)) ;
#3274=CARTESIAN_POINT('Control Point',(-3.31360925593,4.22599424907,-11.8162746444)) ;
#3275=CARTESIAN_POINT('Control Point',(-2.72615127512,4.09717936583,-11.4969002478)) ;
#3276=CARTESIAN_POINT('Control Point',(-2.87109987764,4.09951013142,-11.4621379157)) ;
#3277=CARTESIAN_POINT('Control Point',(-3.02866611879,4.11258319996,-11.48058724)) ;
#3278=CARTESIAN_POINT('Control Point',(-3.17171434165,4.13607463379,-11.5593547015)) ;
#3279=CARTESIAN_POINT('Control Point',(-3.26989186991,4.16500425203,-11.6817263509)) ;
#3280=CARTESIAN_POINT('Control Point',(-3.31523111464,4.19393379902,-11.8212662122)) ;
#3281=CARTESIAN_POINT('Control Point',(-2.73034426431,4.03419106172,-11.5119372802)) ;
#3282=CARTESIAN_POINT('Control Point',(-2.87531903745,4.03722605392,-11.476778138)) ;
#3283=CARTESIAN_POINT('Control Point',(-3.03273651591,4.05452862828,-11.494080708)) ;
#3284=CARTESIAN_POINT('Control Point',(-3.17540485688,4.08567926073,-11.5710318722)) ;
#3285=CARTESIAN_POINT('Control Point',(-3.27299305296,4.12405950758,-11.69127081)) ;
#3286=CARTESIAN_POINT('Control Point',(-3.31764923561,4.16243967645,-11.8287084233)) ;
#3287=CARTESIAN_POINT('Control Point',(-2.73587196114,3.97286813633,-11.5317518617)) ;
#3288=CARTESIAN_POINT('Control Point',(-2.88088516121,3.97653116424,-11.4960859824)) ;
#3289=CARTESIAN_POINT('Control Point',(-3.0381082495,3.99792395117,-11.5118849406)) ;
#3290=CARTESIAN_POINT('Control Point',(-3.18027453572,4.03654455303,-11.586439023)) ;
#3291=CARTESIAN_POINT('Control Point',(-3.27708282626,4.08416140968,-11.7038578401)) ;
#3292=CARTESIAN_POINT('Control Point',(-3.32083572376,4.13177819284,-11.8385154254)) ;
#3294=CARTESIAN_POINT('Control Point',(-2.72193382788,4.29068760469,-11.4817714422)) ;
#3295=CARTESIAN_POINT('Control Point',(-2.90308865581,4.29068763176,-11.4388258505)) ;
#3296=CARTESIAN_POINT('Control Point',(-3.10783315841,4.29068765065,-11.4867731655)) ;
#3297=CARTESIAN_POINT('Control Point',(-3.25526681422,4.29068765025,-11.6367150712)) ;
#3298=CARTESIAN_POINT('Control Point',(-3.31279827466,4.2906876357,-11.8137787007)) ;
#3307=CARTESIAN_POINT('Axis2P3D Location',(-2.8372700216,1.65,-11.9682872135)) ;
#3319=CARTESIAN_POINT('Axis2P3D Location',(-4.73938305419,1.65,-11.3502532247)) ;
#3324=CARTESIAN_POINT('Line Origine',(-4.54672520646,1.65,-10.8888608172)) ;
#3328=CARTESIAN_POINT('Vertex',(-4.54672520646,5.9,-10.8888608172)) ;
#3331=CARTESIAN_POINT('Axis2P3D Location',(-4.73938305419,5.9,-11.3502532247)) ;
#3343=CARTESIAN_POINT('Axis2P3D Location',(0.,5.9,0.)) ;
#3347=CARTESIAN_POINT('Vertex',(-12.7902306469,5.9,-0.5)) ;
#3350=CARTESIAN_POINT('Axis2P3D Location',(0.,4.675,0.)) ;
#3354=CARTESIAN_POINT('Vertex',(-14.0160845103,4.675,-0.5)) ;
#3358=CARTESIAN_POINT('Control Point',(-12.7902306469,5.9,-0.5)) ;
#3359=CARTESIAN_POINT('Control Point',(-13.198854291,5.49168823,-0.5)) ;
#3360=CARTESIAN_POINT('Control Point',(-13.6074729696,5.08335179222,-0.500000001542)) ;
#3361=CARTESIAN_POINT('Control Point',(-14.0160845103,4.675,-0.500000000108)) ;
#3372=CARTESIAN_POINT('Axis2P3D Location',(0.,4.675,0.)) ;
#3376=CARTESIAN_POINT('Vertex',(-14.0160845103,4.675,0.5)) ;
#3379=CARTESIAN_POINT('Axis2P3D Location',(0.,5.9,0.)) ;
#3383=CARTESIAN_POINT('Vertex',(-11.2330567922,5.9,6.13664689413)) ;
#3386=CARTESIAN_POINT('Axis2P3D Location',(0.,5.9,0.)) ;
#3390=CARTESIAN_POINT('Vertex',(-12.7902306469,5.9,0.5)) ;
#3394=CARTESIAN_POINT('Control Point',(-12.7902306469,5.9,0.5)) ;
#3395=CARTESIAN_POINT('Control Point',(-13.198854291,5.49168823,0.5)) ;
#3396=CARTESIAN_POINT('Control Point',(-13.6074729696,5.08335179222,0.500000001542)) ;
#3397=CARTESIAN_POINT('Control Point',(-14.0160845103,4.675,0.500000000108)) ;
#3409=CARTESIAN_POINT('Line Origine',(-14.0160845103,-2.4125,0.5)) ;
#3413=CARTESIAN_POINT('Vertex',(-14.0160845103,-2.6,0.5)) ;
#3417=CARTESIAN_POINT('Control Point',(-14.0160845103,-2.6,0.5)) ;
#3418=CARTESIAN_POINT('Control Point',(-14.0160845103,-2.79635466581,0.5)) ;
#3419=CARTESIAN_POINT('Control Point',(-14.0205431602,-2.9951786728,0.395261576904)) ;
#3420=CARTESIAN_POINT('Control Point',(-14.025,-3.1,0.196354665813)) ;
#3421=CARTESIAN_POINT('Control Point',(-14.025,-3.1,-5.10702591328E-15)) ;
#3422=CARTESIAN_POINT('Vertex',(-14.025,-3.1,-5.15270140741E-15)) ;
#3426=CARTESIAN_POINT('Control Point',(-14.0160845103,-2.6,-0.5)) ;
#3427=CARTESIAN_POINT('Control Point',(-14.0160845103,-2.79635466582,-0.5)) ;
#3428=CARTESIAN_POINT('Control Point',(-14.0205431602,-2.99517867278,-0.395261576919)) ;
#3429=CARTESIAN_POINT('Control Point',(-14.025,-3.1,-0.196354665817)) ;
#3430=CARTESIAN_POINT('Control Point',(-14.025,-3.1,-5.21804821574E-15)) ;
#3431=CARTESIAN_POINT('Vertex',(-14.0160845103,-2.6,-0.5)) ;
#3434=CARTESIAN_POINT('Line Origine',(-14.0160845103,-2.4125,-0.5)) ;
#3451=CARTESIAN_POINT('Line Origine',(-12.5247564222,5.9,0.5)) ;
#3455=CARTESIAN_POINT('Vertex',(-12.2592821976,5.9,0.5)) ;
#3458=CARTESIAN_POINT('Axis2P3D Location',(0.,5.9,0.)) ;
#3462=CARTESIAN_POINT('Vertex',(-11.7609373928,5.9,0.959349593496)) ;
#3465=CARTESIAN_POINT('Axis2P3D Location',(-12.2592821976,5.9,1.)) ;
#3481=CARTESIAN_POINT('Axis2P3D Location',(0.,5.9,0.)) ;
#3485=CARTESIAN_POINT('Vertex',(-11.7609373928,5.9,-0.959349593496)) ;
#3488=CARTESIAN_POINT('Line Origine',(-12.5247564222,5.9,-0.5)) ;
#3492=CARTESIAN_POINT('Vertex',(-12.2592821976,5.9,-0.5)) ;
#3495=CARTESIAN_POINT('Axis2P3D Location',(-12.2592821976,5.9,-1.)) ;
#3509=CARTESIAN_POINT('Line Origine',(-11.7609373928,5.09534379529,0.959349593496)) ;
#3513=CARTESIAN_POINT('Vertex',(-11.7609373939,4.29068759058,0.95934957948)) ;
#3516=CARTESIAN_POINT('Axis2P3D Location',(0.,4.29068759058,0.)) ;
#3528=CARTESIAN_POINT('Line Origine',(-11.7609373928,5.09534379529,-0.959349593496)) ;
#3532=CARTESIAN_POINT('Vertex',(-11.7609373931,4.29068759058,-0.959349589992)) ;
#3535=CARTESIAN_POINT('Axis2P3D Location',(0.,4.29068759058,0.)) ;
#3547=CARTESIAN_POINT('Axis2P3D Location',(0.,3.9728682451,0.)) ;
#3551=CARTESIAN_POINT('Vertex',(-11.8127776815,3.9728682451,0.961561935893)) ;
#3555=CARTESIAN_POINT('Control Point',(-11.8127796041,3.97286824526,0.961538315748)) ;
#3556=CARTESIAN_POINT('Control Point',(-11.7785242044,4.07507488617,0.960095151346)) ;
#3557=CARTESIAN_POINT('Control Point',(-11.7609373932,4.18287551101,0.959349588766)) ;
#3558=CARTESIAN_POINT('Control Point',(-11.7609373939,4.29068759058,0.95934957948)) ;
#3567=CARTESIAN_POINT('Axis2P3D Location',(0.,3.9728682451,0.)) ;
#3571=CARTESIAN_POINT('Vertex',(-11.8127769806,3.9728682451,-0.961570545864)) ;
#3575=CARTESIAN_POINT('Control Point',(-11.7609373931,4.29068759058,-0.959349589992)) ;
#3576=CARTESIAN_POINT('Control Point',(-11.7609373943,4.1828627176,-0.95934957465)) ;
#3577=CARTESIAN_POINT('Control Point',(-11.7785248585,4.07507296196,-0.960095067357)) ;
#3578=CARTESIAN_POINT('Control Point',(-11.8127796098,3.97286824614,-0.961538241872)) ;
#3587=CARTESIAN_POINT('Axis2P3D Location',(-1.12071686463E-15,11.5254878998,0.5)) ;
#3592=CARTESIAN_POINT('Line Origine',(-13.3570579269,-2.6,0.5)) ;
#3596=CARTESIAN_POINT('Vertex',(-12.6980313435,-2.6,0.5)) ;
#3599=CARTESIAN_POINT('Line Origine',(-12.2592821976,5.09534379529,0.5)) ;
#3603=CARTESIAN_POINT('Vertex',(-12.2592821262,4.29068742508,0.5)) ;
#3607=CARTESIAN_POINT('Control Point',(-12.2852900347,4.13178501061,0.5)) ;
#3608=CARTESIAN_POINT('Control Point',(-12.2809588462,4.14466437659,0.5)) ;
#3609=CARTESIAN_POINT('Control Point',(-12.2770662404,4.15769098458,0.5)) ;
#3610=CARTESIAN_POINT('Control Point',(-12.2736189869,4.1708449985,0.5)) ;
#3611=CARTESIAN_POINT('Control Point',(-12.2664855585,4.20241439098,0.5)) ;
#3612=CARTESIAN_POINT('Control Point',(-12.2619295432,4.23447258352,0.5)) ;
#3613=CARTESIAN_POINT('Control Point',(-12.2601646168,4.25317435638,0.5)) ;
#3614=CARTESIAN_POINT('Control Point',(-12.2592821519,4.27193097502,0.5)) ;
#3615=CARTESIAN_POINT('Control Point',(-12.2592821262,4.29068742508,0.5)) ;
#3616=CARTESIAN_POINT('Vertex',(-12.2852900855,4.1317850277,0.5)) ;
#3619=CARTESIAN_POINT('Axis2P3D Location',(-2.32047105987E-13,-1.10134124043E-13,0.5)) ;
#3634=CARTESIAN_POINT('Axis2P3D Location',(-12.8962707585,-2.6,-3.63598040565E-15)) ;
#3640=CARTESIAN_POINT('Control Point',(-12.491597173,-3.1,-3.38618022511E-15)) ;
#3641=CARTESIAN_POINT('Control Point',(-12.491597141,-3.1,0.196258052766)) ;
#3642=CARTESIAN_POINT('Control Point',(-12.5353990224,-2.99511704333,0.395575471572)) ;
#3643=CARTESIAN_POINT('Control Point',(-12.6177867456,-2.79595161893,0.5)) ;
#3644=CARTESIAN_POINT('Control Point',(-12.6980313435,-2.6,0.5)) ;
#3645=CARTESIAN_POINT('Vertex',(-12.491597173,-3.1,-3.52851404971E-15)) ;
#3648=CARTESIAN_POINT('Line Origine',(-12.8962707585,-3.1,-3.63598040565E-15)) ;
#3661=CARTESIAN_POINT('Control Point',(-11.8127769806,3.97286824509,-0.96157054586)) ;
#3662=CARTESIAN_POINT('Control Point',(-12.3355961071,2.41834754375,-0.961529142039)) ;
#3663=CARTESIAN_POINT('Control Point',(-12.5857133902,0.771574261464,-0.961534838205)) ;
#3664=CARTESIAN_POINT('Control Point',(-12.5386426857,-0.893211602666,-0.961572005677)) ;
#3665=CARTESIAN_POINT('Control Point',(-12.2096446217,-2.49999981571,-0.961550379357)) ;
#3666=CARTESIAN_POINT('Vertex',(-12.2096454783,-2.50000018272,-0.961538548838)) ;
#3670=CARTESIAN_POINT('Control Point',(-12.2096454783,-2.50000018272,-0.961538548838)) ;
#3671=CARTESIAN_POINT('Control Point',(-12.132485748,-2.87683711726,-0.961539118138)) ;
#3672=CARTESIAN_POINT('Control Point',(-12.053270425,-3.25983074762,-0.760722810329)) ;
#3673=CARTESIAN_POINT('Control Point',(-12.0111511305,-3.46153846154,-0.377423561021)) ;
#3674=CARTESIAN_POINT('Control Point',(-12.0111511305,-3.46153846154,-4.32986979604E-15)) ;
#3675=CARTESIAN_POINT('Vertex',(-12.0111511403,-3.46153842761,-1.65754373257E-07)) ;
#3679=CARTESIAN_POINT('Control Point',(-12.0111511403,-3.46153842761,-1.65754373338E-07)) ;
#3680=CARTESIAN_POINT('Control Point',(-12.0111511839,-3.46153829416,0.377418648256)) ;
#3681=CARTESIAN_POINT('Control Point',(-12.0532682582,-3.2598412298,0.760721244544)) ;
#3682=CARTESIAN_POINT('Control Point',(-12.1324872554,-2.8768300364,0.961538461538)) ;
#3683=CARTESIAN_POINT('Control Point',(-12.2096455226,-2.5,0.961538461538)) ;
#3684=CARTESIAN_POINT('Vertex',(-12.2096449581,-2.49999994086,0.961545783546)) ;
#3688=CARTESIAN_POINT('Control Point',(-12.2096449581,-2.49999994086,0.961545783546)) ;
#3689=CARTESIAN_POINT('Control Point',(-12.538644588,-0.89320542685,0.961564000949)) ;
#3690=CARTESIAN_POINT('Control Point',(-12.585710509,0.77157452609,0.96155042503)) ;
#3691=CARTESIAN_POINT('Control Point',(-12.3355984169,2.41834172838,0.961524412734)) ;
#3692=CARTESIAN_POINT('Control Point',(-11.8127776814,3.97286824509,0.961561935889)) ;
#3716=CARTESIAN_POINT('Axis2P3D Location',(-8.43161108473E-16,-3.1,-0.5)) ;
#3721=CARTESIAN_POINT('Line Origine',(-13.3570579269,-2.6,-0.5)) ;
#3725=CARTESIAN_POINT('Vertex',(-12.698031307,-2.6,-0.5)) ;
#3728=CARTESIAN_POINT('Axis2P3D Location',(-2.57121568601E-14,-1.42108547152E-14,-0.5)) ;
#3732=CARTESIAN_POINT('Vertex',(-12.285289973,4.13178536207,-0.5)) ;
#3736=CARTESIAN_POINT('Control Point',(-12.2592821811,4.2906876357,-0.5)) ;
#3737=CARTESIAN_POINT('Control Point',(-12.2592821341,4.25834174179,-0.5)) ;
#3738=CARTESIAN_POINT('Control Point',(-12.2619063311,4.22599721422,-0.5)) ;
#3739=CARTESIAN_POINT('Control Point',(-12.267154295,4.19393820748,-0.5)) ;
#3740=CARTESIAN_POINT('Control Point',(-12.2749787859,4.16244545058,-0.5)) ;
#3741=CARTESIAN_POINT('Control Point',(-12.2852895497,4.13178521969,-0.5)) ;
#3742=CARTESIAN_POINT('Vertex',(-12.2592821811,4.2906876357,-0.5)) ;
#3745=CARTESIAN_POINT('Line Origine',(-12.2592821976,5.09534379529,-0.5)) ;
#3760=CARTESIAN_POINT('Axis2P3D Location',(-12.8962707585,-2.6,-3.77475828373E-15)) ;
#3766=CARTESIAN_POINT('Control Point',(-12.698031307,-2.6,-0.5)) ;
#3767=CARTESIAN_POINT('Control Point',(-12.6177852555,-2.79595437197,-0.5)) ;
#3768=CARTESIAN_POINT('Control Point',(-12.5354011888,-2.9951127932,-0.395576097709)) ;
#3769=CARTESIAN_POINT('Control Point',(-12.4915971757,-3.1,-0.196260251731)) ;
#3770=CARTESIAN_POINT('Control Point',(-12.4915971757,-3.1,-3.83026943496E-15)) ;
#3780=CARTESIAN_POINT('Control Point',(-11.812779457,3.97286834363,0.961538336125)) ;
#3781=CARTESIAN_POINT('Control Point',(-11.8236708377,3.97653111495,0.812601253846)) ;
#3782=CARTESIAN_POINT('Control Point',(-11.887281176,3.99792368009,0.667955394916)) ;
#3783=CARTESIAN_POINT('Control Point',(-12.0021180559,4.03654414389,0.555785732456)) ;
#3784=CARTESIAN_POINT('Control Point',(-12.1437052556,4.08416097795,0.500000000135)) ;
#3785=CARTESIAN_POINT('Control Point',(-12.2852924461,4.13177784029,0.5)) ;
#3786=CARTESIAN_POINT('Control Point',(-11.7922263749,4.03419223968,0.960672415692)) ;
#3787=CARTESIAN_POINT('Control Point',(-11.803587797,4.03722700627,0.811928475986)) ;
#3788=CARTESIAN_POINT('Control Point',(-11.8686882136,4.05452932682,0.667562392679)) ;
#3789=CARTESIAN_POINT('Control Point',(-11.9859599977,4.08567971956,0.555655996561)) ;
#3790=CARTESIAN_POINT('Control Point',(-12.1304703112,4.12405979471,0.499999999838)) ;
#3791=CARTESIAN_POINT('Control Point',(-12.274980624,4.16243987807,0.5)) ;
#3792=CARTESIAN_POINT('Control Point',(-11.776628091,4.0971853067,0.960013441085)) ;
#3793=CARTESIAN_POINT('Control Point',(-11.7883588148,4.09951585927,0.811417021347)) ;
#3794=CARTESIAN_POINT('Control Point',(-11.8545959118,4.11258840754,0.66726383763)) ;
#3795=CARTESIAN_POINT('Control Point',(-11.9737126528,4.13607905067,0.555557433548)) ;
#3796=CARTESIAN_POINT('Control Point',(-12.1204336268,4.16500777948,0.49999999993)) ;
#3797=CARTESIAN_POINT('Control Point',(-12.2671546047,4.19393649741,0.5)) ;
#3798=CARTESIAN_POINT('Control Point',(-11.7661673028,4.16131197981,0.959570855937)) ;
#3799=CARTESIAN_POINT('Control Point',(-11.7781502405,4.16288378002,0.811073710689)) ;
#3800=CARTESIAN_POINT('Control Point',(-11.8451517351,4.17163052261,0.667063511058)) ;
#3801=CARTESIAN_POINT('Control Point',(-11.9655047167,4.18733320572,0.555491296854)) ;
#3802=CARTESIAN_POINT('Control Point',(-12.1137054546,4.20666648416,0.500000000141)) ;
#3803=CARTESIAN_POINT('Control Point',(-12.2619061897,4.22599976673,0.5)) ;
#3804=CARTESIAN_POINT('Control Point',(-11.7609373159,4.22600032302,0.959349600505)) ;
#3805=CARTESIAN_POINT('Control Point',(-11.7730463091,4.22678615852,0.810902081882)) ;
#3806=CARTESIAN_POINT('Control Point',(-11.8404299509,4.23115944667,0.666963361742)) ;
#3807=CARTESIAN_POINT('Control Point',(-11.9614010097,4.23901069846,0.555458232273)) ;
#3808=CARTESIAN_POINT('Control Point',(-12.1103415913,4.24867726028,0.499999999336)) ;
#3809=CARTESIAN_POINT('Control Point',(-12.2592821705,4.25834384655,0.5)) ;
#3810=CARTESIAN_POINT('Control Point',(-11.7609372473,4.29068757874,0.959349608527)) ;
#3811=CARTESIAN_POINT('Control Point',(-11.7730462333,4.29068748738,0.810902087649)) ;
#3812=CARTESIAN_POINT('Control Point',(-11.8404298739,4.29068741438,0.666963364683)) ;
#3813=CARTESIAN_POINT('Control Point',(-11.9614009391,4.29068737708,0.555458232814)) ;
#3814=CARTESIAN_POINT('Control Point',(-12.1103415327,4.29068738338,0.499999998933)) ;
#3815=CARTESIAN_POINT('Control Point',(-12.2592821262,4.29068742508,0.5)) ;
#3817=CARTESIAN_POINT('Control Point',(-11.7609372473,4.29068757874,0.959349608527)) ;
#3818=CARTESIAN_POINT('Control Point',(-11.7760734797,4.29068746454,0.77379020743)) ;
#3819=CARTESIAN_POINT('Control Point',(-11.884943628,4.2906873802,0.593883143336)) ;
#3820=CARTESIAN_POINT('Control Point',(-12.0731063843,4.29068737296,0.499999998667)) ;
#3821=CARTESIAN_POINT('Control Point',(-12.2592821262,4.29068742508,0.5)) ;
#3824=CARTESIAN_POINT('Control Point',(-11.812779457,3.97286834363,0.961538336125)) ;
#3825=CARTESIAN_POINT('Control Point',(-11.8263936828,3.97744680778,0.775366983276)) ;
#3826=CARTESIAN_POINT('Control Point',(-11.9294161431,4.01209395256,0.59445396965)) ;
#3827=CARTESIAN_POINT('Control Point',(-12.108308458,4.07225676236,0.500000000169)) ;
#3828=CARTESIAN_POINT('Control Point',(-12.2852924461,4.13177784029,0.5)) ;
#3837=CARTESIAN_POINT('Axis2P3D Location',(3.5527136788E-15,-2.33146835171E-15,1.)) ;
#3842=CARTESIAN_POINT('Axis2P3D Location',(-12.6980313319,-2.60000005635,1.)) ;
#3855=CARTESIAN_POINT('Control Point',(-12.0111511278,-3.4615385376,-9.6646509129E-08)) ;
#3856=CARTESIAN_POINT('Control Point',(-12.0468798981,-3.33756366068,-5.19204208516E-08)) ;
#3857=CARTESIAN_POINT('Control Point',(-12.1225969452,-3.2251131547,-7.47567724391E-09)) ;
#3858=CARTESIAN_POINT('Control Point',(-12.2335559936,-3.1416158128,3.04247373961E-08)) ;
#3859=CARTESIAN_POINT('Control Point',(-12.3625765833,-3.10000003312,5.59124725963E-08)) ;
#3860=CARTESIAN_POINT('Control Point',(-12.491597173,-3.10000003976,6.74600195705E-08)) ;
#3861=CARTESIAN_POINT('Control Point',(-12.0111511031,-3.46153896484,0.301935315856)) ;
#3862=CARTESIAN_POINT('Control Point',(-12.0468798414,-3.33756399108,0.260670580331)) ;
#3863=CARTESIAN_POINT('Control Point',(-12.122596875,-3.22511339503,0.220411066926)) ;
#3864=CARTESIAN_POINT('Control Point',(-12.2335559309,-3.14161599169,0.186939829287)) ;
#3865=CARTESIAN_POINT('Control Point',(-12.3625765391,-3.10000019524,0.165439421748)) ;
#3866=CARTESIAN_POINT('Control Point',(-12.4915971474,-3.10000022594,0.157006858687)) ;
#3867=CARTESIAN_POINT('Control Point',(-12.0358185842,-3.34302578262,0.603876075144)) ;
#3868=CARTESIAN_POINT('Control Point',(-12.0688864231,-3.23278251287,0.521345739844)) ;
#3869=CARTESIAN_POINT('Control Point',(-12.1436149593,-3.13412736722,0.440825867864)) ;
#3870=CARTESIAN_POINT('Control Point',(-12.2554570446,-3.06327480962,0.373882693874)) ;
#3871=CARTESIAN_POINT('Control Point',(-12.3863541861,-3.03175314479,0.330881441553)) ;
#3872=CARTESIAN_POINT('Control Point',(-12.5172513277,-3.03837303644,0.314016160464)) ;
#3873=CARTESIAN_POINT('Control Point',(-12.0858144286,-3.10286835562,0.843393893557)) ;
#3874=CARTESIAN_POINT('Control Point',(-12.1135528359,-3.02012695037,0.724593773207)) ;
#3875=CARTESIAN_POINT('Control Point',(-12.1863246008,-2.94911498682,0.608851828542)) ;
#3876=CARTESIAN_POINT('Control Point',(-12.2999447545,-2.90379038552,0.514146439047)) ;
#3877=CARTESIAN_POINT('Control Point',(-12.4345958836,-2.89299198915,0.456477436611)) ;
#3878=CARTESIAN_POINT('Control Point',(-12.569247012,-2.91348882147,0.438564740864)) ;
#3879=CARTESIAN_POINT('Control Point',(-12.1479189089,-2.80146402912,0.961538461538)) ;
#3880=CARTESIAN_POINT('Control Point',(-12.1678762648,-2.75886692458,0.818871802277)) ;
#3881=CARTESIAN_POINT('Control Point',(-12.2374598865,-2.7278328999,0.680135023862)) ;
#3882=CARTESIAN_POINT('Control Point',(-12.3535307501,-2.71655424813,0.569877689477)) ;
#3883=CARTESIAN_POINT('Control Point',(-12.4936832077,-2.72791272911,0.509394619233)) ;
#3884=CARTESIAN_POINT('Control Point',(-12.6338356652,-2.75676129514,0.5)) ;
#3885=CARTESIAN_POINT('Control Point',(-12.2096455226,-2.5,0.961538461538)) ;
#3886=CARTESIAN_POINT('Control Point',(-12.2209027137,-2.5023049791,0.812601350471)) ;
#3887=CARTESIAN_POINT('Control Point',(-12.2866498442,-2.51576710837,0.667955451006)) ;
#3888=CARTESIAN_POINT('Control Point',(-12.4053443749,-2.5400705434,0.555785750833)) ;
#3889=CARTESIAN_POINT('Control Point',(-12.5516878592,-2.5700352717,0.5)) ;
#3890=CARTESIAN_POINT('Control Point',(-12.6980313435,-2.6,0.5)) ;
#3892=CARTESIAN_POINT('Control Point',(-12.0111511278,-3.4615385376,-9.66465092123E-08)) ;
#3893=CARTESIAN_POINT('Control Point',(-12.0558120907,-3.30656994144,-4.07388986444E-08)) ;
#3894=CARTESIAN_POINT('Control Point',(-12.1680116361,-3.16998939315,1.5054013183E-08)) ;
#3895=CARTESIAN_POINT('Control Point',(-12.3303214359,-3.10000003146,5.30255858459E-08)) ;
#3896=CARTESIAN_POINT('Control Point',(-12.491597173,-3.10000003976,6.74600195427E-08)) ;
#3906=CARTESIAN_POINT('Control Point',(-12.2096454876,-2.50000011461,-0.961538458396)) ;
#3907=CARTESIAN_POINT('Control Point',(-12.2209026789,-2.50230510978,-0.812601348771)) ;
#3908=CARTESIAN_POINT('Control Point',(-12.2866498094,-2.51576725559,-0.667955450763)) ;
#3909=CARTESIAN_POINT('Control Point',(-12.4053443397,-2.54007070461,-0.555785751703)) ;
#3910=CARTESIAN_POINT('Control Point',(-12.5516878233,-2.57003544137,-0.500000001326)) ;
#3911=CARTESIAN_POINT('Control Point',(-12.698031307,-2.60000017221,-0.500000001164)) ;
#3912=CARTESIAN_POINT('Control Point',(-12.1479177565,-2.80146932344,-0.961538481732)) ;
#3913=CARTESIAN_POINT('Control Point',(-12.1678752585,-2.7588715713,-0.818871917824)) ;
#3914=CARTESIAN_POINT('Control Point',(-12.2374589438,-2.72783690678,-0.68013522895)) ;
#3915=CARTESIAN_POINT('Control Point',(-12.353529762,-2.71655774592,-0.569877919081)) ;
#3916=CARTESIAN_POINT('Control Point',(-12.4936821138,-2.72791596543,-0.50939476593)) ;
#3917=CARTESIAN_POINT('Control Point',(-12.6338344658,-2.75676452442,-0.499999988588)) ;
#3918=CARTESIAN_POINT('Control Point',(-12.0858131856,-3.10287339745,-0.84339057567)) ;
#3919=CARTESIAN_POINT('Control Point',(-12.11355159,-3.02013236463,-0.724590893579)) ;
#3920=CARTESIAN_POINT('Control Point',(-12.1863233387,-2.94912078429,-0.608849372946)) ;
#3921=CARTESIAN_POINT('Control Point',(-12.2999434762,-2.90379645045,-0.514144313313)) ;
#3922=CARTESIAN_POINT('Control Point',(-12.4345945921,-2.89299809295,-0.456475476414)) ;
#3923=CARTESIAN_POINT('Control Point',(-12.5692457085,-2.91349476972,-0.43856277168)) ;
#3924=CARTESIAN_POINT('Control Point',(-12.0358192883,-3.34302127275,-0.603883220483)) ;
#3925=CARTESIAN_POINT('Control Point',(-12.0688871638,-3.23277874911,-0.521351000772)) ;
#3926=CARTESIAN_POINT('Control Point',(-12.1436157189,-3.13412432893,-0.44082926557)) ;
#3927=CARTESIAN_POINT('Control Point',(-12.2554578023,-3.06327236295,-0.373884505837)) ;
#3928=CARTESIAN_POINT('Control Point',(-12.3863549311,-3.03175105721,-0.330882183051)) ;
#3929=CARTESIAN_POINT('Control Point',(-12.5172520599,-3.03837106174,-0.314016410552)) ;
#3930=CARTESIAN_POINT('Control Point',(-12.0111511305,-3.46153846154,-0.301938848817)) ;
#3931=CARTESIAN_POINT('Control Point',(-12.046879908,-3.33756360147,-0.260673499621)) ;
#3932=CARTESIAN_POINT('Control Point',(-12.1225969581,-3.22511311089,-0.22041338404)) ;
#3933=CARTESIAN_POINT('Control Point',(-12.2335560048,-3.14161577868,-0.186941641069)) ;
#3934=CARTESIAN_POINT('Control Point',(-12.3625765902,-3.1,-0.165440902732)) ;
#3935=CARTESIAN_POINT('Control Point',(-12.4915971757,-3.1,-0.157008201385)) ;
#3936=CARTESIAN_POINT('Control Point',(-12.0111511305,-3.46153846154,-3.21964677141E-15)) ;
#3937=CARTESIAN_POINT('Control Point',(-12.046879908,-3.33756360147,-3.5527136788E-15)) ;
#3938=CARTESIAN_POINT('Control Point',(-12.1225969581,-3.22511311088,-3.5527136788E-15)) ;
#3939=CARTESIAN_POINT('Control Point',(-12.2335560048,-3.14161577868,-3.83026943496E-15)) ;
#3940=CARTESIAN_POINT('Control Point',(-12.3625765902,-3.1,-3.83026943496E-15)) ;
#3941=CARTESIAN_POINT('Control Point',(-12.4915971757,-3.1,-4.05231403988E-15)) ;
#3943=CARTESIAN_POINT('Control Point',(-12.2096454876,-2.50000011461,-0.961538458396)) ;
#3944=CARTESIAN_POINT('Control Point',(-12.2237169768,-2.50288135857,-0.775367071364)) ;
#3945=CARTESIAN_POINT('Control Point',(-12.3302001802,-2.52468447041,-0.594454002293)) ;
#3946=CARTESIAN_POINT('Control Point',(-12.5151019524,-2.56254425866,-0.500000001367)) ;
#3947=CARTESIAN_POINT('Control Point',(-12.698031307,-2.60000017221,-0.500000001164)) ;
#3956=CARTESIAN_POINT('Axis2P3D Location',(1.24344978758E-14,-8.881784197E-16,-1.)) ;
#3961=CARTESIAN_POINT('Axis2P3D Location',(-12.2852904999,4.13178379555,-1.)) ;
#3974=CARTESIAN_POINT('Control Point',(-11.760937359,4.29068760469,-0.959349597224)) ;
#3975=CARTESIAN_POINT('Control Point',(-11.7730463476,4.29068762635,-0.810902079456)) ;
#3976=CARTESIAN_POINT('Control Point',(-11.8404299824,4.290687643,-0.666963360685)) ;
#3977=CARTESIAN_POINT('Control Point',(-11.9614010329,4.29068765053,-0.555458232419)) ;
#3978=CARTESIAN_POINT('Control Point',(-12.110341607,4.29068764734,-0.499999999797)) ;
#3979=CARTESIAN_POINT('Control Point',(-12.2592821811,4.2906876357,-0.5)) ;
#3980=CARTESIAN_POINT('Control Point',(-11.7609372677,4.22599271551,-0.959349607503)) ;
#3981=CARTESIAN_POINT('Control Point',(-11.7730462528,4.22677876776,-0.810902087049)) ;
#3982=CARTESIAN_POINT('Control Point',(-11.8404298914,4.23115267041,-0.666963364632)) ;
#3983=CARTESIAN_POINT('Control Point',(-11.9614009535,4.23900489801,-0.555458233163)) ;
#3984=CARTESIAN_POINT('Control Point',(-12.1103415436,4.24867259035,-0.499999999275)) ;
#3985=CARTESIAN_POINT('Control Point',(-12.2592821341,4.25834025915,-0.5)) ;
#3986=CARTESIAN_POINT('Control Point',(-11.76616811,4.16130044753,-0.959570958301)) ;
#3987=CARTESIAN_POINT('Control Point',(-11.7781509926,4.16287253004,-0.811073788064)) ;
#3988=CARTESIAN_POINT('Control Point',(-11.8451524066,4.17162016707,-0.667063553941)) ;
#3989=CARTESIAN_POINT('Control Point',(-11.965505292,4.18732431023,-0.555491308506)) ;
#3990=CARTESIAN_POINT('Control Point',(-12.1137059302,4.20665930516,-0.499999997802)) ;
#3991=CARTESIAN_POINT('Control Point',(-12.2619065716,4.22599424907,-0.5)) ;
#3992=CARTESIAN_POINT('Control Point',(-11.7766289711,4.09717936583,-0.960013624605)) ;
#3993=CARTESIAN_POINT('Control Point',(-11.7883596102,4.09951013142,-0.811417160263)) ;
#3994=CARTESIAN_POINT('Control Point',(-11.8545966065,4.11258319996,-0.667263914598)) ;
#3995=CARTESIAN_POINT('Control Point',(-11.9737132459,4.13607463379,-0.555557454322)) ;
#3996=CARTESIAN_POINT('Control Point',(-12.1204341251,4.16500425203,-0.499999995602)) ;
#3997=CARTESIAN_POINT('Control Point',(-12.2671550167,4.19393379902,-0.5)) ;
#3998=CARTESIAN_POINT('Control Point',(-11.7922257437,4.03419106172,-0.960672553462)) ;
#3999=CARTESIAN_POINT('Control Point',(-11.803587081,4.03722605392,-0.811928578305)) ;
#4000=CARTESIAN_POINT('Control Point',(-11.868687479,4.05452862828,-0.667562447816)) ;
#4001=CARTESIAN_POINT('Control Point',(-11.9859593271,4.08567926073,-0.555656009945)) ;
#4002=CARTESIAN_POINT('Control Point',(-12.1304697635,4.12405950758,-0.499999995333)) ;
#4003=CARTESIAN_POINT('Control Point',(-12.2749802205,4.16243967645,-0.5)) ;
#4004=CARTESIAN_POINT('Control Point',(-11.8127786828,3.97286813633,-0.96153844378)) ;
#4005=CARTESIAN_POINT('Control Point',(-11.8236699591,3.97653116424,-0.812601332083)) ;
#4006=CARTESIAN_POINT('Control Point',(-11.8872802674,3.99792395117,-0.667955436025)) ;
#4007=CARTESIAN_POINT('Control Point',(-12.0021172118,4.03654455303,-0.55578574161)) ;
#4008=CARTESIAN_POINT('Control Point',(-12.14370455,4.08416140968,-0.499999995997)) ;
#4009=CARTESIAN_POINT('Control Point',(-12.2852919128,4.13177819284,-0.5)) ;
#4011=CARTESIAN_POINT('Control Point',(-11.760937359,4.29068760469,-0.959349597224)) ;
#4012=CARTESIAN_POINT('Control Point',(-11.7760735947,4.29068763176,-0.773790200014)) ;
#4013=CARTESIAN_POINT('Control Point',(-11.8849437319,4.29068765065,-0.593883141809)) ;
#4014=CARTESIAN_POINT('Control Point',(-12.0731064635,4.29068765025,-0.499999999746)) ;
#4015=CARTESIAN_POINT('Control Point',(-12.2592821811,4.2906876357,-0.5)) ;
#4024=CARTESIAN_POINT('Axis2P3D Location',(-12.2592821976,1.65,-1.)) ;
#4036=CARTESIAN_POINT('Axis2P3D Location',(-12.2592821976,1.65,1.)) ;
#8=PRODUCT_RELATED_PRODUCT_CATEGORY('part',$,(#5)) ;
#15=UNCERTAINTY_MEASURE_WITH_UNIT(LENGTH_MEASURE(0.005),#12,'distance_accuracy_value','CONFUSED CURVE UNCERTAINTY') ;
#30=PRESENTATION_LAYER_ASSIGNMENT('0',' ',(#21)) ;
#29=STYLED_ITEM(' ',(#28),#21) ;
#28=PRESENTATION_STYLE_ASSIGNMENT((#27)) ;
#27=SURFACE_STYLE_USAGE(.BOTH.,#26) ;
#26=SURFACE_SIDE_STYLE(' ',(#25)) ;
#25=SURFACE_STYLE_FILL_AREA(#24) ;
#24=FILL_AREA_STYLE(' ',(#23)) ;
#23=FILL_AREA_STYLE_COLOUR(' ',#22) ;
#153=VECTOR('Line Direction',#152,1.) ;
#160=VECTOR('Line Direction',#159,1.) ;
#186=VECTOR('Line Direction',#185,1.) ;
#193=VECTOR('Line Direction',#192,1.) ;
#227=VECTOR('Line Direction',#226,1.) ;
#241=VECTOR('Line Direction',#240,1.) ;
#270=VECTOR('Line Direction',#269,1.) ;
#277=VECTOR('Line Direction',#276,1.) ;
#303=VECTOR('Line Direction',#302,1.) ;
#310=VECTOR('Line Direction',#309,1.) ;
#336=VECTOR('Line Direction',#335,1.) ;
#343=VECTOR('Line Direction',#342,1.) ;
#397=VECTOR('Line Direction',#396,1.) ;
#411=VECTOR('Line Direction',#410,1.) ;
#440=VECTOR('Line Direction',#439,1.) ;
#454=VECTOR('Line Direction',#453,1.) ;
#511=VECTOR('Line Direction',#510,1.) ;
#525=VECTOR('Line Direction',#524,1.) ;
#582=VECTOR('Line Direction',#581,1.) ;
#596=VECTOR('Line Direction',#595,1.) ;
#675=VECTOR('Line Direction',#674,1.) ;
#689=VECTOR('Line Direction',#688,1.) ;
#721=VECTOR('Line Direction',#720,1.) ;
#746=VECTOR('Line Direction',#745,1.) ;
#768=VECTOR('Line Direction',#767,1.) ;
#784=VECTOR('Line Direction',#783,1.) ;
#840=VECTOR('Line Direction',#839,1.) ;
#857=VECTOR('Line Direction',#856,1.) ;
#864=VECTOR('Line Direction',#863,1.) ;
#913=VECTOR('Line Direction',#912,1.) ;
#930=VECTOR('Line Direction',#929,1.) ;
#947=VECTOR('Line Direction',#946,1.) ;
#971=VECTOR('Line Direction',#970,1.) ;
#1331=VECTOR('Line Direction',#1330,1.) ;
#1407=VECTOR('Line Direction',#1406,1.) ;
#1432=VECTOR('Line Direction',#1431,1.) ;
#1512=VECTOR('Line Direction',#1511,1.) ;
#1526=VECTOR('Line Direction',#1525,1.) ;
#1538=VECTOR('Line Direction',#1537,1.) ;
#1562=VECTOR('Line Direction',#1561,1.) ;
#1588=VECTOR('Line Direction',#1587,1.) ;
#1595=VECTOR('Line Direction',#1594,1.) ;
#1602=VECTOR('Line Direction',#1601,1.) ;
#1651=VECTOR('Line Direction',#1650,1.) ;
#1734=VECTOR('Line Direction',#1733,1.) ;
#1758=VECTOR('Line Direction',#1757,1.) ;
#2100=VECTOR('Line Direction',#2099,1.) ;
#2125=VECTOR('Line Direction',#2124,1.) ;
#2151=VECTOR('Line Direction',#2150,1.) ;
#2175=VECTOR('Line Direction',#2174,1.) ;
#2219=VECTOR('Line Direction',#2218,1.) ;
#2236=VECTOR('Line Direction',#2235,1.) ;
#2243=VECTOR('Line Direction',#2242,1.) ;
#2292=VECTOR('Line Direction',#2291,1.) ;
#2309=VECTOR('Line Direction',#2308,1.) ;
#2333=VECTOR('Line Direction',#2332,1.) ;
#2688=VECTOR('Line Direction',#2687,1.) ;
#2743=VECTOR('Line Direction',#2742,1.) ;
#2768=VECTOR('Line Direction',#2767,1.) ;
#2812=VECTOR('Line Direction',#2811,1.) ;
#2831=VECTOR('Line Direction',#2830,1.) ;
#2857=VECTOR('Line Direction',#2856,1.) ;
#2874=VECTOR('Line Direction',#2873,1.) ;
#2881=VECTOR('Line Direction',#2880,1.) ;
#2930=VECTOR('Line Direction',#2929,1.) ;
#2947=VECTOR('Line Direction',#2946,1.) ;
#2971=VECTOR('Line Direction',#2970,1.) ;
#3326=VECTOR('Line Direction',#3325,1.) ;
#3411=VECTOR('Line Direction',#3410,1.) ;
#3436=VECTOR('Line Direction',#3435,1.) ;
#3453=VECTOR('Line Direction',#3452,1.) ;
#3490=VECTOR('Line Direction',#3489,1.) ;
#3511=VECTOR('Line Direction',#3510,1.) ;
#3530=VECTOR('Line Direction',#3529,1.) ;
#3594=VECTOR('Line Direction',#3593,1.) ;
#3601=VECTOR('Line Direction',#3600,1.) ;
#3650=VECTOR('Line Direction',#3649,1.) ;
#3723=VECTOR('Line Direction',#3722,1.) ;
#3747=VECTOR('Line Direction',#3746,1.) ;
#33=DIRECTION('Axis2P3D Direction',(-0.,1.,0.)) ;
#34=DIRECTION('Axis2P3D XDirection',(1.,0.,0.)) ;
#38=DIRECTION('Axis2P3D Direction',(-0.,1.,0.)) ;
#47=DIRECTION('Axis2P3D Direction',(-0.,1.,0.)) ;
#56=DIRECTION('Axis2P3D Direction',(-0.,1.,0.)) ;
#65=DIRECTION('Axis2P3D Direction',(-0.,1.,0.)) ;
#72=DIRECTION('Axis2P3D Direction',(-0.,1.,0.)) ;
#79=DIRECTION('Axis2P3D Direction',(-0.,1.,0.)) ;
#86=DIRECTION('Axis2P3D Direction',(-0.,1.,0.)) ;
#93=DIRECTION('Axis2P3D Direction',(-0.,1.,0.)) ;
#100=DIRECTION('Axis2P3D Direction',(-0.,1.,0.)) ;
#107=DIRECTION('Axis2P3D Direction',(-0.,1.,0.)) ;
#114=DIRECTION('Axis2P3D Direction',(-0.,1.,0.)) ;
#121=DIRECTION('Axis2P3D Direction',(-0.,1.,0.)) ;
#128=DIRECTION('Axis2P3D Direction',(-0.,1.,0.)) ;
#147=DIRECTION('Axis2P3D Direction',(0.,1.,0.)) ;
#148=DIRECTION('Axis2P3D XDirection',(0.606657231733,0.,-0.794963523179)) ;
#152=DIRECTION('Vector Direction',(0.,1.,0.)) ;
#159=DIRECTION('Vector Direction',(0.,1.,0.)) ;
#180=DIRECTION('Axis2P3D Direction',(0.,1.,0.)) ;
#181=DIRECTION('Axis2P3D XDirection',(0.943522633303,-0.,0.331308074827)) ;
#185=DIRECTION('Vector Direction',(0.,1.,0.)) ;
#192=DIRECTION('Vector Direction',(0.,1.,0.)) ;
#221=DIRECTION('Axis2P3D Direction',(0.,1.,0.)) ;
#222=DIRECTION('Axis2P3D XDirection',(-0.87758256189,0.,0.479425538604)) ;
#226=DIRECTION('Vector Direction',(0.,1.,0.)) ;
#233=DIRECTION('Axis2P3D Direction',(0.,1.,0.)) ;
#240=DIRECTION('Vector Direction',(0.,1.,0.)) ;
#252=DIRECTION('Axis2P3D Direction',(0.,1.,0.)) ;
#264=DIRECTION('Axis2P3D Direction',(0.,1.,0.)) ;
#265=DIRECTION('Axis2P3D XDirection',(-0.958063845268,0.,0.286554826151)) ;
#269=DIRECTION('Vector Direction',(0.,1.,0.)) ;
#276=DIRECTION('Vector Direction',(0.,1.,0.)) ;
#297=DIRECTION('Axis2P3D Direction',(0.,1.,0.)) ;
#298=DIRECTION('Axis2P3D XDirection',(-0.568587844571,0.,-0.822622551968)) ;
#302=DIRECTION('Vector Direction',(0.,1.,0.)) ;
#309=DIRECTION('Vector Direction',(0.,1.,0.)) ;
#330=DIRECTION('Axis2P3D Direction',(0.,1.,0.)) ;
#331=DIRECTION('Axis2P3D XDirection',(-0.0235281751974,0.,0.99972317417)) ;
#335=DIRECTION('Vector Direction',(0.,1.,0.)) ;
#342=DIRECTION('Vector Direction',(0.,1.,0.)) ;
#363=DIRECTION('Axis2P3D Direction',(-0.,1.,0.)) ;
#364=DIRECTION('Axis2P3D XDirection',(1.,0.,0.)) ;
#372=DIRECTION('Axis2P3D Direction',(-0.,1.,0.)) ;
#381=DIRECTION('Axis2P3D Direction',(-0.,1.,0.)) ;
#391=DIRECTION('Axis2P3D Direction',(0.,1.,0.)) ;
#392=DIRECTION('Axis2P3D XDirection',(-0.87758256189,0.,0.479425538604)) ;
#396=DIRECTION('Vector Direction',(-0.620544580564,0.707106781187,0.339005049421)) ;
#403=DIRECTION('Axis2P3D Direction',(0.,1.,0.)) ;
#410=DIRECTION('Vector Direction',(0.620544580564,0.707106781187,-0.339005049421)) ;
#422=DIRECTION('Axis2P3D Direction',(0.,1.,0.)) ;
#434=DIRECTION('Axis2P3D Direction',(0.,1.,0.)) ;
#435=DIRECTION('Axis2P3D XDirection',(-0.87758256189,0.,0.479425538604)) ;
#439=DIRECTION('Vector Direction',(-0.810780567019,0.382683432365,0.44293144248)) ;
#446=DIRECTION('Axis2P3D Direction',(0.,1.,0.)) ;
#453=DIRECTION('Vector Direction',(0.810780567019,0.382683432365,-0.44293144248)) ;
#465=DIRECTION('Axis2P3D Direction',(0.,1.,0.)) ;
#477=DIRECTION('Axis2P3D Direction',(-0.,1.,0.)) ;
#478=DIRECTION('Axis2P3D XDirection',(1.,0.,0.)) ;
#486=DIRECTION('Axis2P3D Direction',(-0.,1.,0.)) ;
#495=DIRECTION('Axis2P3D Direction',(-0.,1.,0.)) ;
#505=DIRECTION('Axis2P3D Direction',(0.,1.,0.)) ;
#506=DIRECTION('Axis2P3D XDirection',(-0.87758256189,0.,0.479425538604)) ;
#510=DIRECTION('Vector Direction',(0.,1.,0.)) ;
#517=DIRECTION('Axis2P3D Direction',(0.,1.,0.)) ;
#524=DIRECTION('Vector Direction',(0.,1.,0.)) ;
#536=DIRECTION('Axis2P3D Direction',(0.,1.,0.)) ;
#548=DIRECTION('Axis2P3D Direction',(-0.,1.,0.)) ;
#549=DIRECTION('Axis2P3D XDirection',(1.,0.,0.)) ;
#553=DIRECTION('Axis2P3D Direction',(-0.,1.,0.)) ;
#562=DIRECTION('Axis2P3D Direction',(-0.,1.,0.)) ;
#576=DIRECTION('Axis2P3D Direction',(0.,1.,0.)) ;
#577=DIRECTION('Axis2P3D XDirection',(-0.87758256189,0.,0.479425538604)) ;
#581=DIRECTION('Vector Direction',(0.,1.,0.)) ;
#588=DIRECTION('Axis2P3D Direction',(0.,1.,0.)) ;
#595=DIRECTION('Vector Direction',(0.,1.,0.)) ;
#607=DIRECTION('Axis2P3D Direction',(0.,1.,0.)) ;
#619=DIRECTION('Axis2P3D Direction',(0.,1.,0.)) ;
#620=DIRECTION('Axis2P3D XDirection',(-0.87758256189,0.,0.479425538604)) ;
#624=DIRECTION('Axis2P3D Direction',(0.479425538604,-0.,0.87758256189)) ;
#631=DIRECTION('Axis2P3D Direction',(0.,1.,0.)) ;
#638=DIRECTION('Axis2P3D Direction',(-0.479425538604,0.,-0.87758256189)) ;
#650=DIRECTION('Axis2P3D Direction',(0.,1.,0.)) ;
#662=DIRECTION('Axis2P3D Direction',(-0.,-1.,-0.)) ;
#663=DIRECTION('Axis2P3D XDirection',(-1.,0.,5.66553889765E-16)) ;
#667=DIRECTION('Axis2P3D Direction',(0.,-1.,-0.)) ;
#674=DIRECTION('Vector Direction',(0.620544580564,-0.707106781187,-0.339005049421)) ;
#681=DIRECTION('Axis2P3D Direction',(0.,-1.,-0.)) ;
#688=DIRECTION('Vector Direction',(0.707106781187,-0.707106781187,-8.01228194721E-16)) ;
#701=DIRECTION('Axis2P3D Direction',(0.,1.,0.)) ;
#702=DIRECTION('Axis2P3D XDirection',(-0.87758256189,0.,0.479425538604)) ;
#706=DIRECTION('Axis2P3D Direction',(0.,1.,0.)) ;
#713=DIRECTION('Axis2P3D Direction',(0.,1.,0.)) ;
#720=DIRECTION('Vector Direction',(0.,1.,0.)) ;
#745=DIRECTION('Vector Direction',(0.,1.,0.)) ;
#762=DIRECTION('Axis2P3D Direction',(0.,1.,0.)) ;
#763=DIRECTION('Axis2P3D XDirection',(-0.87758256189,0.,0.479425538604)) ;
#767=DIRECTION('Vector Direction',(0.,1.,0.)) ;
#776=DIRECTION('Axis2P3D Direction',(0.,1.,0.)) ;
#783=DIRECTION('Vector Direction',(0.,1.,0.)) ;
#790=DIRECTION('Axis2P3D Direction',(0.,1.,0.)) ;
#802=DIRECTION('Axis2P3D Direction',(0.,1.,0.)) ;
#803=DIRECTION('Axis2P3D XDirection',(-0.87758256189,0.,0.479425538604)) ;
#807=DIRECTION('Axis2P3D Direction',(0.,1.,0.)) ;
#816=DIRECTION('Axis2P3D Direction',(-0.479425538604,0.,-0.87758256189)) ;
#834=DIRECTION('Axis2P3D Direction',(-0.951056516295,-0.,-0.309016994375)) ;
#835=DIRECTION('Axis2P3D XDirection',(0.,-1.,0.)) ;
#839=DIRECTION('Vector Direction',(-0.309016994375,0.,0.951056516295)) ;
#856=DIRECTION('Vector Direction',(0.309016994375,0.,-0.951056516295)) ;
#863=DIRECTION('Vector Direction',(0.,-1.,0.)) ;
#883=DIRECTION('Axis2P3D Direction',(-0.951056516295,-0.,-0.309016994375)) ;
#898=DIRECTION('Axis2P3D Direction',(-0.309016994375,0.,0.951056516295)) ;
#899=DIRECTION('Axis2P3D XDirection',(0.,-1.,0.)) ;
#912=DIRECTION('Vector Direction',(-0.309016994375,0.,0.951056516295)) ;
#924=DIRECTION('Axis2P3D Direction',(0.951056516295,-0.,0.309016994375)) ;
#925=DIRECTION('Axis2P3D XDirection',(0.,1.,0.)) ;
#929=DIRECTION('Vector Direction',(0.309016994375,0.,-0.951056516295)) ;
#946=DIRECTION('Vector Direction',(-0.309016994375,0.,0.951056516295)) ;
#953=DIRECTION('Axis2P3D Direction',(0.951056516295,-0.,0.309016994375)) ;
#970=DIRECTION('Vector Direction',(0.,1.,0.)) ;
#985=DIRECTION('Axis2P3D Direction',(-0.309016994375,0.,0.951056516295)) ;
#986=DIRECTION('Axis2P3D XDirection',(-0.951056516295,0.,-0.309016994375)) ;
#1077=DIRECTION('Axis2P3D Direction',(-0.951056516295,-3.88578058619E-16,-0.309016994375)) ;
#1078=DIRECTION('Axis2P3D XDirection',(-0.293905466662,-0.308889078797,0.904548016231)) ;
#1082=DIRECTION('Axis2P3D Direction',(-0.951056516295,-3.88578058619E-16,-0.309016994375)) ;
#1089=DIRECTION('Axis2P3D Direction',(0.0619870659989,-0.979674386221,-0.190776572543)) ;
#1235=DIRECTION('Axis2P3D Direction',(0.951056516295,-1.52655665886E-15,0.309016994375)) ;
#1236=DIRECTION('Axis2P3D XDirection',(-0.2499566369,0.58797834591,0.769287426395)) ;
#1240=DIRECTION('Axis2P3D Direction',(0.951056516295,-1.52655665886E-15,0.309016994375)) ;
#1245=DIRECTION('Axis2P3D Direction',(0.0985065958757,0.947830739696,-0.30317212843)) ;
#1308=DIRECTION('Axis2P3D Direction',(0.,1.,0.)) ;
#1309=DIRECTION('Axis2P3D XDirection',(0.951056516295,0.,0.309016994375)) ;
#1313=DIRECTION('Axis2P3D Direction',(0.,1.,0.)) ;
#1325=DIRECTION('Axis2P3D Direction',(0.,-1.,0.)) ;
#1326=DIRECTION('Axis2P3D XDirection',(-0.951056516295,0.,-0.309016994375)) ;
#1330=DIRECTION('Vector Direction',(0.,-1.,0.)) ;
#1337=DIRECTION('Axis2P3D Direction',(0.,-1.,0.)) ;
#1349=DIRECTION('Axis2P3D Direction',(0.,-1.,-0.)) ;
#1356=DIRECTION('Axis2P3D Direction',(0.,-1.,-0.)) ;
#1377=DIRECTION('Axis2P3D Direction',(0.,-1.,-0.)) ;
#1384=DIRECTION('Axis2P3D Direction',(0.,-1.,-0.)) ;
#1406=DIRECTION('Vector Direction',(0.,1.,0.)) ;
#1431=DIRECTION('Vector Direction',(0.,1.,0.)) ;
#1448=DIRECTION('Axis2P3D Direction',(0.,1.,0.)) ;
#1457=DIRECTION('Axis2P3D Direction',(0.479425538604,-0.,0.87758256189)) ;
#1464=DIRECTION('Axis2P3D Direction',(0.,1.,0.)) ;
#1484=DIRECTION('Axis2P3D Direction',(0.,1.,0.)) ;
#1491=DIRECTION('Axis2P3D Direction',(0.,1.,0.)) ;
#1511=DIRECTION('Vector Direction',(0.,1.,0.)) ;
#1518=DIRECTION('Axis2P3D Direction',(0.,1.,0.)) ;
#1525=DIRECTION('Vector Direction',(0.,1.,0.)) ;
#1537=DIRECTION('Vector Direction',(0.,1.,0.)) ;
#1544=DIRECTION('Axis2P3D Direction',(0.,1.,0.)) ;
#1556=DIRECTION('Axis2P3D Direction',(-0.,1.,0.)) ;
#1557=DIRECTION('Axis2P3D XDirection',(1.,0.,0.)) ;
#1561=DIRECTION('Vector Direction',(-0.809016994375,0.,-0.587785252292)) ;
#1568=DIRECTION('Axis2P3D Direction',(-0.,1.,0.)) ;
#1582=DIRECTION('Axis2P3D Direction',(-0.587785252292,0.,0.809016994375)) ;
#1583=DIRECTION('Axis2P3D XDirection',(0.,-1.,0.)) ;
#1587=DIRECTION('Vector Direction',(0.809016994375,0.,0.587785252292)) ;
#1594=DIRECTION('Vector Direction',(-0.809016994375,0.,-0.587785252292)) ;
#1601=DIRECTION('Vector Direction',(0.,-1.,0.)) ;
#1621=DIRECTION('Axis2P3D Direction',(-0.587785252292,0.,0.809016994375)) ;
#1636=DIRECTION('Axis2P3D Direction',(0.809016994375,0.,0.587785252292)) ;
#1637=DIRECTION('Axis2P3D XDirection',(0.,-1.,0.)) ;
#1650=DIRECTION('Vector Direction',(0.809016994375,0.,0.587785252292)) ;
#1662=DIRECTION('Axis2P3D Direction',(0.,1.,0.)) ;
#1663=DIRECTION('Axis2P3D XDirection',(-0.87758256189,0.,0.479425538604)) ;
#1701=DIRECTION('Axis2P3D Direction',(0.479425538604,-0.,0.87758256189)) ;
#1706=DIRECTION('Axis2P3D Direction',(-0.479425538604,0.,-0.87758256189)) ;
#1728=DIRECTION('Axis2P3D Direction',(0.587785252292,0.,-0.809016994375)) ;
#1729=DIRECTION('Axis2P3D XDirection',(0.,1.,0.)) ;
#1733=DIRECTION('Vector Direction',(0.809016994375,0.,0.587785252292)) ;
#1740=DIRECTION('Axis2P3D Direction',(0.587785252292,0.,-0.809016994375)) ;
#1757=DIRECTION('Vector Direction',(0.,1.,0.)) ;
#1772=DIRECTION('Axis2P3D Direction',(0.809016994375,0.,0.587785252292)) ;
#1773=DIRECTION('Axis2P3D XDirection',(-0.587785252292,0.,0.809016994375)) ;
#1849=DIRECTION('Axis2P3D Direction',(-0.587785252292,-1.04083408559E-17,0.809016994375)) ;
#1850=DIRECTION('Axis2P3D XDirection',(0.7694545012,-0.308889078796,0.559041418487)) ;
#1854=DIRECTION('Axis2P3D Direction',(-0.162284245648,-0.979674386221,-0.117906406088)) ;
#1968=DIRECTION('Axis2P3D Direction',(0.587785252292,8.32667268469E-16,-0.809016994375)) ;
#1969=DIRECTION('Axis2P3D XDirection',(0.654394971118,0.587978345911,0.47544577663)) ;
#1973=DIRECTION('Axis2P3D Direction',(-0.257893616119,0.947830739696,-0.187370679811)) ;
#2036=DIRECTION('Axis2P3D Direction',(0.,1.,0.)) ;
#2037=DIRECTION('Axis2P3D XDirection',(0.587785252292,0.,-0.809016994375)) ;
#2048=DIRECTION('Axis2P3D Direction',(0.,-1.,-0.)) ;
#2049=DIRECTION('Axis2P3D XDirection',(-0.587785252292,0.,0.809016994375)) ;
#2053=DIRECTION('Axis2P3D Direction',(0.,-1.,-0.)) ;
#2065=DIRECTION('Axis2P3D Direction',(0.,-1.,-0.)) ;
#2072=DIRECTION('Axis2P3D Direction',(0.,-1.,-0.)) ;
#2092=DIRECTION('Axis2P3D Direction',(0.,1.,0.)) ;
#2099=DIRECTION('Vector Direction',(0.,1.,0.)) ;
#2124=DIRECTION('Vector Direction',(0.,1.,0.)) ;
#2143=DIRECTION('Axis2P3D Direction',(-0.,1.,0.)) ;
#2150=DIRECTION('Vector Direction',(-0.809016994375,0.,0.587785252292)) ;
#2157=DIRECTION('Axis2P3D Direction',(-0.,1.,0.)) ;
#2174=DIRECTION('Vector Direction',(0.,1.,0.)) ;
#2181=DIRECTION('Axis2P3D Direction',(0.,1.,0.)) ;
#2193=DIRECTION('Axis2P3D Direction',(0.,1.,0.)) ;
#2213=DIRECTION('Axis2P3D Direction',(0.587785252292,0.,0.809016994375)) ;
#2214=DIRECTION('Axis2P3D XDirection',(0.,-1.,0.)) ;
#2218=DIRECTION('Vector Direction',(0.809016994375,0.,-0.587785252292)) ;
#2235=DIRECTION('Vector Direction',(-0.809016994375,0.,0.587785252292)) ;
#2242=DIRECTION('Vector Direction',(0.,-1.,0.)) ;
#2262=DIRECTION('Axis2P3D Direction',(0.587785252292,0.,0.809016994375)) ;
#2277=DIRECTION('Axis2P3D Direction',(0.809016994375,0.,-0.587785252292)) ;
#2278=DIRECTION('Axis2P3D XDirection',(0.,-1.,0.)) ;
#2291=DIRECTION('Vector Direction',(0.809016994375,0.,-0.587785252292)) ;
#2303=DIRECTION('Axis2P3D Direction',(-0.587785252292,0.,-0.809016994375)) ;
#2304=DIRECTION('Axis2P3D XDirection',(0.,1.,0.)) ;
#2308=DIRECTION('Vector Direction',(0.809016994375,0.,-0.587785252292)) ;
#2315=DIRECTION('Axis2P3D Direction',(-0.587785252292,0.,-0.809016994375)) ;
#2332=DIRECTION('Vector Direction',(0.,1.,0.)) ;
#2347=DIRECTION('Axis2P3D Direction',(0.809016994375,0.,-0.587785252292)) ;
#2348=DIRECTION('Axis2P3D XDirection',(0.587785252292,0.,0.809016994375)) ;
#2439=DIRECTION('Axis2P3D Direction',(0.587785252292,-3.46944695195E-17,0.809016994375)) ;
#2440=DIRECTION('Axis2P3D XDirection',(0.7694545012,-0.308889078797,-0.559041418487)) ;
#2444=DIRECTION('Axis2P3D Direction',(0.587785252292,-3.46944695195E-17,0.809016994375)) ;
#2451=DIRECTION('Axis2P3D Direction',(-0.162284245648,-0.979674386221,0.117906406088)) ;
#2597=DIRECTION('Axis2P3D Direction',(-0.587785252292,-6.93889390391E-16,-0.809016994375)) ;
#2598=DIRECTION('Axis2P3D XDirection',(0.654394971118,0.58797834591,-0.47544577663)) ;
#2602=DIRECTION('Axis2P3D Direction',(-0.587785252292,-6.93889390391E-16,-0.809016994375)) ;
#2607=DIRECTION('Axis2P3D Direction',(-0.257893616119,0.947830739696,0.187370679811)) ;
#2670=DIRECTION('Axis2P3D Direction',(0.,1.,0.)) ;
#2671=DIRECTION('Axis2P3D XDirection',(-0.587785252292,0.,-0.809016994375)) ;
#2682=DIRECTION('Axis2P3D Direction',(0.,-1.,0.)) ;
#2683=DIRECTION('Axis2P3D XDirection',(0.587785252292,0.,0.809016994375)) ;
#2687=DIRECTION('Vector Direction',(0.,-1.,0.)) ;
#2694=DIRECTION('Axis2P3D Direction',(0.,-1.,0.)) ;
#2706=DIRECTION('Axis2P3D Direction',(0.,-1.,-0.)) ;
#2713=DIRECTION('Axis2P3D Direction',(0.,-1.,-0.)) ;
#2735=DIRECTION('Axis2P3D Direction',(0.,1.,0.)) ;
#2742=DIRECTION('Vector Direction',(0.,1.,0.)) ;
#2767=DIRECTION('Vector Direction',(0.,1.,0.)) ;
#2784=DIRECTION('Axis2P3D Direction',(0.,1.,0.)) ;
#2791=DIRECTION('Axis2P3D Direction',(0.,1.,0.)) ;
#2811=DIRECTION('Vector Direction',(0.,1.,0.)) ;
#2818=DIRECTION('Axis2P3D Direction',(0.,1.,0.)) ;
#2830=DIRECTION('Vector Direction',(0.309016994375,0.,0.951056516295)) ;
#2837=DIRECTION('Axis2P3D Direction',(-0.,1.,0.)) ;
#2851=DIRECTION('Axis2P3D Direction',(0.951056516295,0.,-0.309016994375)) ;
#2852=DIRECTION('Axis2P3D XDirection',(0.,-1.,0.)) ;
#2856=DIRECTION('Vector Direction',(-0.309016994375,0.,-0.951056516295)) ;
#2873=DIRECTION('Vector Direction',(0.309016994375,0.,0.951056516295)) ;
#2880=DIRECTION('Vector Direction',(0.,-1.,0.)) ;
#2900=DIRECTION('Axis2P3D Direction',(0.951056516295,0.,-0.309016994375)) ;
#2915=DIRECTION('Axis2P3D Direction',(-0.309016994375,-0.,-0.951056516295)) ;
#2916=DIRECTION('Axis2P3D XDirection',(0.,-1.,0.)) ;
#2929=DIRECTION('Vector Direction',(-0.309016994375,0.,-0.951056516295)) ;
#2941=DIRECTION('Axis2P3D Direction',(-0.951056516295,0.,0.309016994375)) ;
#2942=DIRECTION('Axis2P3D XDirection',(0.,1.,0.)) ;
#2946=DIRECTION('Vector Direction',(-0.309016994375,0.,-0.951056516295)) ;
#2953=DIRECTION('Axis2P3D Direction',(-0.951056516295,0.,0.309016994375)) ;
#2970=DIRECTION('Vector Direction',(0.,1.,0.)) ;
#2985=DIRECTION('Axis2P3D Direction',(-0.309016994375,0.,-0.951056516295)) ;
#2986=DIRECTION('Axis2P3D XDirection',(0.951056516295,0.,-0.309016994375)) ;
#3077=DIRECTION('Axis2P3D Direction',(0.951056516295,-1.33920652345E-15,-0.309016994375)) ;
#3078=DIRECTION('Axis2P3D XDirection',(-0.293905466662,-0.308889078796,-0.904548016231)) ;
#3082=DIRECTION('Axis2P3D Direction',(0.951056516295,-1.33920652345E-15,-0.309016994375)) ;
#3089=DIRECTION('Axis2P3D Direction',(0.0619870659988,-0.979674386221,0.190776572542)) ;
#3235=DIRECTION('Axis2P3D Direction',(-0.951056516295,-1.62370117351E-15,0.309016994375)) ;
#3236=DIRECTION('Axis2P3D XDirection',(-0.2499566369,0.587978345911,-0.769287426395)) ;
#3240=DIRECTION('Axis2P3D Direction',(-0.951056516295,-1.62370117351E-15,0.309016994375)) ;
#3245=DIRECTION('Axis2P3D Direction',(0.0985065958757,0.947830739696,0.30317212843)) ;
#3308=DIRECTION('Axis2P3D Direction',(-0.,1.,0.)) ;
#3309=DIRECTION('Axis2P3D XDirection',(-0.951056516295,0.,0.309016994375)) ;
#3320=DIRECTION('Axis2P3D Direction',(0.,-1.,0.)) ;
#3321=DIRECTION('Axis2P3D XDirection',(0.951056516295,0.,-0.309016994375)) ;
#3325=DIRECTION('Vector Direction',(0.,-1.,0.)) ;
#3332=DIRECTION('Axis2P3D Direction',(0.,-1.,0.)) ;
#3344=DIRECTION('Axis2P3D Direction',(0.,-1.,-0.)) ;
#3351=DIRECTION('Axis2P3D Direction',(0.,-1.,-0.)) ;
#3373=DIRECTION('Axis2P3D Direction',(0.,-1.,-0.)) ;
#3380=DIRECTION('Axis2P3D Direction',(0.,-1.,-0.)) ;
#3387=DIRECTION('Axis2P3D Direction',(0.,-1.,-0.)) ;
#3410=DIRECTION('Vector Direction',(0.,1.,0.)) ;
#3435=DIRECTION('Vector Direction',(0.,1.,0.)) ;
#3452=DIRECTION('Vector Direction',(1.,0.,0.)) ;
#3459=DIRECTION('Axis2P3D Direction',(-0.,1.,0.)) ;
#3466=DIRECTION('Axis2P3D Direction',(-0.,1.,0.)) ;
#3482=DIRECTION('Axis2P3D Direction',(-0.,1.,0.)) ;
#3489=DIRECTION('Vector Direction',(1.,0.,0.)) ;
#3496=DIRECTION('Axis2P3D Direction',(-0.,1.,0.)) ;
#3510=DIRECTION('Vector Direction',(0.,1.,0.)) ;
#3517=DIRECTION('Axis2P3D Direction',(0.,1.,0.)) ;
#3529=DIRECTION('Vector Direction',(0.,1.,0.)) ;
#3536=DIRECTION('Axis2P3D Direction',(0.,1.,0.)) ;
#3548=DIRECTION('Axis2P3D Direction',(0.,1.,0.)) ;
#3568=DIRECTION('Axis2P3D Direction',(0.,1.,0.)) ;
#3588=DIRECTION('Axis2P3D Direction',(2.77555756156E-16,0.,-1.)) ;
#3589=DIRECTION('Axis2P3D XDirection',(0.,-1.,0.)) ;
#3593=DIRECTION('Vector Direction',(-1.,0.,-2.94812127765E-16)) ;
#3600=DIRECTION('Vector Direction',(0.,-1.,0.)) ;
#3620=DIRECTION('Axis2P3D Direction',(2.77555756156E-16,0.,-1.)) ;
#3635=DIRECTION('Axis2P3D Direction',(-1.,-0.,-2.65563060659E-16)) ;
#3636=DIRECTION('Axis2P3D XDirection',(0.,-1.,0.)) ;
#3649=DIRECTION('Vector Direction',(-1.,0.,-2.65563060659E-16)) ;
#3717=DIRECTION('Axis2P3D Direction',(-2.77555756156E-16,0.,1.)) ;
#3718=DIRECTION('Axis2P3D XDirection',(0.,1.,0.)) ;
#3722=DIRECTION('Vector Direction',(-1.,0.,-2.52696109513E-16)) ;
#3729=DIRECTION('Axis2P3D Direction',(-2.77555756156E-16,0.,1.)) ;
#3746=DIRECTION('Vector Direction',(0.,1.,0.)) ;
#3761=DIRECTION('Axis2P3D Direction',(-1.,0.,-0.)) ;
#3762=DIRECTION('Axis2P3D XDirection',(0.,0.,-1.)) ;
#3838=DIRECTION('Axis2P3D Direction',(-2.97901029352E-15,9.02172429237E-16,-1.)) ;
#3839=DIRECTION('Axis2P3D XDirection',(-0.951098069076,-0.308889078796,2.55253586538E-15)) ;
#3843=DIRECTION('Axis2P3D Direction',(0.200594359298,-0.979674386221,-1.48140788205E-15)) ;
#3957=DIRECTION('Axis2P3D Direction',(-4.03017280962E-15,5.14817163452E-16,1.)) ;
#3958=DIRECTION('Axis2P3D XDirection',(-0.808876668436,0.587978345911,-3.56327154362E-15)) ;
#3962=DIRECTION('Axis2P3D Direction',(0.318774040486,0.947830739696,7.96754937536E-16)) ;
#4025=DIRECTION('Axis2P3D Direction',(-0.,1.,0.)) ;
#4026=DIRECTION('Axis2P3D XDirection',(-5.41233724505E-16,0.,1.)) ;
#4037=DIRECTION('Axis2P3D Direction',(0.,-1.,0.)) ;
#4038=DIRECTION('Axis2P3D XDirection',(1.38777878078E-16,0.,-1.)) ;
#4049=SHAPE_REPRESENTATION_RELATIONSHIP(' ',' ',#19,#4048) ;
#18=AXIS2_PLACEMENT_3D(' ',#17,$,$) ;
#35=AXIS2_PLACEMENT_3D('Plane Axis2P3D',#32,#33,#34) ;
#39=AXIS2_PLACEMENT_3D('Circle Axis2P3D',#37,#38,$) ;
#48=AXIS2_PLACEMENT_3D('Circle Axis2P3D',#46,#47,$) ;
#57=AXIS2_PLACEMENT_3D('Circle Axis2P3D',#55,#56,$) ;
#66=AXIS2_PLACEMENT_3D('Circle Axis2P3D',#64,#65,$) ;
#73=AXIS2_PLACEMENT_3D('Circle Axis2P3D',#71,#72,$) ;
#80=AXIS2_PLACEMENT_3D('Circle Axis2P3D',#78,#79,$) ;
#87=AXIS2_PLACEMENT_3D('Circle Axis2P3D',#85,#86,$) ;
#94=AXIS2_PLACEMENT_3D('Circle Axis2P3D',#92,#93,$) ;
#101=AXIS2_PLACEMENT_3D('Circle Axis2P3D',#99,#100,$) ;
#108=AXIS2_PLACEMENT_3D('Circle Axis2P3D',#106,#107,$) ;
#115=AXIS2_PLACEMENT_3D('Circle Axis2P3D',#113,#114,$) ;
#122=AXIS2_PLACEMENT_3D('Circle Axis2P3D',#120,#121,$) ;
#129=AXIS2_PLACEMENT_3D('Circle Axis2P3D',#127,#128,$) ;
#149=AXIS2_PLACEMENT_3D('Cylinder Axis2P3D',#146,#147,#148) ;
#182=AXIS2_PLACEMENT_3D('Cylinder Axis2P3D',#179,#180,#181) ;
#223=AXIS2_PLACEMENT_3D('Cylinder Axis2P3D',#220,#221,#222) ;
#234=AXIS2_PLACEMENT_3D('Circle Axis2P3D',#232,#233,$) ;
#253=AXIS2_PLACEMENT_3D('Circle Axis2P3D',#251,#252,$) ;
#266=AXIS2_PLACEMENT_3D('Cylinder Axis2P3D',#263,#264,#265) ;
#299=AXIS2_PLACEMENT_3D('Cylinder Axis2P3D',#296,#297,#298) ;
#332=AXIS2_PLACEMENT_3D('Cylinder Axis2P3D',#329,#330,#331) ;
#365=AXIS2_PLACEMENT_3D('Plane Axis2P3D',#362,#363,#364) ;
#373=AXIS2_PLACEMENT_3D('Circle Axis2P3D',#371,#372,$) ;
#382=AXIS2_PLACEMENT_3D('Circle Axis2P3D',#380,#381,$) ;
#393=AXIS2_PLACEMENT_3D('Cone Axis2P3D',#390,#391,#392) ;
#404=AXIS2_PLACEMENT_3D('Circle Axis2P3D',#402,#403,$) ;
#423=AXIS2_PLACEMENT_3D('Circle Axis2P3D',#421,#422,$) ;
#436=AXIS2_PLACEMENT_3D('Cone Axis2P3D',#433,#434,#435) ;
#447=AXIS2_PLACEMENT_3D('Circle Axis2P3D',#445,#446,$) ;
#466=AXIS2_PLACEMENT_3D('Circle Axis2P3D',#464,#465,$) ;
#479=AXIS2_PLACEMENT_3D('Plane Axis2P3D',#476,#477,#478) ;
#487=AXIS2_PLACEMENT_3D('Circle Axis2P3D',#485,#486,$) ;
#496=AXIS2_PLACEMENT_3D('Circle Axis2P3D',#494,#495,$) ;
#507=AXIS2_PLACEMENT_3D('Cylinder Axis2P3D',#504,#505,#506) ;
#518=AXIS2_PLACEMENT_3D('Circle Axis2P3D',#516,#517,$) ;
#537=AXIS2_PLACEMENT_3D('Circle Axis2P3D',#535,#536,$) ;
#550=AXIS2_PLACEMENT_3D('Plane Axis2P3D',#547,#548,#549) ;
#554=AXIS2_PLACEMENT_3D('Circle Axis2P3D',#552,#553,$) ;
#563=AXIS2_PLACEMENT_3D('Circle Axis2P3D',#561,#562,$) ;
#578=AXIS2_PLACEMENT_3D('Cylinder Axis2P3D',#575,#576,#577) ;
#589=AXIS2_PLACEMENT_3D('Circle Axis2P3D',#587,#588,$) ;
#608=AXIS2_PLACEMENT_3D('Circle Axis2P3D',#606,#607,$) ;
#621=AXIS2_PLACEMENT_3D('Torus Axis2P3D',#618,#619,#620) ;
#625=AXIS2_PLACEMENT_3D('Circle Axis2P3D',#623,#624,$) ;
#632=AXIS2_PLACEMENT_3D('Circle Axis2P3D',#630,#631,$) ;
#639=AXIS2_PLACEMENT_3D('Circle Axis2P3D',#637,#638,$) ;
#651=AXIS2_PLACEMENT_3D('Circle Axis2P3D',#649,#650,$) ;
#664=AXIS2_PLACEMENT_3D('Cone Axis2P3D',#661,#662,#663) ;
#668=AXIS2_PLACEMENT_3D('Circle Axis2P3D',#666,#667,$) ;
#682=AXIS2_PLACEMENT_3D('Circle Axis2P3D',#680,#681,$) ;
#703=AXIS2_PLACEMENT_3D('Cylinder Axis2P3D',#700,#701,#702) ;
#707=AXIS2_PLACEMENT_3D('Circle Axis2P3D',#705,#706,$) ;
#714=AXIS2_PLACEMENT_3D('Circle Axis2P3D',#712,#713,$) ;
#764=AXIS2_PLACEMENT_3D('Cylinder Axis2P3D',#761,#762,#763) ;
#777=AXIS2_PLACEMENT_3D('Circle Axis2P3D',#775,#776,$) ;
#791=AXIS2_PLACEMENT_3D('Circle Axis2P3D',#789,#790,$) ;
#804=AXIS2_PLACEMENT_3D('Torus Axis2P3D',#801,#802,#803) ;
#808=AXIS2_PLACEMENT_3D('Circle Axis2P3D',#806,#807,$) ;
#817=AXIS2_PLACEMENT_3D('Circle Axis2P3D',#815,#816,$) ;
#836=AXIS2_PLACEMENT_3D('Plane Axis2P3D',#833,#834,#835) ;
#884=AXIS2_PLACEMENT_3D('Circle Axis2P3D',#882,#883,$) ;
#900=AXIS2_PLACEMENT_3D('Cylinder Axis2P3D',#897,#898,#899) ;
#926=AXIS2_PLACEMENT_3D('Plane Axis2P3D',#923,#924,#925) ;
#954=AXIS2_PLACEMENT_3D('Circle Axis2P3D',#952,#953,$) ;
#987=AXIS2_PLACEMENT_3D('Cylinder Axis2P3D',#984,#985,#986) ;
#1079=AXIS2_PLACEMENT_3D('Torus Axis2P3D',#1076,#1077,#1078) ;
#1083=AXIS2_PLACEMENT_3D('Circle Axis2P3D',#1081,#1082,$) ;
#1090=AXIS2_PLACEMENT_3D('Circle Axis2P3D',#1088,#1089,$) ;
#1237=AXIS2_PLACEMENT_3D('Torus Axis2P3D',#1234,#1235,#1236) ;
#1241=AXIS2_PLACEMENT_3D('Circle Axis2P3D',#1239,#1240,$) ;
#1246=AXIS2_PLACEMENT_3D('Circle Axis2P3D',#1244,#1245,$) ;
#1310=AXIS2_PLACEMENT_3D('Cylinder Axis2P3D',#1307,#1308,#1309) ;
#1314=AXIS2_PLACEMENT_3D('Circle Axis2P3D',#1312,#1313,$) ;
#1327=AXIS2_PLACEMENT_3D('Cylinder Axis2P3D',#1324,#1325,#1326) ;
#1338=AXIS2_PLACEMENT_3D('Circle Axis2P3D',#1336,#1337,$) ;
#1350=AXIS2_PLACEMENT_3D('Circle Axis2P3D',#1348,#1349,$) ;
#1357=AXIS2_PLACEMENT_3D('Circle Axis2P3D',#1355,#1356,$) ;
#1378=AXIS2_PLACEMENT_3D('Circle Axis2P3D',#1376,#1377,$) ;
#1385=AXIS2_PLACEMENT_3D('Circle Axis2P3D',#1383,#1384,$) ;
#1449=AXIS2_PLACEMENT_3D('Circle Axis2P3D',#1447,#1448,$) ;
#1458=AXIS2_PLACEMENT_3D('Circle Axis2P3D',#1456,#1457,$) ;
#1465=AXIS2_PLACEMENT_3D('Circle Axis2P3D',#1463,#1464,$) ;
#1485=AXIS2_PLACEMENT_3D('Circle Axis2P3D',#1483,#1484,$) ;
#1492=AXIS2_PLACEMENT_3D('Circle Axis2P3D',#1490,#1491,$) ;
#1519=AXIS2_PLACEMENT_3D('Circle Axis2P3D',#1517,#1518,$) ;
#1545=AXIS2_PLACEMENT_3D('Circle Axis2P3D',#1543,#1544,$) ;
#1558=AXIS2_PLACEMENT_3D('Plane Axis2P3D',#1555,#1556,#1557) ;
#1569=AXIS2_PLACEMENT_3D('Circle Axis2P3D',#1567,#1568,$) ;
#1584=AXIS2_PLACEMENT_3D('Plane Axis2P3D',#1581,#1582,#1583) ;
#1622=AXIS2_PLACEMENT_3D('Circle Axis2P3D',#1620,#1621,$) ;
#1638=AXIS2_PLACEMENT_3D('Cylinder Axis2P3D',#1635,#1636,#1637) ;
#1664=AXIS2_PLACEMENT_3D('Sphere Axis2P3D',#1661,#1662,#1663) ;
#1702=AXIS2_PLACEMENT_3D('Circle Axis2P3D',#1700,#1701,$) ;
#1707=AXIS2_PLACEMENT_3D('Circle Axis2P3D',#1705,#1706,$) ;
#1730=AXIS2_PLACEMENT_3D('Plane Axis2P3D',#1727,#1728,#1729) ;
#1741=AXIS2_PLACEMENT_3D('Circle Axis2P3D',#1739,#1740,$) ;
#1774=AXIS2_PLACEMENT_3D('Cylinder Axis2P3D',#1771,#1772,#1773) ;
#1851=AXIS2_PLACEMENT_3D('Torus Axis2P3D',#1848,#1849,#1850) ;
#1855=AXIS2_PLACEMENT_3D('Circle Axis2P3D',#1853,#1854,$) ;
#1970=AXIS2_PLACEMENT_3D('Torus Axis2P3D',#1967,#1968,#1969) ;
#1974=AXIS2_PLACEMENT_3D('Circle Axis2P3D',#1972,#1973,$) ;
#2038=AXIS2_PLACEMENT_3D('Cylinder Axis2P3D',#2035,#2036,#2037) ;
#2050=AXIS2_PLACEMENT_3D('Cylinder Axis2P3D',#2047,#2048,#2049) ;
#2054=AXIS2_PLACEMENT_3D('Circle Axis2P3D',#2052,#2053,$) ;
#2066=AXIS2_PLACEMENT_3D('Circle Axis2P3D',#2064,#2065,$) ;
#2073=AXIS2_PLACEMENT_3D('Circle Axis2P3D',#2071,#2072,$) ;
#2093=AXIS2_PLACEMENT_3D('Circle Axis2P3D',#2091,#2092,$) ;
#2144=AXIS2_PLACEMENT_3D('Circle Axis2P3D',#2142,#2143,$) ;
#2158=AXIS2_PLACEMENT_3D('Circle Axis2P3D',#2156,#2157,$) ;
#2182=AXIS2_PLACEMENT_3D('Circle Axis2P3D',#2180,#2181,$) ;
#2194=AXIS2_PLACEMENT_3D('Circle Axis2P3D',#2192,#2193,$) ;
#2215=AXIS2_PLACEMENT_3D('Plane Axis2P3D',#2212,#2213,#2214) ;
#2263=AXIS2_PLACEMENT_3D('Circle Axis2P3D',#2261,#2262,$) ;
#2279=AXIS2_PLACEMENT_3D('Cylinder Axis2P3D',#2276,#2277,#2278) ;
#2305=AXIS2_PLACEMENT_3D('Plane Axis2P3D',#2302,#2303,#2304) ;
#2316=AXIS2_PLACEMENT_3D('Circle Axis2P3D',#2314,#2315,$) ;
#2349=AXIS2_PLACEMENT_3D('Cylinder Axis2P3D',#2346,#2347,#2348) ;
#2441=AXIS2_PLACEMENT_3D('Torus Axis2P3D',#2438,#2439,#2440) ;
#2445=AXIS2_PLACEMENT_3D('Circle Axis2P3D',#2443,#2444,$) ;
#2452=AXIS2_PLACEMENT_3D('Circle Axis2P3D',#2450,#2451,$) ;
#2599=AXIS2_PLACEMENT_3D('Torus Axis2P3D',#2596,#2597,#2598) ;
#2603=AXIS2_PLACEMENT_3D('Circle Axis2P3D',#2601,#2602,$) ;
#2608=AXIS2_PLACEMENT_3D('Circle Axis2P3D',#2606,#2607,$) ;
#2672=AXIS2_PLACEMENT_3D('Cylinder Axis2P3D',#2669,#2670,#2671) ;
#2684=AXIS2_PLACEMENT_3D('Cylinder Axis2P3D',#2681,#2682,#2683) ;
#2695=AXIS2_PLACEMENT_3D('Circle Axis2P3D',#2693,#2694,$) ;
#2707=AXIS2_PLACEMENT_3D('Circle Axis2P3D',#2705,#2706,$) ;
#2714=AXIS2_PLACEMENT_3D('Circle Axis2P3D',#2712,#2713,$) ;
#2736=AXIS2_PLACEMENT_3D('Circle Axis2P3D',#2734,#2735,$) ;
#2785=AXIS2_PLACEMENT_3D('Circle Axis2P3D',#2783,#2784,$) ;
#2792=AXIS2_PLACEMENT_3D('Circle Axis2P3D',#2790,#2791,$) ;
#2819=AXIS2_PLACEMENT_3D('Circle Axis2P3D',#2817,#2818,$) ;
#2838=AXIS2_PLACEMENT_3D('Circle Axis2P3D',#2836,#2837,$) ;
#2853=AXIS2_PLACEMENT_3D('Plane Axis2P3D',#2850,#2851,#2852) ;
#2901=AXIS2_PLACEMENT_3D('Circle Axis2P3D',#2899,#2900,$) ;
#2917=AXIS2_PLACEMENT_3D('Cylinder Axis2P3D',#2914,#2915,#2916) ;
#2943=AXIS2_PLACEMENT_3D('Plane Axis2P3D',#2940,#2941,#2942) ;
#2954=AXIS2_PLACEMENT_3D('Circle Axis2P3D',#2952,#2953,$) ;
#2987=AXIS2_PLACEMENT_3D('Cylinder Axis2P3D',#2984,#2985,#2986) ;
#3079=AXIS2_PLACEMENT_3D('Torus Axis2P3D',#3076,#3077,#3078) ;
#3083=AXIS2_PLACEMENT_3D('Circle Axis2P3D',#3081,#3082,$) ;
#3090=AXIS2_PLACEMENT_3D('Circle Axis2P3D',#3088,#3089,$) ;
#3237=AXIS2_PLACEMENT_3D('Torus Axis2P3D',#3234,#3235,#3236) ;
#3241=AXIS2_PLACEMENT_3D('Circle Axis2P3D',#3239,#3240,$) ;
#3246=AXIS2_PLACEMENT_3D('Circle Axis2P3D',#3244,#3245,$) ;
#3310=AXIS2_PLACEMENT_3D('Cylinder Axis2P3D',#3307,#3308,#3309) ;
#3322=AXIS2_PLACEMENT_3D('Cylinder Axis2P3D',#3319,#3320,#3321) ;
#3333=AXIS2_PLACEMENT_3D('Circle Axis2P3D',#3331,#3332,$) ;
#3345=AXIS2_PLACEMENT_3D('Circle Axis2P3D',#3343,#3344,$) ;
#3352=AXIS2_PLACEMENT_3D('Circle Axis2P3D',#3350,#3351,$) ;
#3374=AXIS2_PLACEMENT_3D('Circle Axis2P3D',#3372,#3373,$) ;
#3381=AXIS2_PLACEMENT_3D('Circle Axis2P3D',#3379,#3380,$) ;
#3388=AXIS2_PLACEMENT_3D('Circle Axis2P3D',#3386,#3387,$) ;
#3460=AXIS2_PLACEMENT_3D('Circle Axis2P3D',#3458,#3459,$) ;
#3467=AXIS2_PLACEMENT_3D('Circle Axis2P3D',#3465,#3466,$) ;
#3483=AXIS2_PLACEMENT_3D('Circle Axis2P3D',#3481,#3482,$) ;
#3497=AXIS2_PLACEMENT_3D('Circle Axis2P3D',#3495,#3496,$) ;
#3518=AXIS2_PLACEMENT_3D('Circle Axis2P3D',#3516,#3517,$) ;
#3537=AXIS2_PLACEMENT_3D('Circle Axis2P3D',#3535,#3536,$) ;
#3549=AXIS2_PLACEMENT_3D('Circle Axis2P3D',#3547,#3548,$) ;
#3569=AXIS2_PLACEMENT_3D('Circle Axis2P3D',#3567,#3568,$) ;
#3590=AXIS2_PLACEMENT_3D('Plane Axis2P3D',#3587,#3588,#3589) ;
#3621=AXIS2_PLACEMENT_3D('Circle Axis2P3D',#3619,#3620,$) ;
#3637=AXIS2_PLACEMENT_3D('Cylinder Axis2P3D',#3634,#3635,#3636) ;
#3719=AXIS2_PLACEMENT_3D('Plane Axis2P3D',#3716,#3717,#3718) ;
#3730=AXIS2_PLACEMENT_3D('Circle Axis2P3D',#3728,#3729,$) ;
#3763=AXIS2_PLACEMENT_3D('Cylinder Axis2P3D',#3760,#3761,#3762) ;
#3840=AXIS2_PLACEMENT_3D('Torus Axis2P3D',#3837,#3838,#3839) ;
#3844=AXIS2_PLACEMENT_3D('Circle Axis2P3D',#3842,#3843,$) ;
#3959=AXIS2_PLACEMENT_3D('Torus Axis2P3D',#3956,#3957,#3958) ;
#3963=AXIS2_PLACEMENT_3D('Circle Axis2P3D',#3961,#3962,$) ;
#4027=AXIS2_PLACEMENT_3D('Cylinder Axis2P3D',#4024,#4025,#4026) ;
#4039=AXIS2_PLACEMENT_3D('Cylinder Axis2P3D',#4036,#4037,#4038) ;
#154=LINE('Line',#151,#153) ;
#161=LINE('Line',#158,#160) ;
#187=LINE('Line',#184,#186) ;
#194=LINE('Line',#191,#193) ;
#228=LINE('Line',#225,#227) ;
#242=LINE('Line',#239,#241) ;
#271=LINE('Line',#268,#270) ;
#278=LINE('Line',#275,#277) ;
#304=LINE('Line',#301,#303) ;
#311=LINE('Line',#308,#310) ;
#337=LINE('Line',#334,#336) ;
#344=LINE('Line',#341,#343) ;
#398=LINE('Line',#395,#397) ;
#412=LINE('Line',#409,#411) ;
#441=LINE('Line',#438,#440) ;
#455=LINE('Line',#452,#454) ;
#512=LINE('Line',#509,#511) ;
#526=LINE('Line',#523,#525) ;
#583=LINE('Line',#580,#582) ;
#597=LINE('Line',#594,#596) ;
#676=LINE('Line',#673,#675) ;
#690=LINE('Line',#687,#689) ;
#722=LINE('Line',#719,#721) ;
#747=LINE('Line',#744,#746) ;
#769=LINE('Line',#766,#768) ;
#785=LINE('Line',#782,#784) ;
#841=LINE('Line',#838,#840) ;
#858=LINE('Line',#855,#857) ;
#865=LINE('Line',#862,#864) ;
#914=LINE('Line',#911,#913) ;
#931=LINE('Line',#928,#930) ;
#948=LINE('Line',#945,#947) ;
#972=LINE('Line',#969,#971) ;
#1332=LINE('Line',#1329,#1331) ;
#1408=LINE('Line',#1405,#1407) ;
#1433=LINE('Line',#1430,#1432) ;
#1513=LINE('Line',#1510,#1512) ;
#1527=LINE('Line',#1524,#1526) ;
#1539=LINE('Line',#1536,#1538) ;
#1563=LINE('Line',#1560,#1562) ;
#1589=LINE('Line',#1586,#1588) ;
#1596=LINE('Line',#1593,#1595) ;
#1603=LINE('Line',#1600,#1602) ;
#1652=LINE('Line',#1649,#1651) ;
#1735=LINE('Line',#1732,#1734) ;
#1759=LINE('Line',#1756,#1758) ;
#2101=LINE('Line',#2098,#2100) ;
#2126=LINE('Line',#2123,#2125) ;
#2152=LINE('Line',#2149,#2151) ;
#2176=LINE('Line',#2173,#2175) ;
#2220=LINE('Line',#2217,#2219) ;
#2237=LINE('Line',#2234,#2236) ;
#2244=LINE('Line',#2241,#2243) ;
#2293=LINE('Line',#2290,#2292) ;
#2310=LINE('Line',#2307,#2309) ;
#2334=LINE('Line',#2331,#2333) ;
#2689=LINE('Line',#2686,#2688) ;
#2744=LINE('Line',#2741,#2743) ;
#2769=LINE('Line',#2766,#2768) ;
#2813=LINE('Line',#2810,#2812) ;
#2832=LINE('Line',#2829,#2831) ;
#2858=LINE('Line',#2855,#2857) ;
#2875=LINE('Line',#2872,#2874) ;
#2882=LINE('Line',#2879,#2881) ;
#2931=LINE('Line',#2928,#2930) ;
#2948=LINE('Line',#2945,#2947) ;
#2972=LINE('Line',#2969,#2971) ;
#3327=LINE('Line',#3324,#3326) ;
#3412=LINE('Line',#3409,#3411) ;
#3437=LINE('Line',#3434,#3436) ;
#3454=LINE('Line',#3451,#3453) ;
#3491=LINE('Line',#3488,#3490) ;
#3512=LINE('Line',#3509,#3511) ;
#3531=LINE('Line',#3528,#3530) ;
#3595=LINE('Line',#3592,#3594) ;
#3602=LINE('Line',#3599,#3601) ;
#3651=LINE('Line',#3648,#3650) ;
#3724=LINE('Line',#3721,#3723) ;
#3748=LINE('Line',#3745,#3747) ;
#40=CIRCLE('generated circle',#39,15.375) ;
#49=CIRCLE('generated circle',#48,15.375) ;
#58=CIRCLE('generated circle',#57,14.025) ;
#67=CIRCLE('generated circle',#66,11.) ;
#74=CIRCLE('generated circle',#73,14.025) ;
#81=CIRCLE('generated circle',#80,11.) ;
#88=CIRCLE('generated circle',#87,14.025) ;
#95=CIRCLE('generated circle',#94,11.) ;
#102=CIRCLE('generated circle',#101,14.025) ;
#109=CIRCLE('generated circle',#108,14.025) ;
#116=CIRCLE('generated circle',#115,11.) ;
#123=CIRCLE('generated circle',#122,14.025) ;
#130=CIRCLE('generated circle',#129,11.) ;
#235=CIRCLE('generated circle',#234,15.375) ;
#254=CIRCLE('generated circle',#253,15.375) ;
#374=CIRCLE('generated circle',#373,10.5) ;
#383=CIRCLE('generated circle',#382,10.5) ;
#405=CIRCLE('generated circle',#404,7.21295724908) ;
#424=CIRCLE('generated circle',#423,7.21295724908) ;
#448=CIRCLE('generated circle',#447,3.5) ;
#467=CIRCLE('generated circle',#466,3.5) ;
#488=CIRCLE('generated circle',#487,1.5) ;
#497=CIRCLE('generated circle',#496,1.5) ;
#519=CIRCLE('generated circle',#518,1.5) ;
#538=CIRCLE('generated circle',#537,1.5) ;
#555=CIRCLE('generated circle',#554,4.) ;
#564=CIRCLE('generated circle',#563,4.) ;
#590=CIRCLE('generated circle',#589,4.) ;
#609=CIRCLE('generated circle',#608,4.) ;
#626=CIRCLE('generated circle',#625,1.) ;
#633=CIRCLE('generated circle',#632,4.62962109916) ;
#640=CIRCLE('generated circle',#639,1.) ;
#652=CIRCLE('generated circle',#651,4.62962109916) ;
#669=CIRCLE('generated circle',#668,14.025) ;
#683=CIRCLE('generated circle',#682,12.8) ;
#708=CIRCLE('generated circle',#707,14.025) ;
#715=CIRCLE('generated circle',#714,14.025) ;
#778=CIRCLE('generated circle',#777,11.8) ;
#792=CIRCLE('generated circle',#791,11.8) ;
#809=CIRCLE('generated circle',#808,11.8518487127) ;
#818=CIRCLE('generated circle',#817,1.) ;
#885=CIRCLE('generated circle',#884,12.9614813968) ;
#955=CIRCLE('generated circle',#954,12.9614813968) ;
#1084=CIRCLE('generated circle',#1083,12.4629628816) ;
#1091=CIRCLE('generated circle',#1090,0.5) ;
#1242=CIRCLE('generated circle',#1241,12.4629628816) ;
#1247=CIRCLE('generated circle',#1246,0.5) ;
#1315=CIRCLE('generated circle',#1314,0.5) ;
#1339=CIRCLE('generated circle',#1338,0.5) ;
#1351=CIRCLE('generated circle',#1350,14.025) ;
#1358=CIRCLE('generated circle',#1357,12.8) ;
#1379=CIRCLE('generated circle',#1378,12.8) ;
#1386=CIRCLE('generated circle',#1385,14.025) ;
#1450=CIRCLE('generated circle',#1449,11.8) ;
#1459=CIRCLE('generated circle',#1458,1.) ;
#1466=CIRCLE('generated circle',#1465,11.8518487127) ;
#1486=CIRCLE('generated circle',#1485,11.8518487127) ;
#1493=CIRCLE('generated circle',#1492,11.8) ;
#1520=CIRCLE('generated circle',#1519,11.8) ;
#1546=CIRCLE('generated circle',#1545,11.8) ;
#1570=CIRCLE('generated circle',#1569,0.5) ;
#1623=CIRCLE('generated circle',#1622,12.9614813968) ;
#1703=CIRCLE('generated circle',#1702,12.5) ;
#1708=CIRCLE('generated circle',#1707,12.5) ;
#1742=CIRCLE('generated circle',#1741,12.9614813968) ;
#1856=CIRCLE('generated circle',#1855,0.5) ;
#1975=CIRCLE('generated circle',#1974,0.5) ;
#2055=CIRCLE('generated circle',#2054,0.5) ;
#2067=CIRCLE('generated circle',#2066,12.8) ;
#2074=CIRCLE('generated circle',#2073,14.025) ;
#2094=CIRCLE('generated circle',#2093,14.025) ;
#2145=CIRCLE('generated circle',#2144,11.8) ;
#2159=CIRCLE('generated circle',#2158,0.5) ;
#2183=CIRCLE('generated circle',#2182,11.8) ;
#2195=CIRCLE('generated circle',#2194,11.8518487127) ;
#2264=CIRCLE('generated circle',#2263,12.9614813968) ;
#2317=CIRCLE('generated circle',#2316,12.9614813968) ;
#2446=CIRCLE('generated circle',#2445,12.4629628816) ;
#2453=CIRCLE('generated circle',#2452,0.5) ;
#2604=CIRCLE('generated circle',#2603,12.4629628816) ;
#2609=CIRCLE('generated circle',#2608,0.5) ;
#2696=CIRCLE('generated circle',#2695,0.5) ;
#2708=CIRCLE('generated circle',#2707,12.8) ;
#2715=CIRCLE('generated circle',#2714,14.025) ;
#2737=CIRCLE('generated circle',#2736,14.025) ;
#2786=CIRCLE('generated circle',#2785,11.8518487127) ;
#2793=CIRCLE('generated circle',#2792,11.8) ;
#2820=CIRCLE('generated circle',#2819,11.8) ;
#2839=CIRCLE('generated circle',#2838,0.5) ;
#2902=CIRCLE('generated circle',#2901,12.9614813968) ;
#2955=CIRCLE('generated circle',#2954,12.9614813968) ;
#3084=CIRCLE('generated circle',#3083,12.4629628816) ;
#3091=CIRCLE('generated circle',#3090,0.5) ;
#3242=CIRCLE('generated circle',#3241,12.4629628816) ;
#3247=CIRCLE('generated circle',#3246,0.5) ;
#3334=CIRCLE('generated circle',#3333,0.5) ;
#3346=CIRCLE('generated circle',#3345,12.8) ;
#3353=CIRCLE('generated circle',#3352,14.025) ;
#3375=CIRCLE('generated circle',#3374,14.025) ;
#3382=CIRCLE('generated circle',#3381,12.8) ;
#3389=CIRCLE('generated circle',#3388,12.8) ;
#3461=CIRCLE('generated circle',#3460,11.8) ;
#3468=CIRCLE('generated circle',#3467,0.5) ;
#3484=CIRCLE('generated circle',#3483,11.8) ;
#3498=CIRCLE('generated circle',#3497,0.5) ;
#3519=CIRCLE('generated circle',#3518,11.8) ;
#3538=CIRCLE('generated circle',#3537,11.8) ;
#3550=CIRCLE('generated circle',#3549,11.8518487127) ;
#3570=CIRCLE('generated circle',#3569,11.8518487127) ;
#3622=CIRCLE('generated circle',#3621,12.9614813968) ;
#3731=CIRCLE('generated circle',#3730,12.9614813968) ;
#3845=CIRCLE('generated circle',#3844,0.5) ;
#3964=CIRCLE('generated circle',#3963,0.5) ;
#36=PLANE('',#35) ;
#366=PLANE('',#365) ;
#480=PLANE('',#479) ;
#551=PLANE('',#550) ;
#837=PLANE('',#836) ;
#927=PLANE('',#926) ;
#1559=PLANE('',#1558) ;
#1585=PLANE('',#1584) ;
#1731=PLANE('',#1730) ;
#2216=PLANE('',#2215) ;
#2306=PLANE('',#2305) ;
#2854=PLANE('',#2853) ;
#2944=PLANE('',#2943) ;
#3591=PLANE('',#3590) ;
#3720=PLANE('',#3719) ;
#150=CYLINDRICAL_SURFACE('generated cylinder',#149,11.) ;
#183=CYLINDRICAL_SURFACE('generated cylinder',#182,11.) ;
#224=CYLINDRICAL_SURFACE('generated cylinder',#223,15.375) ;
#267=CYLINDRICAL_SURFACE('generated cylinder',#266,11.) ;
#300=CYLINDRICAL_SURFACE('generated cylinder',#299,11.) ;
#333=CYLINDRICAL_SURFACE('generated cylinder',#332,11.) ;
#508=CYLINDRICAL_SURFACE('generated cylinder',#507,1.5) ;
#579=CYLINDRICAL_SURFACE('generated cylinder',#578,4.) ;
#704=CYLINDRICAL_SURFACE('generated cylinder',#703,14.025) ;
#765=CYLINDRICAL_SURFACE('generated cylinder',#764,11.8) ;
#901=CYLINDRICAL_SURFACE('generated cylinder',#900,0.5) ;
#988=CYLINDRICAL_SURFACE('generated cylinder',#987,0.5) ;
#1311=CYLINDRICAL_SURFACE('generated cylinder',#1310,0.5) ;
#1328=CYLINDRICAL_SURFACE('generated cylinder',#1327,0.5) ;
#1639=CYLINDRICAL_SURFACE('generated cylinder',#1638,0.5) ;
#1775=CYLINDRICAL_SURFACE('generated cylinder',#1774,0.5) ;
#2039=CYLINDRICAL_SURFACE('generated cylinder',#2038,0.5) ;
#2051=CYLINDRICAL_SURFACE('generated cylinder',#2050,0.5) ;
#2280=CYLINDRICAL_SURFACE('generated cylinder',#2279,0.5) ;
#2350=CYLINDRICAL_SURFACE('generated cylinder',#2349,0.5) ;
#2673=CYLINDRICAL_SURFACE('generated cylinder',#2672,0.5) ;
#2685=CYLINDRICAL_SURFACE('generated cylinder',#2684,0.5) ;
#2918=CYLINDRICAL_SURFACE('generated cylinder',#2917,0.5) ;
#2988=CYLINDRICAL_SURFACE('generated cylinder',#2987,0.5) ;
#3311=CYLINDRICAL_SURFACE('generated cylinder',#3310,0.5) ;
#3323=CYLINDRICAL_SURFACE('generated cylinder',#3322,0.5) ;
#3638=CYLINDRICAL_SURFACE('generated cylinder',#3637,0.5) ;
#3764=CYLINDRICAL_SURFACE('generated cylinder',#3763,0.5) ;
#4028=CYLINDRICAL_SURFACE('generated cylinder',#4027,0.5) ;
#4040=CYLINDRICAL_SURFACE('generated cylinder',#4039,0.5) ;
#394=CONICAL_SURFACE('Cone',#393,7.21295724908,0.785398163397) ;
#437=CONICAL_SURFACE('Cone',#436,3.5,1.1780972451) ;
#665=CONICAL_SURFACE('Cone',#664,12.2527210236,0.785398163397) ;
#1665=SPHERICAL_SURFACE('',#1664,12.5) ;
#622=TOROIDAL_SURFACE('homeo Torus',#621,5.,1.) ;
#805=TOROIDAL_SURFACE('homeo Torus',#804,12.8,1.) ;
#1080=TOROIDAL_SURFACE('homeo Torus',#1079,12.9614813968,0.5) ;
#1238=TOROIDAL_SURFACE('homeo Torus',#1237,12.9614813968,0.5) ;
#1852=TOROIDAL_SURFACE('homeo Torus',#1851,12.9614813968,0.5) ;
#1971=TOROIDAL_SURFACE('homeo Torus',#1970,12.9614813968,0.5) ;
#2442=TOROIDAL_SURFACE('homeo Torus',#2441,12.9614813968,0.5) ;
#2600=TOROIDAL_SURFACE('homeo Torus',#2599,12.9614813968,0.5) ;
#3080=TOROIDAL_SURFACE('homeo Torus',#3079,12.9614813968,0.5) ;
#3238=TOROIDAL_SURFACE('homeo Torus',#3237,12.9614813968,0.5) ;
#3841=TOROIDAL_SURFACE('homeo Torus',#3840,12.9614813968,0.5) ;
#3960=TOROIDAL_SURFACE('homeo Torus',#3959,12.9614813968,0.5) ;
#144=FACE_BOUND('',#132,.T.) ;
#388=FACE_BOUND('',#385,.T.) ;
#502=FACE_BOUND('',#499,.T.) ;
#573=FACE_BOUND('',#570,.T.) ;
#45=EDGE_CURVE('',#42,#44,#40,.T.) ;
#50=EDGE_CURVE('',#44,#42,#49,.T.) ;
#63=EDGE_CURVE('',#60,#62,#58,.T.) ;
#70=EDGE_CURVE('',#69,#60,#67,.T.) ;
#77=EDGE_CURVE('',#76,#69,#74,.T.) ;
#84=EDGE_CURVE('',#83,#76,#81,.T.) ;
#91=EDGE_CURVE('',#90,#83,#88,.T.) ;
#98=EDGE_CURVE('',#97,#90,#95,.T.) ;
#105=EDGE_CURVE('',#104,#97,#102,.T.) ;
#112=EDGE_CURVE('',#111,#104,#109,.T.) ;
#119=EDGE_CURVE('',#118,#111,#116,.T.) ;
#126=EDGE_CURVE('',#125,#118,#123,.T.) ;
#131=EDGE_CURVE('',#62,#125,#130,.T.) ;
#157=EDGE_CURVE('',#156,#97,#154,.F.) ;
#164=EDGE_CURVE('',#163,#90,#161,.F.) ;
#171=EDGE_CURVE('',#163,#156,#165,.T.) ;
#190=EDGE_CURVE('',#189,#118,#187,.F.) ;
#197=EDGE_CURVE('',#196,#111,#194,.F.) ;
#205=EDGE_CURVE('',#196,#204,#198,.T.) ;
#211=EDGE_CURVE('',#204,#189,#206,.T.) ;
#231=EDGE_CURVE('',#42,#230,#228,.F.) ;
#238=EDGE_CURVE('',#230,#237,#235,.T.) ;
#243=EDGE_CURVE('',#44,#237,#242,.F.) ;
#255=EDGE_CURVE('',#237,#230,#254,.T.) ;
#274=EDGE_CURVE('',#273,#69,#271,.F.) ;
#281=EDGE_CURVE('',#280,#60,#278,.F.) ;
#288=EDGE_CURVE('',#273,#280,#282,.T.) ;
#307=EDGE_CURVE('',#306,#83,#304,.F.) ;
#314=EDGE_CURVE('',#313,#76,#311,.F.) ;
#321=EDGE_CURVE('',#306,#313,#315,.T.) ;
#340=EDGE_CURVE('',#339,#62,#337,.F.) ;
#347=EDGE_CURVE('',#346,#125,#344,.F.) ;
#354=EDGE_CURVE('',#346,#339,#348,.T.) ;
#379=EDGE_CURVE('',#376,#378,#374,.T.) ;
#384=EDGE_CURVE('',#378,#376,#383,.T.) ;
#401=EDGE_CURVE('',#378,#400,#398,.F.) ;
#408=EDGE_CURVE('',#400,#407,#405,.T.) ;
#413=EDGE_CURVE('',#376,#407,#412,.F.) ;
#425=EDGE_CURVE('',#407,#400,#424,.T.) ;
#444=EDGE_CURVE('',#400,#443,#441,.F.) ;
#451=EDGE_CURVE('',#443,#450,#448,.T.) ;
#456=EDGE_CURVE('',#407,#450,#455,.F.) ;
#468=EDGE_CURVE('',#450,#443,#467,.T.) ;
#493=EDGE_CURVE('',#490,#492,#488,.T.) ;
#498=EDGE_CURVE('',#492,#490,#497,.T.) ;
#515=EDGE_CURVE('',#492,#514,#512,.T.) ;
#522=EDGE_CURVE('',#514,#521,#519,.T.) ;
#527=EDGE_CURVE('',#490,#521,#526,.T.) ;
#539=EDGE_CURVE('',#521,#514,#538,.T.) ;
#560=EDGE_CURVE('',#557,#559,#555,.T.) ;
#565=EDGE_CURVE('',#559,#557,#564,.T.) ;
#586=EDGE_CURVE('',#557,#585,#583,.T.) ;
#593=EDGE_CURVE('',#585,#592,#590,.T.) ;
#598=EDGE_CURVE('',#559,#592,#597,.T.) ;
#610=EDGE_CURVE('',#592,#585,#609,.T.) ;
#629=EDGE_CURVE('',#585,#628,#626,.F.) ;
#636=EDGE_CURVE('',#628,#635,#633,.T.) ;
#641=EDGE_CURVE('',#592,#635,#640,.F.) ;
#653=EDGE_CURVE('',#635,#628,#652,.T.) ;
#672=EDGE_CURVE('',#196,#671,#669,.F.) ;
#679=EDGE_CURVE('',#678,#671,#676,.T.) ;
#686=EDGE_CURVE('',#685,#678,#683,.F.) ;
#691=EDGE_CURVE('',#204,#685,#690,.F.) ;
#711=EDGE_CURVE('',#710,#280,#708,.F.) ;
#718=EDGE_CURVE('',#339,#717,#715,.F.) ;
#725=EDGE_CURVE('',#717,#724,#722,.F.) ;
#734=EDGE_CURVE('',#724,#733,#726,.T.) ;
#743=EDGE_CURVE('',#733,#742,#735,.F.) ;
#748=EDGE_CURVE('',#710,#742,#747,.F.) ;
#774=EDGE_CURVE('',#771,#773,#769,.T.) ;
#781=EDGE_CURVE('',#780,#771,#778,.T.) ;
#788=EDGE_CURVE('',#780,#787,#785,.T.) ;
#793=EDGE_CURVE('',#787,#773,#792,.T.) ;
#814=EDGE_CURVE('',#811,#813,#809,.T.) ;
#819=EDGE_CURVE('',#811,#780,#818,.F.) ;
#825=EDGE_CURVE('',#813,#771,#820,.F.) ;
#844=EDGE_CURVE('',#724,#843,#841,.F.) ;
#854=EDGE_CURVE('',#853,#717,#845,.T.) ;
#861=EDGE_CURVE('',#853,#860,#858,.T.) ;
#868=EDGE_CURVE('',#860,#867,#865,.T.) ;
#881=EDGE_CURVE('',#867,#880,#869,.F.) ;
#886=EDGE_CURVE('',#880,#843,#885,.F.) ;
#910=EDGE_CURVE('',#843,#909,#902,.F.) ;
#915=EDGE_CURVE('',#733,#909,#914,.F.) ;
#936=EDGE_CURVE('',#933,#935,#931,.T.) ;
#944=EDGE_CURVE('',#933,#710,#937,.T.) ;
#951=EDGE_CURVE('',#742,#950,#948,.F.) ;
#958=EDGE_CURVE('',#950,#957,#955,.F.) ;
#968=EDGE_CURVE('',#957,#967,#959,.F.) ;
#973=EDGE_CURVE('',#967,#935,#972,.T.) ;
#995=EDGE_CURVE('',#909,#950,#989,.F.) ;
#1048=EDGE_CURVE('',#867,#1047,#1040,.F.) ;
#1061=EDGE_CURVE('',#1047,#1060,#1049,.F.) ;
#1068=EDGE_CURVE('',#880,#1060,#1062,.F.) ;
#1087=EDGE_CURVE('',#1060,#1086,#1084,.F.) ;
#1092=EDGE_CURVE('',#843,#1086,#1091,.T.) ;
#1152=EDGE_CURVE('',#1086,#1151,#1137,.F.) ;
#1159=EDGE_CURVE('',#909,#1151,#1153,.F.) ;
#1219=EDGE_CURVE('',#1151,#1218,#1204,.F.) ;
#1226=EDGE_CURVE('',#950,#1218,#1220,.F.) ;
#1243=EDGE_CURVE('',#1218,#813,#1242,.F.) ;
#1248=EDGE_CURVE('',#957,#813,#1247,.T.) ;
#1299=EDGE_CURVE('',#967,#771,#1293,.F.) ;
#1316=EDGE_CURVE('',#773,#935,#1315,.F.) ;
#1335=EDGE_CURVE('',#1334,#1047,#1332,.T.) ;
#1340=EDGE_CURVE('',#860,#1334,#1339,.T.) ;
#1354=EDGE_CURVE('',#189,#1353,#1351,.T.) ;
#1361=EDGE_CURVE('',#685,#1360,#1358,.T.) ;
#1367=EDGE_CURVE('',#1360,#1353,#1362,.T.) ;
#1382=EDGE_CURVE('',#1381,#853,#1379,.T.) ;
#1389=EDGE_CURVE('',#1388,#346,#1386,.T.) ;
#1395=EDGE_CURVE('',#1381,#1388,#1390,.T.) ;
#1411=EDGE_CURVE('',#1353,#1410,#1408,.F.) ;
#1420=EDGE_CURVE('',#1410,#1419,#1412,.T.) ;
#1429=EDGE_CURVE('',#1419,#1428,#1421,.F.) ;
#1434=EDGE_CURVE('',#1388,#1428,#1433,.F.) ;
#1455=EDGE_CURVE('',#1452,#1454,#1450,.T.) ;
#1462=EDGE_CURVE('',#1461,#1454,#1459,.F.) ;
#1469=EDGE_CURVE('',#1468,#1461,#1466,.T.) ;
#1475=EDGE_CURVE('',#1452,#1468,#1470,.F.) ;
#1489=EDGE_CURVE('',#1060,#1488,#1486,.T.) ;
#1496=EDGE_CURVE('',#1047,#1495,#1493,.T.) ;
#1502=EDGE_CURVE('',#1488,#1495,#1497,.F.) ;
#1516=EDGE_CURVE('',#1515,#1452,#1513,.F.) ;
#1523=EDGE_CURVE('',#1515,#1522,#1520,.T.) ;
#1528=EDGE_CURVE('',#1454,#1522,#1527,.T.) ;
#1542=EDGE_CURVE('',#1495,#1541,#1539,.T.) ;
#1547=EDGE_CURVE('',#1334,#1541,#1546,.T.) ;
#1566=EDGE_CURVE('',#1381,#1565,#1563,.T.) ;
#1571=EDGE_CURVE('',#1541,#1565,#1570,.F.) ;
#1592=EDGE_CURVE('',#1410,#1591,#1589,.F.) ;
#1599=EDGE_CURVE('',#1360,#1598,#1596,.T.) ;
#1606=EDGE_CURVE('',#1598,#1605,#1603,.T.) ;
#1619=EDGE_CURVE('',#1605,#1618,#1607,.F.) ;
#1624=EDGE_CURVE('',#1618,#1591,#1623,.F.) ;
#1648=EDGE_CURVE('',#1591,#1647,#1640,.F.) ;
#1653=EDGE_CURVE('',#1419,#1647,#1652,.F.) ;
#1674=EDGE_CURVE('',#1673,#1488,#1666,.F.) ;
#1683=EDGE_CURVE('',#1682,#1673,#1675,.F.) ;
#1692=EDGE_CURVE('',#1691,#1682,#1684,.F.) ;
#1699=EDGE_CURVE('',#1468,#1691,#1693,.F.) ;
#1704=EDGE_CURVE('',#628,#1461,#1703,.T.) ;
#1709=EDGE_CURVE('',#635,#811,#1708,.T.) ;
#1738=EDGE_CURVE('',#1428,#1737,#1735,.F.) ;
#1745=EDGE_CURVE('',#1737,#1744,#1742,.F.) ;
#1755=EDGE_CURVE('',#1744,#1754,#1746,.F.) ;
#1760=EDGE_CURVE('',#1754,#1565,#1759,.T.) ;
#1782=EDGE_CURVE('',#1647,#1737,#1776,.F.) ;
#1833=EDGE_CURVE('',#1605,#1452,#1827,.F.) ;
#1840=EDGE_CURVE('',#1618,#1468,#1834,.F.) ;
#1857=EDGE_CURVE('',#1591,#1691,#1856,.T.) ;
#1908=EDGE_CURVE('',#1647,#1682,#1902,.F.) ;
#1959=EDGE_CURVE('',#1737,#1673,#1953,.F.) ;
#1976=EDGE_CURVE('',#1744,#1488,#1975,.T.) ;
#2027=EDGE_CURVE('',#1754,#1495,#2021,.F.) ;
#2056=EDGE_CURVE('',#1598,#1515,#2055,.T.) ;
#2070=EDGE_CURVE('',#2069,#678,#2067,.T.) ;
#2077=EDGE_CURVE('',#2076,#671,#2074,.T.) ;
#2083=EDGE_CURVE('',#2069,#2076,#2078,.T.) ;
#2097=EDGE_CURVE('',#156,#2096,#2094,.F.) ;
#2104=EDGE_CURVE('',#2096,#2103,#2101,.F.) ;
#2113=EDGE_CURVE('',#2103,#2112,#2105,.T.) ;
#2122=EDGE_CURVE('',#2112,#2121,#2114,.F.) ;
#2127=EDGE_CURVE('',#2076,#2121,#2126,.F.) ;
#2148=EDGE_CURVE('',#1522,#2147,#2145,.T.) ;
#2155=EDGE_CURVE('',#2069,#2154,#2152,.T.) ;
#2160=EDGE_CURVE('',#2147,#2154,#2159,.F.) ;
#2179=EDGE_CURVE('',#2178,#2147,#2176,.T.) ;
#2184=EDGE_CURVE('',#1454,#2178,#2183,.T.) ;
#2198=EDGE_CURVE('',#1461,#2197,#2195,.T.) ;
#2204=EDGE_CURVE('',#2197,#2178,#2199,.F.) ;
#2223=EDGE_CURVE('',#2103,#2222,#2220,.F.) ;
#2233=EDGE_CURVE('',#2232,#2096,#2224,.T.) ;
#2240=EDGE_CURVE('',#2232,#2239,#2237,.T.) ;
#2247=EDGE_CURVE('',#2239,#2246,#2244,.T.) ;
#2260=EDGE_CURVE('',#2246,#2259,#2248,.F.) ;
#2265=EDGE_CURVE('',#2259,#2222,#2264,.F.) ;
#2289=EDGE_CURVE('',#2222,#2288,#2281,.F.) ;
#2294=EDGE_CURVE('',#2112,#2288,#2293,.F.) ;
#2313=EDGE_CURVE('',#2121,#2312,#2310,.F.) ;
#2320=EDGE_CURVE('',#2312,#2319,#2317,.F.) ;
#2330=EDGE_CURVE('',#2319,#2329,#2321,.F.) ;
#2335=EDGE_CURVE('',#2329,#2154,#2334,.T.) ;
#2357=EDGE_CURVE('',#2288,#2312,#2351,.F.) ;
#2410=EDGE_CURVE('',#2246,#2409,#2402,.F.) ;
#2423=EDGE_CURVE('',#2409,#2422,#2411,.F.) ;
#2430=EDGE_CURVE('',#2259,#2422,#2424,.F.) ;
#2449=EDGE_CURVE('',#2422,#2448,#2446,.F.) ;
#2454=EDGE_CURVE('',#2222,#2448,#2453,.T.) ;
#2514=EDGE_CURVE('',#2448,#2513,#2499,.F.) ;
#2521=EDGE_CURVE('',#2288,#2513,#2515,.F.) ;
#2581=EDGE_CURVE('',#2513,#2580,#2566,.F.) ;
#2588=EDGE_CURVE('',#2312,#2580,#2582,.F.) ;
#2605=EDGE_CURVE('',#2580,#2197,#2604,.F.) ;
#2610=EDGE_CURVE('',#2319,#2197,#2609,.T.) ;
#2661=EDGE_CURVE('',#2329,#2178,#2655,.F.) ;
#2692=EDGE_CURVE('',#2691,#2409,#2689,.T.) ;
#2697=EDGE_CURVE('',#2239,#2691,#2696,.T.) ;
#2711=EDGE_CURVE('',#2710,#2232,#2708,.T.) ;
#2718=EDGE_CURVE('',#2717,#163,#2715,.T.) ;
#2724=EDGE_CURVE('',#2710,#2717,#2719,.T.) ;
#2740=EDGE_CURVE('',#306,#2739,#2737,.F.) ;
#2747=EDGE_CURVE('',#2739,#2746,#2744,.F.) ;
#2756=EDGE_CURVE('',#2746,#2755,#2748,.T.) ;
#2765=EDGE_CURVE('',#2755,#2764,#2757,.F.) ;
#2770=EDGE_CURVE('',#2717,#2764,#2769,.F.) ;
#2789=EDGE_CURVE('',#2422,#2788,#2786,.T.) ;
#2796=EDGE_CURVE('',#2409,#2795,#2793,.T.) ;
#2802=EDGE_CURVE('',#2788,#2795,#2797,.F.) ;
#2816=EDGE_CURVE('',#2795,#2815,#2813,.T.) ;
#2821=EDGE_CURVE('',#2691,#2815,#2820,.T.) ;
#2835=EDGE_CURVE('',#2710,#2834,#2832,.T.) ;
#2840=EDGE_CURVE('',#2815,#2834,#2839,.F.) ;
#2861=EDGE_CURVE('',#2746,#2860,#2858,.F.) ;
#2871=EDGE_CURVE('',#2870,#2739,#2862,.T.) ;
#2878=EDGE_CURVE('',#2870,#2877,#2875,.T.) ;
#2885=EDGE_CURVE('',#2877,#2884,#2882,.T.) ;
#2898=EDGE_CURVE('',#2884,#2897,#2886,.F.) ;
#2903=EDGE_CURVE('',#2897,#2860,#2902,.F.) ;
#2927=EDGE_CURVE('',#2860,#2926,#2919,.F.) ;
#2932=EDGE_CURVE('',#2755,#2926,#2931,.F.) ;
#2951=EDGE_CURVE('',#2764,#2950,#2948,.F.) ;
#2958=EDGE_CURVE('',#2950,#2957,#2955,.F.) ;
#2968=EDGE_CURVE('',#2957,#2967,#2959,.F.) ;
#2973=EDGE_CURVE('',#2967,#2834,#2972,.T.) ;
#2995=EDGE_CURVE('',#2926,#2950,#2989,.F.) ;
#3048=EDGE_CURVE('',#2884,#3047,#3040,.F.) ;
#3061=EDGE_CURVE('',#3047,#3060,#3049,.F.) ;
#3068=EDGE_CURVE('',#2897,#3060,#3062,.F.) ;
#3087=EDGE_CURVE('',#3060,#3086,#3084,.F.) ;
#3092=EDGE_CURVE('',#2860,#3086,#3091,.T.) ;
#3152=EDGE_CURVE('',#3086,#3151,#3137,.F.) ;
#3159=EDGE_CURVE('',#2926,#3151,#3153,.F.) ;
#3219=EDGE_CURVE('',#3151,#3218,#3204,.F.) ;
#3226=EDGE_CURVE('',#2950,#3218,#3220,.F.) ;
#3243=EDGE_CURVE('',#3218,#2788,#3242,.F.) ;
#3248=EDGE_CURVE('',#2957,#2788,#3247,.T.) ;
#3299=EDGE_CURVE('',#2967,#2795,#3293,.F.) ;
#3330=EDGE_CURVE('',#3329,#3047,#3327,.T.) ;
#3335=EDGE_CURVE('',#2877,#3329,#3334,.T.) ;
#3349=EDGE_CURVE('',#3348,#2870,#3346,.T.) ;
#3356=EDGE_CURVE('',#3355,#313,#3353,.T.) ;
#3362=EDGE_CURVE('',#3348,#3355,#3357,.T.) ;
#3378=EDGE_CURVE('',#273,#3377,#3375,.T.) ;
#3385=EDGE_CURVE('',#933,#3384,#3382,.T.) ;
#3392=EDGE_CURVE('',#3384,#3391,#3389,.T.) ;
#3398=EDGE_CURVE('',#3391,#3377,#3393,.T.) ;
#3415=EDGE_CURVE('',#3377,#3414,#3412,.F.) ;
#3424=EDGE_CURVE('',#3414,#3423,#3416,.T.) ;
#3433=EDGE_CURVE('',#3423,#3432,#3425,.F.) ;
#3438=EDGE_CURVE('',#3355,#3432,#3437,.F.) ;
#3457=EDGE_CURVE('',#3391,#3456,#3454,.T.) ;
#3464=EDGE_CURVE('',#3463,#787,#3461,.T.) ;
#3469=EDGE_CURVE('',#3456,#3463,#3468,.F.) ;
#3487=EDGE_CURVE('',#3329,#3486,#3484,.T.) ;
#3494=EDGE_CURVE('',#3348,#3493,#3491,.T.) ;
#3499=EDGE_CURVE('',#3486,#3493,#3498,.F.) ;
#3515=EDGE_CURVE('',#3463,#3514,#3512,.F.) ;
#3520=EDGE_CURVE('',#3514,#780,#3519,.T.) ;
#3534=EDGE_CURVE('',#3533,#3486,#3531,.T.) ;
#3539=EDGE_CURVE('',#3047,#3533,#3538,.T.) ;
#3553=EDGE_CURVE('',#3552,#811,#3550,.T.) ;
#3559=EDGE_CURVE('',#3514,#3552,#3554,.F.) ;
#3573=EDGE_CURVE('',#3060,#3572,#3570,.T.) ;
#3579=EDGE_CURVE('',#3572,#3533,#3574,.F.) ;
#3598=EDGE_CURVE('',#3414,#3597,#3595,.F.) ;
#3605=EDGE_CURVE('',#3456,#3604,#3602,.T.) ;
#3618=EDGE_CURVE('',#3604,#3617,#3606,.F.) ;
#3623=EDGE_CURVE('',#3617,#3597,#3622,.F.) ;
#3647=EDGE_CURVE('',#3597,#3646,#3639,.F.) ;
#3652=EDGE_CURVE('',#3423,#3646,#3651,.F.) ;
#3668=EDGE_CURVE('',#3667,#3572,#3660,.F.) ;
#3677=EDGE_CURVE('',#3676,#3667,#3669,.F.) ;
#3686=EDGE_CURVE('',#3685,#3676,#3678,.F.) ;
#3693=EDGE_CURVE('',#3552,#3685,#3687,.F.) ;
#3727=EDGE_CURVE('',#3432,#3726,#3724,.F.) ;
#3734=EDGE_CURVE('',#3726,#3733,#3731,.F.) ;
#3744=EDGE_CURVE('',#3733,#3743,#3735,.F.) ;
#3749=EDGE_CURVE('',#3743,#3493,#3748,.T.) ;
#3771=EDGE_CURVE('',#3646,#3726,#3765,.F.) ;
#3822=EDGE_CURVE('',#3604,#3514,#3816,.F.) ;
#3829=EDGE_CURVE('',#3617,#3552,#3823,.F.) ;
#3846=EDGE_CURVE('',#3597,#3685,#3845,.T.) ;
#3897=EDGE_CURVE('',#3646,#3676,#3891,.F.) ;
#3948=EDGE_CURVE('',#3726,#3667,#3942,.F.) ;
#3965=EDGE_CURVE('',#3733,#3572,#3964,.T.) ;
#4016=EDGE_CURVE('',#3743,#3533,#4010,.F.) ;
#31=CLOSED_SHELL('Closed Shell',(#145,#178,#219,#250,#262,#295,#328,#361,#389,#420,#432,#463,#475,#503,#534,#546,#574,#605,#617,#648,#660,#699,#760,#800,#832,#896,#922,#983,#1002,#1075,#1099,#1166,#1233,#1255,#1306,#1323,#1347,#1375,#1404,#1446,#1482,#1509,#1535,#1554,#1580,#1634,#1660,#1726,#1770,#1789,#1847,#1864,#1915,#1966,#1983,#2034,#2046,#2063,#2090,#2141,#2172,#2191,#2211,#2275,#2301,#2345,#2364,#2437,#2461,#2528,#2595,#2617,#2668,#2680,#2704,#2733,#2782,#2809,#2828,#2849,#2913,#2939,#2983,#3002,#3075,#3099,#3166,#3233,#3255,#3306,#3318,#3342,#3371,#3408,#3450,#3480,#3508,#3527,#3546,#3566,#3586,#3633,#3659,#3715,#3759,#3778,#3836,#3853,#3904,#3955,#3972,#4023,#4035,#4047)) ;
#52=ORIENTED_EDGE('',*,*,#45,.T.) ;
#53=ORIENTED_EDGE('',*,*,#50,.T.) ;
#133=ORIENTED_EDGE('',*,*,#63,.F.) ;
#134=ORIENTED_EDGE('',*,*,#70,.F.) ;
#135=ORIENTED_EDGE('',*,*,#77,.F.) ;
#136=ORIENTED_EDGE('',*,*,#84,.F.) ;
#137=ORIENTED_EDGE('',*,*,#91,.F.) ;
#138=ORIENTED_EDGE('',*,*,#98,.F.) ;
#139=ORIENTED_EDGE('',*,*,#105,.F.) ;
#140=ORIENTED_EDGE('',*,*,#112,.F.) ;
#141=ORIENTED_EDGE('',*,*,#119,.F.) ;
#142=ORIENTED_EDGE('',*,*,#126,.F.) ;
#143=ORIENTED_EDGE('',*,*,#131,.F.) ;
#173=ORIENTED_EDGE('',*,*,#157,.T.) ;
#174=ORIENTED_EDGE('',*,*,#98,.T.) ;
#175=ORIENTED_EDGE('',*,*,#164,.F.) ;
#176=ORIENTED_EDGE('',*,*,#171,.T.) ;
#213=ORIENTED_EDGE('',*,*,#190,.T.) ;
#214=ORIENTED_EDGE('',*,*,#119,.T.) ;
#215=ORIENTED_EDGE('',*,*,#197,.F.) ;
#216=ORIENTED_EDGE('',*,*,#205,.T.) ;
#217=ORIENTED_EDGE('',*,*,#211,.T.) ;
#245=ORIENTED_EDGE('',*,*,#45,.F.) ;
#246=ORIENTED_EDGE('',*,*,#231,.T.) ;
#247=ORIENTED_EDGE('',*,*,#238,.T.) ;
#248=ORIENTED_EDGE('',*,*,#243,.F.) ;
#257=ORIENTED_EDGE('',*,*,#50,.F.) ;
#258=ORIENTED_EDGE('',*,*,#243,.T.) ;
#259=ORIENTED_EDGE('',*,*,#255,.T.) ;
#260=ORIENTED_EDGE('',*,*,#231,.F.) ;
#290=ORIENTED_EDGE('',*,*,#274,.T.) ;
#291=ORIENTED_EDGE('',*,*,#70,.T.) ;
#292=ORIENTED_EDGE('',*,*,#281,.F.) ;
#293=ORIENTED_EDGE('',*,*,#288,.F.) ;
#323=ORIENTED_EDGE('',*,*,#307,.T.) ;
#324=ORIENTED_EDGE('',*,*,#84,.T.) ;
#325=ORIENTED_EDGE('',*,*,#314,.F.) ;
#326=ORIENTED_EDGE('',*,*,#321,.F.) ;
#356=ORIENTED_EDGE('',*,*,#340,.T.) ;
#357=ORIENTED_EDGE('',*,*,#131,.T.) ;
#358=ORIENTED_EDGE('',*,*,#347,.F.) ;
#359=ORIENTED_EDGE('',*,*,#354,.T.) ;
#368=ORIENTED_EDGE('',*,*,#255,.F.) ;
#369=ORIENTED_EDGE('',*,*,#238,.F.) ;
#386=ORIENTED_EDGE('',*,*,#379,.T.) ;
#387=ORIENTED_EDGE('',*,*,#384,.T.) ;
#415=ORIENTED_EDGE('',*,*,#384,.F.) ;
#416=ORIENTED_EDGE('',*,*,#401,.T.) ;
#417=ORIENTED_EDGE('',*,*,#408,.T.) ;
#418=ORIENTED_EDGE('',*,*,#413,.F.) ;
#427=ORIENTED_EDGE('',*,*,#379,.F.) ;
#428=ORIENTED_EDGE('',*,*,#413,.T.) ;
#429=ORIENTED_EDGE('',*,*,#425,.T.) ;
#430=ORIENTED_EDGE('',*,*,#401,.F.) ;
#458=ORIENTED_EDGE('',*,*,#408,.F.) ;
#459=ORIENTED_EDGE('',*,*,#444,.T.) ;
#460=ORIENTED_EDGE('',*,*,#451,.T.) ;
#461=ORIENTED_EDGE('',*,*,#456,.F.) ;
#470=ORIENTED_EDGE('',*,*,#425,.F.) ;
#471=ORIENTED_EDGE('',*,*,#456,.T.) ;
#472=ORIENTED_EDGE('',*,*,#468,.T.) ;
#473=ORIENTED_EDGE('',*,*,#444,.F.) ;
#482=ORIENTED_EDGE('',*,*,#451,.F.) ;
#483=ORIENTED_EDGE('',*,*,#468,.F.) ;
#500=ORIENTED_EDGE('',*,*,#493,.T.) ;
#501=ORIENTED_EDGE('',*,*,#498,.T.) ;
#529=ORIENTED_EDGE('',*,*,#498,.F.) ;
#530=ORIENTED_EDGE('',*,*,#515,.T.) ;
#531=ORIENTED_EDGE('',*,*,#522,.T.) ;
#532=ORIENTED_EDGE('',*,*,#527,.F.) ;
#541=ORIENTED_EDGE('',*,*,#493,.F.) ;
#542=ORIENTED_EDGE('',*,*,#527,.T.) ;
#543=ORIENTED_EDGE('',*,*,#539,.T.) ;
#544=ORIENTED_EDGE('',*,*,#515,.F.) ;
#567=ORIENTED_EDGE('',*,*,#560,.T.) ;
#568=ORIENTED_EDGE('',*,*,#565,.T.) ;
#571=ORIENTED_EDGE('',*,*,#522,.F.) ;
#572=ORIENTED_EDGE('',*,*,#539,.F.) ;
#600=ORIENTED_EDGE('',*,*,#560,.F.) ;
#601=ORIENTED_EDGE('',*,*,#586,.T.) ;
#602=ORIENTED_EDGE('',*,*,#593,.T.) ;
#603=ORIENTED_EDGE('',*,*,#598,.F.) ;
#612=ORIENTED_EDGE('',*,*,#565,.F.) ;
#613=ORIENTED_EDGE('',*,*,#598,.T.) ;
#614=ORIENTED_EDGE('',*,*,#610,.T.) ;
#615=ORIENTED_EDGE('',*,*,#586,.F.) ;
#643=ORIENTED_EDGE('',*,*,#593,.F.) ;
#644=ORIENTED_EDGE('',*,*,#629,.T.) ;
#645=ORIENTED_EDGE('',*,*,#636,.T.) ;
#646=ORIENTED_EDGE('',*,*,#641,.F.) ;
#655=ORIENTED_EDGE('',*,*,#610,.F.) ;
#656=ORIENTED_EDGE('',*,*,#641,.T.) ;
#657=ORIENTED_EDGE('',*,*,#653,.T.) ;
#658=ORIENTED_EDGE('',*,*,#629,.F.) ;
#693=ORIENTED_EDGE('',*,*,#672,.T.) ;
#694=ORIENTED_EDGE('',*,*,#679,.F.) ;
#695=ORIENTED_EDGE('',*,*,#686,.F.) ;
#696=ORIENTED_EDGE('',*,*,#691,.F.) ;
#697=ORIENTED_EDGE('',*,*,#205,.F.) ;
#750=ORIENTED_EDGE('',*,*,#711,.T.) ;
#751=ORIENTED_EDGE('',*,*,#281,.T.) ;
#752=ORIENTED_EDGE('',*,*,#63,.T.) ;
#753=ORIENTED_EDGE('',*,*,#340,.F.) ;
#754=ORIENTED_EDGE('',*,*,#718,.T.) ;
#755=ORIENTED_EDGE('',*,*,#725,.T.) ;
#756=ORIENTED_EDGE('',*,*,#734,.T.) ;
#757=ORIENTED_EDGE('',*,*,#743,.T.) ;
#758=ORIENTED_EDGE('',*,*,#748,.F.) ;
#795=ORIENTED_EDGE('',*,*,#774,.F.) ;
#796=ORIENTED_EDGE('',*,*,#781,.F.) ;
#797=ORIENTED_EDGE('',*,*,#788,.T.) ;
#798=ORIENTED_EDGE('',*,*,#793,.T.) ;
#827=ORIENTED_EDGE('',*,*,#814,.F.) ;
#828=ORIENTED_EDGE('',*,*,#819,.T.) ;
#829=ORIENTED_EDGE('',*,*,#781,.T.) ;
#830=ORIENTED_EDGE('',*,*,#825,.F.) ;
#888=ORIENTED_EDGE('',*,*,#844,.F.) ;
#889=ORIENTED_EDGE('',*,*,#725,.F.) ;
#890=ORIENTED_EDGE('',*,*,#854,.F.) ;
#891=ORIENTED_EDGE('',*,*,#861,.T.) ;
#892=ORIENTED_EDGE('',*,*,#868,.T.) ;
#893=ORIENTED_EDGE('',*,*,#881,.T.) ;
#894=ORIENTED_EDGE('',*,*,#886,.T.) ;
#917=ORIENTED_EDGE('',*,*,#910,.T.) ;
#918=ORIENTED_EDGE('',*,*,#915,.F.) ;
#919=ORIENTED_EDGE('',*,*,#734,.F.) ;
#920=ORIENTED_EDGE('',*,*,#844,.T.) ;
#975=ORIENTED_EDGE('',*,*,#936,.F.) ;
#976=ORIENTED_EDGE('',*,*,#944,.T.) ;
#977=ORIENTED_EDGE('',*,*,#748,.T.) ;
#978=ORIENTED_EDGE('',*,*,#951,.T.) ;
#979=ORIENTED_EDGE('',*,*,#958,.T.) ;
#980=ORIENTED_EDGE('',*,*,#968,.T.) ;
#981=ORIENTED_EDGE('',*,*,#973,.T.) ;
#997=ORIENTED_EDGE('',*,*,#995,.T.) ;
#998=ORIENTED_EDGE('',*,*,#951,.F.) ;
#999=ORIENTED_EDGE('',*,*,#743,.F.) ;
#1000=ORIENTED_EDGE('',*,*,#915,.T.) ;
#1070=ORIENTED_EDGE('',*,*,#1048,.T.) ;
#1071=ORIENTED_EDGE('',*,*,#1061,.T.) ;
#1072=ORIENTED_EDGE('',*,*,#1068,.F.) ;
#1073=ORIENTED_EDGE('',*,*,#881,.F.) ;
#1094=ORIENTED_EDGE('',*,*,#1068,.T.) ;
#1095=ORIENTED_EDGE('',*,*,#1087,.T.) ;
#1096=ORIENTED_EDGE('',*,*,#1092,.F.) ;
#1097=ORIENTED_EDGE('',*,*,#886,.F.) ;
#1161=ORIENTED_EDGE('',*,*,#1092,.T.) ;
#1162=ORIENTED_EDGE('',*,*,#1152,.T.) ;
#1163=ORIENTED_EDGE('',*,*,#1159,.F.) ;
#1164=ORIENTED_EDGE('',*,*,#910,.F.) ;
#1228=ORIENTED_EDGE('',*,*,#1159,.T.) ;
#1229=ORIENTED_EDGE('',*,*,#1219,.T.) ;
#1230=ORIENTED_EDGE('',*,*,#1226,.F.) ;
#1231=ORIENTED_EDGE('',*,*,#995,.F.) ;
#1250=ORIENTED_EDGE('',*,*,#1226,.T.) ;
#1251=ORIENTED_EDGE('',*,*,#1243,.T.) ;
#1252=ORIENTED_EDGE('',*,*,#1248,.F.) ;
#1253=ORIENTED_EDGE('',*,*,#958,.F.) ;
#1301=ORIENTED_EDGE('',*,*,#1248,.T.) ;
#1302=ORIENTED_EDGE('',*,*,#825,.T.) ;
#1303=ORIENTED_EDGE('',*,*,#1299,.F.) ;
#1304=ORIENTED_EDGE('',*,*,#968,.F.) ;
#1318=ORIENTED_EDGE('',*,*,#973,.F.) ;
#1319=ORIENTED_EDGE('',*,*,#1299,.T.) ;
#1320=ORIENTED_EDGE('',*,*,#774,.T.) ;
#1321=ORIENTED_EDGE('',*,*,#1316,.T.) ;
#1342=ORIENTED_EDGE('',*,*,#1335,.T.) ;
#1343=ORIENTED_EDGE('',*,*,#1048,.F.) ;
#1344=ORIENTED_EDGE('',*,*,#868,.F.) ;
#1345=ORIENTED_EDGE('',*,*,#1340,.T.) ;
#1369=ORIENTED_EDGE('',*,*,#1354,.F.) ;
#1370=ORIENTED_EDGE('',*,*,#211,.F.) ;
#1371=ORIENTED_EDGE('',*,*,#691,.T.) ;
#1372=ORIENTED_EDGE('',*,*,#1361,.T.) ;
#1373=ORIENTED_EDGE('',*,*,#1367,.T.) ;
#1397=ORIENTED_EDGE('',*,*,#1382,.T.) ;
#1398=ORIENTED_EDGE('',*,*,#854,.T.) ;
#1399=ORIENTED_EDGE('',*,*,#718,.F.) ;
#1400=ORIENTED_EDGE('',*,*,#354,.F.) ;
#1401=ORIENTED_EDGE('',*,*,#1389,.F.) ;
#1402=ORIENTED_EDGE('',*,*,#1395,.F.) ;
#1436=ORIENTED_EDGE('',*,*,#1389,.T.) ;
#1437=ORIENTED_EDGE('',*,*,#347,.T.) ;
#1438=ORIENTED_EDGE('',*,*,#126,.T.) ;
#1439=ORIENTED_EDGE('',*,*,#190,.F.) ;
#1440=ORIENTED_EDGE('',*,*,#1354,.T.) ;
#1441=ORIENTED_EDGE('',*,*,#1411,.T.) ;
#1442=ORIENTED_EDGE('',*,*,#1420,.T.) ;
#1443=ORIENTED_EDGE('',*,*,#1429,.T.) ;
#1444=ORIENTED_EDGE('',*,*,#1434,.F.) ;
#1477=ORIENTED_EDGE('',*,*,#1455,.T.) ;
#1478=ORIENTED_EDGE('',*,*,#1462,.F.) ;
#1479=ORIENTED_EDGE('',*,*,#1469,.F.) ;
#1480=ORIENTED_EDGE('',*,*,#1475,.F.) ;
#1504=ORIENTED_EDGE('',*,*,#1489,.F.) ;
#1505=ORIENTED_EDGE('',*,*,#1061,.F.) ;
#1506=ORIENTED_EDGE('',*,*,#1496,.T.) ;
#1507=ORIENTED_EDGE('',*,*,#1502,.F.) ;
#1530=ORIENTED_EDGE('',*,*,#1516,.F.) ;
#1531=ORIENTED_EDGE('',*,*,#1523,.T.) ;
#1532=ORIENTED_EDGE('',*,*,#1528,.F.) ;
#1533=ORIENTED_EDGE('',*,*,#1455,.F.) ;
#1549=ORIENTED_EDGE('',*,*,#1542,.F.) ;
#1550=ORIENTED_EDGE('',*,*,#1496,.F.) ;
#1551=ORIENTED_EDGE('',*,*,#1335,.F.) ;
#1552=ORIENTED_EDGE('',*,*,#1547,.T.) ;
#1573=ORIENTED_EDGE('',*,*,#1547,.F.) ;
#1574=ORIENTED_EDGE('',*,*,#1340,.F.) ;
#1575=ORIENTED_EDGE('',*,*,#861,.F.) ;
#1576=ORIENTED_EDGE('',*,*,#1382,.F.) ;
#1577=ORIENTED_EDGE('',*,*,#1566,.T.) ;
#1578=ORIENTED_EDGE('',*,*,#1571,.F.) ;
#1626=ORIENTED_EDGE('',*,*,#1592,.F.) ;
#1627=ORIENTED_EDGE('',*,*,#1411,.F.) ;
#1628=ORIENTED_EDGE('',*,*,#1367,.F.) ;
#1629=ORIENTED_EDGE('',*,*,#1599,.T.) ;
#1630=ORIENTED_EDGE('',*,*,#1606,.T.) ;
#1631=ORIENTED_EDGE('',*,*,#1619,.T.) ;
#1632=ORIENTED_EDGE('',*,*,#1624,.T.) ;
#1655=ORIENTED_EDGE('',*,*,#1648,.T.) ;
#1656=ORIENTED_EDGE('',*,*,#1653,.F.) ;
#1657=ORIENTED_EDGE('',*,*,#1420,.F.) ;
#1658=ORIENTED_EDGE('',*,*,#1592,.T.) ;
#1711=ORIENTED_EDGE('',*,*,#1674,.F.) ;
#1712=ORIENTED_EDGE('',*,*,#1683,.F.) ;
#1713=ORIENTED_EDGE('',*,*,#1692,.F.) ;
#1714=ORIENTED_EDGE('',*,*,#1699,.F.) ;
#1715=ORIENTED_EDGE('',*,*,#1469,.T.) ;
#1716=ORIENTED_EDGE('',*,*,#1704,.F.) ;
#1717=ORIENTED_EDGE('',*,*,#653,.F.) ;
#1718=ORIENTED_EDGE('',*,*,#1709,.T.) ;
#1719=ORIENTED_EDGE('',*,*,#814,.T.) ;
#1720=ORIENTED_EDGE('',*,*,#1243,.F.) ;
#1721=ORIENTED_EDGE('',*,*,#1219,.F.) ;
#1722=ORIENTED_EDGE('',*,*,#1152,.F.) ;
#1723=ORIENTED_EDGE('',*,*,#1087,.F.) ;
#1724=ORIENTED_EDGE('',*,*,#1489,.T.) ;
#1762=ORIENTED_EDGE('',*,*,#1566,.F.) ;
#1763=ORIENTED_EDGE('',*,*,#1395,.T.) ;
#1764=ORIENTED_EDGE('',*,*,#1434,.T.) ;
#1765=ORIENTED_EDGE('',*,*,#1738,.T.) ;
#1766=ORIENTED_EDGE('',*,*,#1745,.T.) ;
#1767=ORIENTED_EDGE('',*,*,#1755,.T.) ;
#1768=ORIENTED_EDGE('',*,*,#1760,.T.) ;
#1784=ORIENTED_EDGE('',*,*,#1782,.T.) ;
#1785=ORIENTED_EDGE('',*,*,#1738,.F.) ;
#1786=ORIENTED_EDGE('',*,*,#1429,.F.) ;
#1787=ORIENTED_EDGE('',*,*,#1653,.T.) ;
#1842=ORIENTED_EDGE('',*,*,#1833,.T.) ;
#1843=ORIENTED_EDGE('',*,*,#1475,.T.) ;
#1844=ORIENTED_EDGE('',*,*,#1840,.F.) ;
#1845=ORIENTED_EDGE('',*,*,#1619,.F.) ;
#1859=ORIENTED_EDGE('',*,*,#1840,.T.) ;
#1860=ORIENTED_EDGE('',*,*,#1699,.T.) ;
#1861=ORIENTED_EDGE('',*,*,#1857,.F.) ;
#1862=ORIENTED_EDGE('',*,*,#1624,.F.) ;
#1910=ORIENTED_EDGE('',*,*,#1857,.T.) ;
#1911=ORIENTED_EDGE('',*,*,#1692,.T.) ;
#1912=ORIENTED_EDGE('',*,*,#1908,.F.) ;
#1913=ORIENTED_EDGE('',*,*,#1648,.F.) ;
#1961=ORIENTED_EDGE('',*,*,#1908,.T.) ;
#1962=ORIENTED_EDGE('',*,*,#1683,.T.) ;
#1963=ORIENTED_EDGE('',*,*,#1959,.F.) ;
#1964=ORIENTED_EDGE('',*,*,#1782,.F.) ;
#1978=ORIENTED_EDGE('',*,*,#1959,.T.) ;
#1979=ORIENTED_EDGE('',*,*,#1674,.T.) ;
#1980=ORIENTED_EDGE('',*,*,#1976,.F.) ;
#1981=ORIENTED_EDGE('',*,*,#1745,.F.) ;
#2029=ORIENTED_EDGE('',*,*,#1976,.T.) ;
#2030=ORIENTED_EDGE('',*,*,#1502,.T.) ;
#2031=ORIENTED_EDGE('',*,*,#2027,.F.) ;
#2032=ORIENTED_EDGE('',*,*,#1755,.F.) ;
#2041=ORIENTED_EDGE('',*,*,#1760,.F.) ;
#2042=ORIENTED_EDGE('',*,*,#2027,.T.) ;
#2043=ORIENTED_EDGE('',*,*,#1542,.T.) ;
#2044=ORIENTED_EDGE('',*,*,#1571,.T.) ;
#2058=ORIENTED_EDGE('',*,*,#1516,.T.) ;
#2059=ORIENTED_EDGE('',*,*,#1833,.F.) ;
#2060=ORIENTED_EDGE('',*,*,#1606,.F.) ;
#2061=ORIENTED_EDGE('',*,*,#2056,.T.) ;
#2085=ORIENTED_EDGE('',*,*,#2070,.T.) ;
#2086=ORIENTED_EDGE('',*,*,#679,.T.) ;
#2087=ORIENTED_EDGE('',*,*,#2077,.F.) ;
#2088=ORIENTED_EDGE('',*,*,#2083,.F.) ;
#2129=ORIENTED_EDGE('',*,*,#2077,.T.) ;
#2130=ORIENTED_EDGE('',*,*,#672,.F.) ;
#2131=ORIENTED_EDGE('',*,*,#197,.T.) ;
#2132=ORIENTED_EDGE('',*,*,#112,.T.) ;
#2133=ORIENTED_EDGE('',*,*,#105,.T.) ;
#2134=ORIENTED_EDGE('',*,*,#157,.F.) ;
#2135=ORIENTED_EDGE('',*,*,#2097,.T.) ;
#2136=ORIENTED_EDGE('',*,*,#2104,.T.) ;
#2137=ORIENTED_EDGE('',*,*,#2113,.T.) ;
#2138=ORIENTED_EDGE('',*,*,#2122,.T.) ;
#2139=ORIENTED_EDGE('',*,*,#2127,.F.) ;
#2162=ORIENTED_EDGE('',*,*,#2148,.F.) ;
#2163=ORIENTED_EDGE('',*,*,#1523,.F.) ;
#2164=ORIENTED_EDGE('',*,*,#2056,.F.) ;
#2165=ORIENTED_EDGE('',*,*,#1599,.F.) ;
#2166=ORIENTED_EDGE('',*,*,#1361,.F.) ;
#2167=ORIENTED_EDGE('',*,*,#686,.T.) ;
#2168=ORIENTED_EDGE('',*,*,#2070,.F.) ;
#2169=ORIENTED_EDGE('',*,*,#2155,.T.) ;
#2170=ORIENTED_EDGE('',*,*,#2160,.F.) ;
#2186=ORIENTED_EDGE('',*,*,#2179,.F.) ;
#2187=ORIENTED_EDGE('',*,*,#2184,.F.) ;
#2188=ORIENTED_EDGE('',*,*,#1528,.T.) ;
#2189=ORIENTED_EDGE('',*,*,#2148,.T.) ;
#2206=ORIENTED_EDGE('',*,*,#2198,.F.) ;
#2207=ORIENTED_EDGE('',*,*,#1462,.T.) ;
#2208=ORIENTED_EDGE('',*,*,#2184,.T.) ;
#2209=ORIENTED_EDGE('',*,*,#2204,.F.) ;
#2267=ORIENTED_EDGE('',*,*,#2223,.F.) ;
#2268=ORIENTED_EDGE('',*,*,#2104,.F.) ;
#2269=ORIENTED_EDGE('',*,*,#2233,.F.) ;
#2270=ORIENTED_EDGE('',*,*,#2240,.T.) ;
#2271=ORIENTED_EDGE('',*,*,#2247,.T.) ;
#2272=ORIENTED_EDGE('',*,*,#2260,.T.) ;
#2273=ORIENTED_EDGE('',*,*,#2265,.T.) ;
#2296=ORIENTED_EDGE('',*,*,#2289,.T.) ;
#2297=ORIENTED_EDGE('',*,*,#2294,.F.) ;
#2298=ORIENTED_EDGE('',*,*,#2113,.F.) ;
#2299=ORIENTED_EDGE('',*,*,#2223,.T.) ;
#2337=ORIENTED_EDGE('',*,*,#2155,.F.) ;
#2338=ORIENTED_EDGE('',*,*,#2083,.T.) ;
#2339=ORIENTED_EDGE('',*,*,#2127,.T.) ;
#2340=ORIENTED_EDGE('',*,*,#2313,.T.) ;
#2341=ORIENTED_EDGE('',*,*,#2320,.T.) ;
#2342=ORIENTED_EDGE('',*,*,#2330,.T.) ;
#2343=ORIENTED_EDGE('',*,*,#2335,.T.) ;
#2359=ORIENTED_EDGE('',*,*,#2357,.T.) ;
#2360=ORIENTED_EDGE('',*,*,#2313,.F.) ;
#2361=ORIENTED_EDGE('',*,*,#2122,.F.) ;
#2362=ORIENTED_EDGE('',*,*,#2294,.T.) ;
#2432=ORIENTED_EDGE('',*,*,#2410,.T.) ;
#2433=ORIENTED_EDGE('',*,*,#2423,.T.) ;
#2434=ORIENTED_EDGE('',*,*,#2430,.F.) ;
#2435=ORIENTED_EDGE('',*,*,#2260,.F.) ;
#2456=ORIENTED_EDGE('',*,*,#2430,.T.) ;
#2457=ORIENTED_EDGE('',*,*,#2449,.T.) ;
#2458=ORIENTED_EDGE('',*,*,#2454,.F.) ;
#2459=ORIENTED_EDGE('',*,*,#2265,.F.) ;
#2523=ORIENTED_EDGE('',*,*,#2454,.T.) ;
#2524=ORIENTED_EDGE('',*,*,#2514,.T.) ;
#2525=ORIENTED_EDGE('',*,*,#2521,.F.) ;
#2526=ORIENTED_EDGE('',*,*,#2289,.F.) ;
#2590=ORIENTED_EDGE('',*,*,#2521,.T.) ;
#2591=ORIENTED_EDGE('',*,*,#2581,.T.) ;
#2592=ORIENTED_EDGE('',*,*,#2588,.F.) ;
#2593=ORIENTED_EDGE('',*,*,#2357,.F.) ;
#2612=ORIENTED_EDGE('',*,*,#2588,.T.) ;
#2613=ORIENTED_EDGE('',*,*,#2605,.T.) ;
#2614=ORIENTED_EDGE('',*,*,#2610,.F.) ;
#2615=ORIENTED_EDGE('',*,*,#2320,.F.) ;
#2663=ORIENTED_EDGE('',*,*,#2610,.T.) ;
#2664=ORIENTED_EDGE('',*,*,#2204,.T.) ;
#2665=ORIENTED_EDGE('',*,*,#2661,.F.) ;
#2666=ORIENTED_EDGE('',*,*,#2330,.F.) ;
#2675=ORIENTED_EDGE('',*,*,#2335,.F.) ;
#2676=ORIENTED_EDGE('',*,*,#2661,.T.) ;
#2677=ORIENTED_EDGE('',*,*,#2179,.T.) ;
#2678=ORIENTED_EDGE('',*,*,#2160,.T.) ;
#2699=ORIENTED_EDGE('',*,*,#2692,.T.) ;
#2700=ORIENTED_EDGE('',*,*,#2410,.F.) ;
#2701=ORIENTED_EDGE('',*,*,#2247,.F.) ;
#2702=ORIENTED_EDGE('',*,*,#2697,.T.) ;
#2726=ORIENTED_EDGE('',*,*,#2711,.T.) ;
#2727=ORIENTED_EDGE('',*,*,#2233,.T.) ;
#2728=ORIENTED_EDGE('',*,*,#2097,.F.) ;
#2729=ORIENTED_EDGE('',*,*,#171,.F.) ;
#2730=ORIENTED_EDGE('',*,*,#2718,.F.) ;
#2731=ORIENTED_EDGE('',*,*,#2724,.F.) ;
#2772=ORIENTED_EDGE('',*,*,#2718,.T.) ;
#2773=ORIENTED_EDGE('',*,*,#164,.T.) ;
#2774=ORIENTED_EDGE('',*,*,#91,.T.) ;
#2775=ORIENTED_EDGE('',*,*,#307,.F.) ;
#2776=ORIENTED_EDGE('',*,*,#2740,.T.) ;
#2777=ORIENTED_EDGE('',*,*,#2747,.T.) ;
#2778=ORIENTED_EDGE('',*,*,#2756,.T.) ;
#2779=ORIENTED_EDGE('',*,*,#2765,.T.) ;
#2780=ORIENTED_EDGE('',*,*,#2770,.F.) ;
#2804=ORIENTED_EDGE('',*,*,#2789,.F.) ;
#2805=ORIENTED_EDGE('',*,*,#2423,.F.) ;
#2806=ORIENTED_EDGE('',*,*,#2796,.T.) ;
#2807=ORIENTED_EDGE('',*,*,#2802,.F.) ;
#2823=ORIENTED_EDGE('',*,*,#2816,.F.) ;
#2824=ORIENTED_EDGE('',*,*,#2796,.F.) ;
#2825=ORIENTED_EDGE('',*,*,#2692,.F.) ;
#2826=ORIENTED_EDGE('',*,*,#2821,.T.) ;
#2842=ORIENTED_EDGE('',*,*,#2821,.F.) ;
#2843=ORIENTED_EDGE('',*,*,#2697,.F.) ;
#2844=ORIENTED_EDGE('',*,*,#2240,.F.) ;
#2845=ORIENTED_EDGE('',*,*,#2711,.F.) ;
#2846=ORIENTED_EDGE('',*,*,#2835,.T.) ;
#2847=ORIENTED_EDGE('',*,*,#2840,.F.) ;
#2905=ORIENTED_EDGE('',*,*,#2861,.F.) ;
#2906=ORIENTED_EDGE('',*,*,#2747,.F.) ;
#2907=ORIENTED_EDGE('',*,*,#2871,.F.) ;
#2908=ORIENTED_EDGE('',*,*,#2878,.T.) ;
#2909=ORIENTED_EDGE('',*,*,#2885,.T.) ;
#2910=ORIENTED_EDGE('',*,*,#2898,.T.) ;
#2911=ORIENTED_EDGE('',*,*,#2903,.T.) ;
#2934=ORIENTED_EDGE('',*,*,#2927,.T.) ;
#2935=ORIENTED_EDGE('',*,*,#2932,.F.) ;
#2936=ORIENTED_EDGE('',*,*,#2756,.F.) ;
#2937=ORIENTED_EDGE('',*,*,#2861,.T.) ;
#2975=ORIENTED_EDGE('',*,*,#2835,.F.) ;
#2976=ORIENTED_EDGE('',*,*,#2724,.T.) ;
#2977=ORIENTED_EDGE('',*,*,#2770,.T.) ;
#2978=ORIENTED_EDGE('',*,*,#2951,.T.) ;
#2979=ORIENTED_EDGE('',*,*,#2958,.T.) ;
#2980=ORIENTED_EDGE('',*,*,#2968,.T.) ;
#2981=ORIENTED_EDGE('',*,*,#2973,.T.) ;
#2997=ORIENTED_EDGE('',*,*,#2995,.T.) ;
#2998=ORIENTED_EDGE('',*,*,#2951,.F.) ;
#2999=ORIENTED_EDGE('',*,*,#2765,.F.) ;
#3000=ORIENTED_EDGE('',*,*,#2932,.T.) ;
#3070=ORIENTED_EDGE('',*,*,#3048,.T.) ;
#3071=ORIENTED_EDGE('',*,*,#3061,.T.) ;
#3072=ORIENTED_EDGE('',*,*,#3068,.F.) ;
#3073=ORIENTED_EDGE('',*,*,#2898,.F.) ;
#3094=ORIENTED_EDGE('',*,*,#3068,.T.) ;
#3095=ORIENTED_EDGE('',*,*,#3087,.T.) ;
#3096=ORIENTED_EDGE('',*,*,#3092,.F.) ;
#3097=ORIENTED_EDGE('',*,*,#2903,.F.) ;
#3161=ORIENTED_EDGE('',*,*,#3092,.T.) ;
#3162=ORIENTED_EDGE('',*,*,#3152,.T.) ;
#3163=ORIENTED_EDGE('',*,*,#3159,.F.) ;
#3164=ORIENTED_EDGE('',*,*,#2927,.F.) ;
#3228=ORIENTED_EDGE('',*,*,#3159,.T.) ;
#3229=ORIENTED_EDGE('',*,*,#3219,.T.) ;
#3230=ORIENTED_EDGE('',*,*,#3226,.F.) ;
#3231=ORIENTED_EDGE('',*,*,#2995,.F.) ;
#3250=ORIENTED_EDGE('',*,*,#3226,.T.) ;
#3251=ORIENTED_EDGE('',*,*,#3243,.T.) ;
#3252=ORIENTED_EDGE('',*,*,#3248,.F.) ;
#3253=ORIENTED_EDGE('',*,*,#2958,.F.) ;
#3301=ORIENTED_EDGE('',*,*,#3248,.T.) ;
#3302=ORIENTED_EDGE('',*,*,#2802,.T.) ;
#3303=ORIENTED_EDGE('',*,*,#3299,.F.) ;
#3304=ORIENTED_EDGE('',*,*,#2968,.F.) ;
#3313=ORIENTED_EDGE('',*,*,#2973,.F.) ;
#3314=ORIENTED_EDGE('',*,*,#3299,.T.) ;
#3315=ORIENTED_EDGE('',*,*,#2816,.T.) ;
#3316=ORIENTED_EDGE('',*,*,#2840,.T.) ;
#3337=ORIENTED_EDGE('',*,*,#3330,.T.) ;
#3338=ORIENTED_EDGE('',*,*,#3048,.F.) ;
#3339=ORIENTED_EDGE('',*,*,#2885,.F.) ;
#3340=ORIENTED_EDGE('',*,*,#3335,.T.) ;
#3364=ORIENTED_EDGE('',*,*,#3349,.T.) ;
#3365=ORIENTED_EDGE('',*,*,#2871,.T.) ;
#3366=ORIENTED_EDGE('',*,*,#2740,.F.) ;
#3367=ORIENTED_EDGE('',*,*,#321,.T.) ;
#3368=ORIENTED_EDGE('',*,*,#3356,.F.) ;
#3369=ORIENTED_EDGE('',*,*,#3362,.F.) ;
#3400=ORIENTED_EDGE('',*,*,#3378,.F.) ;
#3401=ORIENTED_EDGE('',*,*,#288,.T.) ;
#3402=ORIENTED_EDGE('',*,*,#711,.F.) ;
#3403=ORIENTED_EDGE('',*,*,#944,.F.) ;
#3404=ORIENTED_EDGE('',*,*,#3385,.T.) ;
#3405=ORIENTED_EDGE('',*,*,#3392,.T.) ;
#3406=ORIENTED_EDGE('',*,*,#3398,.T.) ;
#3440=ORIENTED_EDGE('',*,*,#3356,.T.) ;
#3441=ORIENTED_EDGE('',*,*,#314,.T.) ;
#3442=ORIENTED_EDGE('',*,*,#77,.T.) ;
#3443=ORIENTED_EDGE('',*,*,#274,.F.) ;
#3444=ORIENTED_EDGE('',*,*,#3378,.T.) ;
#3445=ORIENTED_EDGE('',*,*,#3415,.T.) ;
#3446=ORIENTED_EDGE('',*,*,#3424,.T.) ;
#3447=ORIENTED_EDGE('',*,*,#3433,.T.) ;
#3448=ORIENTED_EDGE('',*,*,#3438,.F.) ;
#3471=ORIENTED_EDGE('',*,*,#3457,.F.) ;
#3472=ORIENTED_EDGE('',*,*,#3392,.F.) ;
#3473=ORIENTED_EDGE('',*,*,#3385,.F.) ;
#3474=ORIENTED_EDGE('',*,*,#936,.T.) ;
#3475=ORIENTED_EDGE('',*,*,#1316,.F.) ;
#3476=ORIENTED_EDGE('',*,*,#793,.F.) ;
#3477=ORIENTED_EDGE('',*,*,#3464,.F.) ;
#3478=ORIENTED_EDGE('',*,*,#3469,.F.) ;
#3501=ORIENTED_EDGE('',*,*,#3487,.F.) ;
#3502=ORIENTED_EDGE('',*,*,#3335,.F.) ;
#3503=ORIENTED_EDGE('',*,*,#2878,.F.) ;
#3504=ORIENTED_EDGE('',*,*,#3349,.F.) ;
#3505=ORIENTED_EDGE('',*,*,#3494,.T.) ;
#3506=ORIENTED_EDGE('',*,*,#3499,.F.) ;
#3522=ORIENTED_EDGE('',*,*,#3515,.F.) ;
#3523=ORIENTED_EDGE('',*,*,#3464,.T.) ;
#3524=ORIENTED_EDGE('',*,*,#788,.F.) ;
#3525=ORIENTED_EDGE('',*,*,#3520,.F.) ;
#3541=ORIENTED_EDGE('',*,*,#3534,.F.) ;
#3542=ORIENTED_EDGE('',*,*,#3539,.F.) ;
#3543=ORIENTED_EDGE('',*,*,#3330,.F.) ;
#3544=ORIENTED_EDGE('',*,*,#3487,.T.) ;
#3561=ORIENTED_EDGE('',*,*,#3520,.T.) ;
#3562=ORIENTED_EDGE('',*,*,#819,.F.) ;
#3563=ORIENTED_EDGE('',*,*,#3553,.F.) ;
#3564=ORIENTED_EDGE('',*,*,#3559,.F.) ;
#3581=ORIENTED_EDGE('',*,*,#3573,.F.) ;
#3582=ORIENTED_EDGE('',*,*,#3061,.F.) ;
#3583=ORIENTED_EDGE('',*,*,#3539,.T.) ;
#3584=ORIENTED_EDGE('',*,*,#3579,.F.) ;
#3625=ORIENTED_EDGE('',*,*,#3598,.F.) ;
#3626=ORIENTED_EDGE('',*,*,#3415,.F.) ;
#3627=ORIENTED_EDGE('',*,*,#3398,.F.) ;
#3628=ORIENTED_EDGE('',*,*,#3457,.T.) ;
#3629=ORIENTED_EDGE('',*,*,#3605,.T.) ;
#3630=ORIENTED_EDGE('',*,*,#3618,.T.) ;
#3631=ORIENTED_EDGE('',*,*,#3623,.T.) ;
#3654=ORIENTED_EDGE('',*,*,#3647,.T.) ;
#3655=ORIENTED_EDGE('',*,*,#3652,.F.) ;
#3656=ORIENTED_EDGE('',*,*,#3424,.F.) ;
#3657=ORIENTED_EDGE('',*,*,#3598,.T.) ;
#3695=ORIENTED_EDGE('',*,*,#3668,.F.) ;
#3696=ORIENTED_EDGE('',*,*,#3677,.F.) ;
#3697=ORIENTED_EDGE('',*,*,#3686,.F.) ;
#3698=ORIENTED_EDGE('',*,*,#3693,.F.) ;
#3699=ORIENTED_EDGE('',*,*,#3553,.T.) ;
#3700=ORIENTED_EDGE('',*,*,#1709,.F.) ;
#3701=ORIENTED_EDGE('',*,*,#636,.F.) ;
#3702=ORIENTED_EDGE('',*,*,#1704,.T.) ;
#3703=ORIENTED_EDGE('',*,*,#2198,.T.) ;
#3704=ORIENTED_EDGE('',*,*,#2605,.F.) ;
#3705=ORIENTED_EDGE('',*,*,#2581,.F.) ;
#3706=ORIENTED_EDGE('',*,*,#2514,.F.) ;
#3707=ORIENTED_EDGE('',*,*,#2449,.F.) ;
#3708=ORIENTED_EDGE('',*,*,#2789,.T.) ;
#3709=ORIENTED_EDGE('',*,*,#3243,.F.) ;
#3710=ORIENTED_EDGE('',*,*,#3219,.F.) ;
#3711=ORIENTED_EDGE('',*,*,#3152,.F.) ;
#3712=ORIENTED_EDGE('',*,*,#3087,.F.) ;
#3713=ORIENTED_EDGE('',*,*,#3573,.T.) ;
#3751=ORIENTED_EDGE('',*,*,#3494,.F.) ;
#3752=ORIENTED_EDGE('',*,*,#3362,.T.) ;
#3753=ORIENTED_EDGE('',*,*,#3438,.T.) ;
#3754=ORIENTED_EDGE('',*,*,#3727,.T.) ;
#3755=ORIENTED_EDGE('',*,*,#3734,.T.) ;
#3756=ORIENTED_EDGE('',*,*,#3744,.T.) ;
#3757=ORIENTED_EDGE('',*,*,#3749,.T.) ;
#3773=ORIENTED_EDGE('',*,*,#3771,.T.) ;
#3774=ORIENTED_EDGE('',*,*,#3727,.F.) ;
#3775=ORIENTED_EDGE('',*,*,#3433,.F.) ;
#3776=ORIENTED_EDGE('',*,*,#3652,.T.) ;
#3831=ORIENTED_EDGE('',*,*,#3822,.T.) ;
#3832=ORIENTED_EDGE('',*,*,#3559,.T.) ;
#3833=ORIENTED_EDGE('',*,*,#3829,.F.) ;
#3834=ORIENTED_EDGE('',*,*,#3618,.F.) ;
#3848=ORIENTED_EDGE('',*,*,#3829,.T.) ;
#3849=ORIENTED_EDGE('',*,*,#3693,.T.) ;
#3850=ORIENTED_EDGE('',*,*,#3846,.F.) ;
#3851=ORIENTED_EDGE('',*,*,#3623,.F.) ;
#3899=ORIENTED_EDGE('',*,*,#3846,.T.) ;
#3900=ORIENTED_EDGE('',*,*,#3686,.T.) ;
#3901=ORIENTED_EDGE('',*,*,#3897,.F.) ;
#3902=ORIENTED_EDGE('',*,*,#3647,.F.) ;
#3950=ORIENTED_EDGE('',*,*,#3897,.T.) ;
#3951=ORIENTED_EDGE('',*,*,#3677,.T.) ;
#3952=ORIENTED_EDGE('',*,*,#3948,.F.) ;
#3953=ORIENTED_EDGE('',*,*,#3771,.F.) ;
#3967=ORIENTED_EDGE('',*,*,#3948,.T.) ;
#3968=ORIENTED_EDGE('',*,*,#3668,.T.) ;
#3969=ORIENTED_EDGE('',*,*,#3965,.F.) ;
#3970=ORIENTED_EDGE('',*,*,#3734,.F.) ;
#4018=ORIENTED_EDGE('',*,*,#3965,.T.) ;
#4019=ORIENTED_EDGE('',*,*,#3579,.T.) ;
#4020=ORIENTED_EDGE('',*,*,#4016,.F.) ;
#4021=ORIENTED_EDGE('',*,*,#3744,.F.) ;
#4030=ORIENTED_EDGE('',*,*,#3749,.F.) ;
#4031=ORIENTED_EDGE('',*,*,#4016,.T.) ;
#4032=ORIENTED_EDGE('',*,*,#3534,.T.) ;
#4033=ORIENTED_EDGE('',*,*,#3499,.T.) ;
#4042=ORIENTED_EDGE('',*,*,#3515,.T.) ;
#4043=ORIENTED_EDGE('',*,*,#3822,.F.) ;
#4044=ORIENTED_EDGE('',*,*,#3605,.F.) ;
#4045=ORIENTED_EDGE('',*,*,#3469,.T.) ;
#51=EDGE_LOOP('',(#52,#53)) ;
#132=EDGE_LOOP('',(#133,#134,#135,#136,#137,#138,#139,#140,#141,#142,#143)) ;
#172=EDGE_LOOP('',(#173,#174,#175,#176)) ;
#212=EDGE_LOOP('',(#213,#214,#215,#216,#217)) ;
#244=EDGE_LOOP('',(#245,#246,#247,#248)) ;
#256=EDGE_LOOP('',(#257,#258,#259,#260)) ;
#289=EDGE_LOOP('',(#290,#291,#292,#293)) ;
#322=EDGE_LOOP('',(#323,#324,#325,#326)) ;
#355=EDGE_LOOP('',(#356,#357,#358,#359)) ;
#367=EDGE_LOOP('',(#368,#369)) ;
#385=EDGE_LOOP('',(#386,#387)) ;
#414=EDGE_LOOP('',(#415,#416,#417,#418)) ;
#426=EDGE_LOOP('',(#427,#428,#429,#430)) ;
#457=EDGE_LOOP('',(#458,#459,#460,#461)) ;
#469=EDGE_LOOP('',(#470,#471,#472,#473)) ;
#481=EDGE_LOOP('',(#482,#483)) ;
#499=EDGE_LOOP('',(#500,#501)) ;
#528=EDGE_LOOP('',(#529,#530,#531,#532)) ;
#540=EDGE_LOOP('',(#541,#542,#543,#544)) ;
#566=EDGE_LOOP('',(#567,#568)) ;
#570=EDGE_LOOP('',(#571,#572)) ;
#599=EDGE_LOOP('',(#600,#601,#602,#603)) ;
#611=EDGE_LOOP('',(#612,#613,#614,#615)) ;
#642=EDGE_LOOP('',(#643,#644,#645,#646)) ;
#654=EDGE_LOOP('',(#655,#656,#657,#658)) ;
#692=EDGE_LOOP('',(#693,#694,#695,#696,#697)) ;
#749=EDGE_LOOP('',(#750,#751,#752,#753,#754,#755,#756,#757,#758)) ;
#794=EDGE_LOOP('',(#795,#796,#797,#798)) ;
#826=EDGE_LOOP('',(#827,#828,#829,#830)) ;
#887=EDGE_LOOP('',(#888,#889,#890,#891,#892,#893,#894)) ;
#916=EDGE_LOOP('',(#917,#918,#919,#920)) ;
#974=EDGE_LOOP('',(#975,#976,#977,#978,#979,#980,#981)) ;
#996=EDGE_LOOP('',(#997,#998,#999,#1000)) ;
#1069=EDGE_LOOP('',(#1070,#1071,#1072,#1073)) ;
#1093=EDGE_LOOP('',(#1094,#1095,#1096,#1097)) ;
#1160=EDGE_LOOP('',(#1161,#1162,#1163,#1164)) ;
#1227=EDGE_LOOP('',(#1228,#1229,#1230,#1231)) ;
#1249=EDGE_LOOP('',(#1250,#1251,#1252,#1253)) ;
#1300=EDGE_LOOP('',(#1301,#1302,#1303,#1304)) ;
#1317=EDGE_LOOP('',(#1318,#1319,#1320,#1321)) ;
#1341=EDGE_LOOP('',(#1342,#1343,#1344,#1345)) ;
#1368=EDGE_LOOP('',(#1369,#1370,#1371,#1372,#1373)) ;
#1396=EDGE_LOOP('',(#1397,#1398,#1399,#1400,#1401,#1402)) ;
#1435=EDGE_LOOP('',(#1436,#1437,#1438,#1439,#1440,#1441,#1442,#1443,#1444)) ;
#1476=EDGE_LOOP('',(#1477,#1478,#1479,#1480)) ;
#1503=EDGE_LOOP('',(#1504,#1505,#1506,#1507)) ;
#1529=EDGE_LOOP('',(#1530,#1531,#1532,#1533)) ;
#1548=EDGE_LOOP('',(#1549,#1550,#1551,#1552)) ;
#1572=EDGE_LOOP('',(#1573,#1574,#1575,#1576,#1577,#1578)) ;
#1625=EDGE_LOOP('',(#1626,#1627,#1628,#1629,#1630,#1631,#1632)) ;
#1654=EDGE_LOOP('',(#1655,#1656,#1657,#1658)) ;
#1710=EDGE_LOOP('',(#1711,#1712,#1713,#1714,#1715,#1716,#1717,#1718,#1719,#1720,#1721,#1722,#1723,#1724)) ;
#1761=EDGE_LOOP('',(#1762,#1763,#1764,#1765,#1766,#1767,#1768)) ;
#1783=EDGE_LOOP('',(#1784,#1785,#1786,#1787)) ;
#1841=EDGE_LOOP('',(#1842,#1843,#1844,#1845)) ;
#1858=EDGE_LOOP('',(#1859,#1860,#1861,#1862)) ;
#1909=EDGE_LOOP('',(#1910,#1911,#1912,#1913)) ;
#1960=EDGE_LOOP('',(#1961,#1962,#1963,#1964)) ;
#1977=EDGE_LOOP('',(#1978,#1979,#1980,#1981)) ;
#2028=EDGE_LOOP('',(#2029,#2030,#2031,#2032)) ;
#2040=EDGE_LOOP('',(#2041,#2042,#2043,#2044)) ;
#2057=EDGE_LOOP('',(#2058,#2059,#2060,#2061)) ;
#2084=EDGE_LOOP('',(#2085,#2086,#2087,#2088)) ;
#2128=EDGE_LOOP('',(#2129,#2130,#2131,#2132,#2133,#2134,#2135,#2136,#2137,#2138,#2139)) ;
#2161=EDGE_LOOP('',(#2162,#2163,#2164,#2165,#2166,#2167,#2168,#2169,#2170)) ;
#2185=EDGE_LOOP('',(#2186,#2187,#2188,#2189)) ;
#2205=EDGE_LOOP('',(#2206,#2207,#2208,#2209)) ;
#2266=EDGE_LOOP('',(#2267,#2268,#2269,#2270,#2271,#2272,#2273)) ;
#2295=EDGE_LOOP('',(#2296,#2297,#2298,#2299)) ;
#2336=EDGE_LOOP('',(#2337,#2338,#2339,#2340,#2341,#2342,#2343)) ;
#2358=EDGE_LOOP('',(#2359,#2360,#2361,#2362)) ;
#2431=EDGE_LOOP('',(#2432,#2433,#2434,#2435)) ;
#2455=EDGE_LOOP('',(#2456,#2457,#2458,#2459)) ;
#2522=EDGE_LOOP('',(#2523,#2524,#2525,#2526)) ;
#2589=EDGE_LOOP('',(#2590,#2591,#2592,#2593)) ;
#2611=EDGE_LOOP('',(#2612,#2613,#2614,#2615)) ;
#2662=EDGE_LOOP('',(#2663,#2664,#2665,#2666)) ;
#2674=EDGE_LOOP('',(#2675,#2676,#2677,#2678)) ;
#2698=EDGE_LOOP('',(#2699,#2700,#2701,#2702)) ;
#2725=EDGE_LOOP('',(#2726,#2727,#2728,#2729,#2730,#2731)) ;
#2771=EDGE_LOOP('',(#2772,#2773,#2774,#2775,#2776,#2777,#2778,#2779,#2780)) ;
#2803=EDGE_LOOP('',(#2804,#2805,#2806,#2807)) ;
#2822=EDGE_LOOP('',(#2823,#2824,#2825,#2826)) ;
#2841=EDGE_LOOP('',(#2842,#2843,#2844,#2845,#2846,#2847)) ;
#2904=EDGE_LOOP('',(#2905,#2906,#2907,#2908,#2909,#2910,#2911)) ;
#2933=EDGE_LOOP('',(#2934,#2935,#2936,#2937)) ;
#2974=EDGE_LOOP('',(#2975,#2976,#2977,#2978,#2979,#2980,#2981)) ;
#2996=EDGE_LOOP('',(#2997,#2998,#2999,#3000)) ;
#3069=EDGE_LOOP('',(#3070,#3071,#3072,#3073)) ;
#3093=EDGE_LOOP('',(#3094,#3095,#3096,#3097)) ;
#3160=EDGE_LOOP('',(#3161,#3162,#3163,#3164)) ;
#3227=EDGE_LOOP('',(#3228,#3229,#3230,#3231)) ;
#3249=EDGE_LOOP('',(#3250,#3251,#3252,#3253)) ;
#3300=EDGE_LOOP('',(#3301,#3302,#3303,#3304)) ;
#3312=EDGE_LOOP('',(#3313,#3314,#3315,#3316)) ;
#3336=EDGE_LOOP('',(#3337,#3338,#3339,#3340)) ;
#3363=EDGE_LOOP('',(#3364,#3365,#3366,#3367,#3368,#3369)) ;
#3399=EDGE_LOOP('',(#3400,#3401,#3402,#3403,#3404,#3405,#3406)) ;
#3439=EDGE_LOOP('',(#3440,#3441,#3442,#3443,#3444,#3445,#3446,#3447,#3448)) ;
#3470=EDGE_LOOP('',(#3471,#3472,#3473,#3474,#3475,#3476,#3477,#3478)) ;
#3500=EDGE_LOOP('',(#3501,#3502,#3503,#3504,#3505,#3506)) ;
#3521=EDGE_LOOP('',(#3522,#3523,#3524,#3525)) ;
#3540=EDGE_LOOP('',(#3541,#3542,#3543,#3544)) ;
#3560=EDGE_LOOP('',(#3561,#3562,#3563,#3564)) ;
#3580=EDGE_LOOP('',(#3581,#3582,#3583,#3584)) ;
#3624=EDGE_LOOP('',(#3625,#3626,#3627,#3628,#3629,#3630,#3631)) ;
#3653=EDGE_LOOP('',(#3654,#3655,#3656,#3657)) ;
#3694=EDGE_LOOP('',(#3695,#3696,#3697,#3698,#3699,#3700,#3701,#3702,#3703,#3704,#3705,#3706,#3707,#3708,#3709,#3710,#3711,#3712,#3713)) ;
#3750=EDGE_LOOP('',(#3751,#3752,#3753,#3754,#3755,#3756,#3757)) ;
#3772=EDGE_LOOP('',(#3773,#3774,#3775,#3776)) ;
#3830=EDGE_LOOP('',(#3831,#3832,#3833,#3834)) ;
#3847=EDGE_LOOP('',(#3848,#3849,#3850,#3851)) ;
#3898=EDGE_LOOP('',(#3899,#3900,#3901,#3902)) ;
#3949=EDGE_LOOP('',(#3950,#3951,#3952,#3953)) ;
#3966=EDGE_LOOP('',(#3967,#3968,#3969,#3970)) ;
#4017=EDGE_LOOP('',(#4018,#4019,#4020,#4021)) ;
#4029=EDGE_LOOP('',(#4030,#4031,#4032,#4033)) ;
#4041=EDGE_LOOP('',(#4042,#4043,#4044,#4045)) ;
#21=MANIFOLD_SOLID_BREP('25 Dia Cup',#31) ;
#42=VERTEX_POINT('',#41) ;
#44=VERTEX_POINT('',#43) ;
#60=VERTEX_POINT('',#59) ;
#62=VERTEX_POINT('',#61) ;
#69=VERTEX_POINT('',#68) ;
#76=VERTEX_POINT('',#75) ;
#83=VERTEX_POINT('',#82) ;
#90=VERTEX_POINT('',#89) ;
#97=VERTEX_POINT('',#96) ;
#104=VERTEX_POINT('',#103) ;
#111=VERTEX_POINT('',#110) ;
#118=VERTEX_POINT('',#117) ;
#125=VERTEX_POINT('',#124) ;
#156=VERTEX_POINT('',#155) ;
#163=VERTEX_POINT('',#162) ;
#189=VERTEX_POINT('',#188) ;
#196=VERTEX_POINT('',#195) ;
#204=VERTEX_POINT('',#203) ;
#230=VERTEX_POINT('',#229) ;
#237=VERTEX_POINT('',#236) ;
#273=VERTEX_POINT('',#272) ;
#280=VERTEX_POINT('',#279) ;
#306=VERTEX_POINT('',#305) ;
#313=VERTEX_POINT('',#312) ;
#339=VERTEX_POINT('',#338) ;
#346=VERTEX_POINT('',#345) ;
#376=VERTEX_POINT('',#375) ;
#378=VERTEX_POINT('',#377) ;
#400=VERTEX_POINT('',#399) ;
#407=VERTEX_POINT('',#406) ;
#443=VERTEX_POINT('',#442) ;
#450=VERTEX_POINT('',#449) ;
#490=VERTEX_POINT('',#489) ;
#492=VERTEX_POINT('',#491) ;
#514=VERTEX_POINT('',#513) ;
#521=VERTEX_POINT('',#520) ;
#557=VERTEX_POINT('',#556) ;
#559=VERTEX_POINT('',#558) ;
#585=VERTEX_POINT('',#584) ;
#592=VERTEX_POINT('',#591) ;
#628=VERTEX_POINT('',#627) ;
#635=VERTEX_POINT('',#634) ;
#671=VERTEX_POINT('',#670) ;
#678=VERTEX_POINT('',#677) ;
#685=VERTEX_POINT('',#684) ;
#710=VERTEX_POINT('',#709) ;
#717=VERTEX_POINT('',#716) ;
#724=VERTEX_POINT('',#723) ;
#733=VERTEX_POINT('',#732) ;
#742=VERTEX_POINT('',#741) ;
#771=VERTEX_POINT('',#770) ;
#773=VERTEX_POINT('',#772) ;
#780=VERTEX_POINT('',#779) ;
#787=VERTEX_POINT('',#786) ;
#811=VERTEX_POINT('',#810) ;
#813=VERTEX_POINT('',#812) ;
#843=VERTEX_POINT('',#842) ;
#853=VERTEX_POINT('',#852) ;
#860=VERTEX_POINT('',#859) ;
#867=VERTEX_POINT('',#866) ;
#880=VERTEX_POINT('',#879) ;
#909=VERTEX_POINT('',#908) ;
#933=VERTEX_POINT('',#932) ;
#935=VERTEX_POINT('',#934) ;
#950=VERTEX_POINT('',#949) ;
#957=VERTEX_POINT('',#956) ;
#967=VERTEX_POINT('',#966) ;
#1047=VERTEX_POINT('',#1046) ;
#1060=VERTEX_POINT('',#1059) ;
#1086=VERTEX_POINT('',#1085) ;
#1151=VERTEX_POINT('',#1150) ;
#1218=VERTEX_POINT('',#1217) ;
#1334=VERTEX_POINT('',#1333) ;
#1353=VERTEX_POINT('',#1352) ;
#1360=VERTEX_POINT('',#1359) ;
#1381=VERTEX_POINT('',#1380) ;
#1388=VERTEX_POINT('',#1387) ;
#1410=VERTEX_POINT('',#1409) ;
#1419=VERTEX_POINT('',#1418) ;
#1428=VERTEX_POINT('',#1427) ;
#1452=VERTEX_POINT('',#1451) ;
#1454=VERTEX_POINT('',#1453) ;
#1461=VERTEX_POINT('',#1460) ;
#1468=VERTEX_POINT('',#1467) ;
#1488=VERTEX_POINT('',#1487) ;
#1495=VERTEX_POINT('',#1494) ;
#1515=VERTEX_POINT('',#1514) ;
#1522=VERTEX_POINT('',#1521) ;
#1541=VERTEX_POINT('',#1540) ;
#1565=VERTEX_POINT('',#1564) ;
#1591=VERTEX_POINT('',#1590) ;
#1598=VERTEX_POINT('',#1597) ;
#1605=VERTEX_POINT('',#1604) ;
#1618=VERTEX_POINT('',#1617) ;
#1647=VERTEX_POINT('',#1646) ;
#1673=VERTEX_POINT('',#1672) ;
#1682=VERTEX_POINT('',#1681) ;
#1691=VERTEX_POINT('',#1690) ;
#1737=VERTEX_POINT('',#1736) ;
#1744=VERTEX_POINT('',#1743) ;
#1754=VERTEX_POINT('',#1753) ;
#2069=VERTEX_POINT('',#2068) ;
#2076=VERTEX_POINT('',#2075) ;
#2096=VERTEX_POINT('',#2095) ;
#2103=VERTEX_POINT('',#2102) ;
#2112=VERTEX_POINT('',#2111) ;
#2121=VERTEX_POINT('',#2120) ;
#2147=VERTEX_POINT('',#2146) ;
#2154=VERTEX_POINT('',#2153) ;
#2178=VERTEX_POINT('',#2177) ;
#2197=VERTEX_POINT('',#2196) ;
#2222=VERTEX_POINT('',#2221) ;
#2232=VERTEX_POINT('',#2231) ;
#2239=VERTEX_POINT('',#2238) ;
#2246=VERTEX_POINT('',#2245) ;
#2259=VERTEX_POINT('',#2258) ;
#2288=VERTEX_POINT('',#2287) ;
#2312=VERTEX_POINT('',#2311) ;
#2319=VERTEX_POINT('',#2318) ;
#2329=VERTEX_POINT('',#2328) ;
#2409=VERTEX_POINT('',#2408) ;
#2422=VERTEX_POINT('',#2421) ;
#2448=VERTEX_POINT('',#2447) ;
#2513=VERTEX_POINT('',#2512) ;
#2580=VERTEX_POINT('',#2579) ;
#2691=VERTEX_POINT('',#2690) ;
#2710=VERTEX_POINT('',#2709) ;
#2717=VERTEX_POINT('',#2716) ;
#2739=VERTEX_POINT('',#2738) ;
#2746=VERTEX_POINT('',#2745) ;
#2755=VERTEX_POINT('',#2754) ;
#2764=VERTEX_POINT('',#2763) ;
#2788=VERTEX_POINT('',#2787) ;
#2795=VERTEX_POINT('',#2794) ;
#2815=VERTEX_POINT('',#2814) ;
#2834=VERTEX_POINT('',#2833) ;
#2860=VERTEX_POINT('',#2859) ;
#2870=VERTEX_POINT('',#2869) ;
#2877=VERTEX_POINT('',#2876) ;
#2884=VERTEX_POINT('',#2883) ;
#2897=VERTEX_POINT('',#2896) ;
#2926=VERTEX_POINT('',#2925) ;
#2950=VERTEX_POINT('',#2949) ;
#2957=VERTEX_POINT('',#2956) ;
#2967=VERTEX_POINT('',#2966) ;
#3047=VERTEX_POINT('',#3046) ;
#3060=VERTEX_POINT('',#3059) ;
#3086=VERTEX_POINT('',#3085) ;
#3151=VERTEX_POINT('',#3150) ;
#3218=VERTEX_POINT('',#3217) ;
#3329=VERTEX_POINT('',#3328) ;
#3348=VERTEX_POINT('',#3347) ;
#3355=VERTEX_POINT('',#3354) ;
#3377=VERTEX_POINT('',#3376) ;
#3384=VERTEX_POINT('',#3383) ;
#3391=VERTEX_POINT('',#3390) ;
#3414=VERTEX_POINT('',#3413) ;
#3423=VERTEX_POINT('',#3422) ;
#3432=VERTEX_POINT('',#3431) ;
#3456=VERTEX_POINT('',#3455) ;
#3463=VERTEX_POINT('',#3462) ;
#3486=VERTEX_POINT('',#3485) ;
#3493=VERTEX_POINT('',#3492) ;
#3514=VERTEX_POINT('',#3513) ;
#3533=VERTEX_POINT('',#3532) ;
#3552=VERTEX_POINT('',#3551) ;
#3572=VERTEX_POINT('',#3571) ;
#3597=VERTEX_POINT('',#3596) ;
#3604=VERTEX_POINT('',#3603) ;
#3617=VERTEX_POINT('',#3616) ;
#3646=VERTEX_POINT('',#3645) ;
#3667=VERTEX_POINT('',#3666) ;
#3676=VERTEX_POINT('',#3675) ;
#3685=VERTEX_POINT('',#3684) ;
#3726=VERTEX_POINT('',#3725) ;
#3733=VERTEX_POINT('',#3732) ;
#3743=VERTEX_POINT('',#3742) ;
#4048=ADVANCED_BREP_SHAPE_REPRESENTATION('NONE',(#21),#16) ;
#145=ADVANCED_FACE('25 Dia Cup',(#54,#144),#36,.T.) ;
#178=ADVANCED_FACE('25 Dia Cup',(#177),#150,.T.) ;
#219=ADVANCED_FACE('25 Dia Cup',(#218),#183,.T.) ;
#250=ADVANCED_FACE('25 Dia Cup',(#249),#224,.T.) ;
#262=ADVANCED_FACE('25 Dia Cup',(#261),#224,.T.) ;
#295=ADVANCED_FACE('25 Dia Cup',(#294),#267,.T.) ;
#328=ADVANCED_FACE('25 Dia Cup',(#327),#300,.T.) ;
#361=ADVANCED_FACE('25 Dia Cup',(#360),#333,.T.) ;
#389=ADVANCED_FACE('25 Dia Cup',(#370,#388),#366,.F.) ;
#420=ADVANCED_FACE('25 Dia Cup',(#419),#394,.T.) ;
#432=ADVANCED_FACE('25 Dia Cup',(#431),#394,.T.) ;
#463=ADVANCED_FACE('25 Dia Cup',(#462),#437,.T.) ;
#475=ADVANCED_FACE('25 Dia Cup',(#474),#437,.T.) ;
#503=ADVANCED_FACE('25 Dia Cup',(#484,#502),#480,.F.) ;
#534=ADVANCED_FACE('25 Dia Cup',(#533),#508,.F.) ;
#546=ADVANCED_FACE('25 Dia Cup',(#545),#508,.F.) ;
#574=ADVANCED_FACE('25 Dia Cup',(#569,#573),#551,.T.) ;
#605=ADVANCED_FACE('25 Dia Cup',(#604),#579,.F.) ;
#617=ADVANCED_FACE('25 Dia Cup',(#616),#579,.F.) ;
#648=ADVANCED_FACE('25 Dia Cup',(#647),#622,.T.) ;
#660=ADVANCED_FACE('25 Dia Cup',(#659),#622,.T.) ;
#699=ADVANCED_FACE('25 Dia Cup',(#698),#665,.T.) ;
#760=ADVANCED_FACE('25 Dia Cup',(#759),#704,.T.) ;
#800=ADVANCED_FACE('25 Dia Cup',(#799),#765,.F.) ;
#832=ADVANCED_FACE('25 Dia Cup',(#831),#805,.T.) ;
#896=ADVANCED_FACE('25 Dia Cup',(#895),#837,.T.) ;
#922=ADVANCED_FACE('25 Dia Cup',(#921),#901,.F.) ;
#983=ADVANCED_FACE('25 Dia Cup',(#982),#927,.T.) ;
#1002=ADVANCED_FACE('25 Dia Cup',(#1001),#988,.F.) ;
#1075=ADVANCED_FACE('25 Dia Cup',(#1074),#1003,.F.) ;
#1099=ADVANCED_FACE('25 Dia Cup',(#1098),#1080,.T.) ;
#1166=ADVANCED_FACE('25 Dia Cup',(#1165),#1100,.F.) ;
#1233=ADVANCED_FACE('25 Dia Cup',(#1232),#1167,.F.) ;
#1255=ADVANCED_FACE('25 Dia Cup',(#1254),#1238,.T.) ;
#1306=ADVANCED_FACE('25 Dia Cup',(#1305),#1256,.F.) ;
#1323=ADVANCED_FACE('25 Dia Cup',(#1322),#1311,.T.) ;
#1347=ADVANCED_FACE('25 Dia Cup',(#1346),#1328,.T.) ;
#1375=ADVANCED_FACE('25 Dia Cup',(#1374),#665,.T.) ;
#1404=ADVANCED_FACE('25 Dia Cup',(#1403),#665,.T.) ;
#1446=ADVANCED_FACE('25 Dia Cup',(#1445),#704,.T.) ;
#1482=ADVANCED_FACE('25 Dia Cup',(#1481),#805,.T.) ;
#1509=ADVANCED_FACE('25 Dia Cup',(#1508),#805,.T.) ;
#1535=ADVANCED_FACE('25 Dia Cup',(#1534),#765,.F.) ;
#1554=ADVANCED_FACE('25 Dia Cup',(#1553),#765,.F.) ;
#1580=ADVANCED_FACE('25 Dia Cup',(#1579),#1559,.T.) ;
#1634=ADVANCED_FACE('25 Dia Cup',(#1633),#1585,.T.) ;
#1660=ADVANCED_FACE('25 Dia Cup',(#1659),#1639,.F.) ;
#1726=ADVANCED_FACE('25 Dia Cup',(#1725),#1665,.F.) ;
#1770=ADVANCED_FACE('25 Dia Cup',(#1769),#1731,.T.) ;
#1789=ADVANCED_FACE('25 Dia Cup',(#1788),#1775,.F.) ;
#1847=ADVANCED_FACE('25 Dia Cup',(#1846),#1790,.F.) ;
#1864=ADVANCED_FACE('25 Dia Cup',(#1863),#1852,.T.) ;
#1915=ADVANCED_FACE('25 Dia Cup',(#1914),#1865,.F.) ;
#1966=ADVANCED_FACE('25 Dia Cup',(#1965),#1916,.F.) ;
#1983=ADVANCED_FACE('25 Dia Cup',(#1982),#1971,.T.) ;
#2034=ADVANCED_FACE('25 Dia Cup',(#2033),#1984,.F.) ;
#2046=ADVANCED_FACE('25 Dia Cup',(#2045),#2039,.T.) ;
#2063=ADVANCED_FACE('25 Dia Cup',(#2062),#2051,.T.) ;
#2090=ADVANCED_FACE('25 Dia Cup',(#2089),#665,.T.) ;
#2141=ADVANCED_FACE('25 Dia Cup',(#2140),#704,.T.) ;
#2172=ADVANCED_FACE('25 Dia Cup',(#2171),#1559,.T.) ;
#2191=ADVANCED_FACE('25 Dia Cup',(#2190),#765,.F.) ;
#2211=ADVANCED_FACE('25 Dia Cup',(#2210),#805,.T.) ;
#2275=ADVANCED_FACE('25 Dia Cup',(#2274),#2216,.T.) ;
#2301=ADVANCED_FACE('25 Dia Cup',(#2300),#2280,.F.) ;
#2345=ADVANCED_FACE('25 Dia Cup',(#2344),#2306,.T.) ;
#2364=ADVANCED_FACE('25 Dia Cup',(#2363),#2350,.F.) ;
#2437=ADVANCED_FACE('25 Dia Cup',(#2436),#2365,.F.) ;
#2461=ADVANCED_FACE('25 Dia Cup',(#2460),#2442,.T.) ;
#2528=ADVANCED_FACE('25 Dia Cup',(#2527),#2462,.F.) ;
#2595=ADVANCED_FACE('25 Dia Cup',(#2594),#2529,.F.) ;
#2617=ADVANCED_FACE('25 Dia Cup',(#2616),#2600,.T.) ;
#2668=ADVANCED_FACE('25 Dia Cup',(#2667),#2618,.F.) ;
#2680=ADVANCED_FACE('25 Dia Cup',(#2679),#2673,.T.) ;
#2704=ADVANCED_FACE('25 Dia Cup',(#2703),#2685,.T.) ;
#2733=ADVANCED_FACE('25 Dia Cup',(#2732),#665,.T.) ;
#2782=ADVANCED_FACE('25 Dia Cup',(#2781),#704,.T.) ;
#2809=ADVANCED_FACE('25 Dia Cup',(#2808),#805,.T.) ;
#2828=ADVANCED_FACE('25 Dia Cup',(#2827),#765,.F.) ;
#2849=ADVANCED_FACE('25 Dia Cup',(#2848),#1559,.T.) ;
#2913=ADVANCED_FACE('25 Dia Cup',(#2912),#2854,.T.) ;
#2939=ADVANCED_FACE('25 Dia Cup',(#2938),#2918,.F.) ;
#2983=ADVANCED_FACE('25 Dia Cup',(#2982),#2944,.T.) ;
#3002=ADVANCED_FACE('25 Dia Cup',(#3001),#2988,.F.) ;
#3075=ADVANCED_FACE('25 Dia Cup',(#3074),#3003,.F.) ;
#3099=ADVANCED_FACE('25 Dia Cup',(#3098),#3080,.T.) ;
#3166=ADVANCED_FACE('25 Dia Cup',(#3165),#3100,.F.) ;
#3233=ADVANCED_FACE('25 Dia Cup',(#3232),#3167,.F.) ;
#3255=ADVANCED_FACE('25 Dia Cup',(#3254),#3238,.T.) ;
#3306=ADVANCED_FACE('25 Dia Cup',(#3305),#3256,.F.) ;
#3318=ADVANCED_FACE('25 Dia Cup',(#3317),#3311,.T.) ;
#3342=ADVANCED_FACE('25 Dia Cup',(#3341),#3323,.T.) ;
#3371=ADVANCED_FACE('25 Dia Cup',(#3370),#665,.T.) ;
#3408=ADVANCED_FACE('25 Dia Cup',(#3407),#665,.T.) ;
#3450=ADVANCED_FACE('25 Dia Cup',(#3449),#704,.T.) ;
#3480=ADVANCED_FACE('25 Dia Cup',(#3479),#1559,.T.) ;
#3508=ADVANCED_FACE('25 Dia Cup',(#3507),#1559,.T.) ;
#3527=ADVANCED_FACE('25 Dia Cup',(#3526),#765,.F.) ;
#3546=ADVANCED_FACE('25 Dia Cup',(#3545),#765,.F.) ;
#3566=ADVANCED_FACE('25 Dia Cup',(#3565),#805,.T.) ;
#3586=ADVANCED_FACE('25 Dia Cup',(#3585),#805,.T.) ;
#3633=ADVANCED_FACE('25 Dia Cup',(#3632),#3591,.T.) ;
#3659=ADVANCED_FACE('25 Dia Cup',(#3658),#3638,.F.) ;
#3715=ADVANCED_FACE('25 Dia Cup',(#3714),#1665,.F.) ;
#3759=ADVANCED_FACE('25 Dia Cup',(#3758),#3720,.T.) ;
#3778=ADVANCED_FACE('25 Dia Cup',(#3777),#3764,.F.) ;
#3836=ADVANCED_FACE('25 Dia Cup',(#3835),#3779,.F.) ;
#3853=ADVANCED_FACE('25 Dia Cup',(#3852),#3841,.T.) ;
#3904=ADVANCED_FACE('25 Dia Cup',(#3903),#3854,.F.) ;
#3955=ADVANCED_FACE('25 Dia Cup',(#3954),#3905,.F.) ;
#3972=ADVANCED_FACE('25 Dia Cup',(#3971),#3960,.T.) ;
#4023=ADVANCED_FACE('25 Dia Cup',(#4022),#3973,.F.) ;
#4035=ADVANCED_FACE('25 Dia Cup',(#4034),#4028,.T.) ;
#4047=ADVANCED_FACE('25 Dia Cup',(#4046),#4040,.T.) ;
#4=APPLICATION_PROTOCOL_DEFINITION('international standard','ap242_managed_model_based_3d_engineering',2014,#1) ;
#165=B_SPLINE_CURVE_WITH_KNOTS('',4,(#166,#167,#168,#169,#170),.UNSPECIFIED.,.F.,.U.,(5,5),(0.,7.63309006681),.UNSPECIFIED.) ;
#198=B_SPLINE_CURVE_WITH_KNOTS('',3,(#199,#200,#201,#202),.UNSPECIFIED.,.F.,.U.,(4,4),(0.,3.81654503235),.UNSPECIFIED.) ;
#206=B_SPLINE_CURVE_WITH_KNOTS('',3,(#207,#208,#209,#210),.UNSPECIFIED.,.F.,.U.,(4,4),(3.81654503235,7.6330900647),.UNSPECIFIED.) ;
#282=B_SPLINE_CURVE_WITH_KNOTS('',4,(#283,#284,#285,#286,#287),.UNSPECIFIED.,.F.,.U.,(5,5),(0.,7.63309006639),.UNSPECIFIED.) ;
#315=B_SPLINE_CURVE_WITH_KNOTS('',4,(#316,#317,#318,#319,#320),.UNSPECIFIED.,.F.,.U.,(5,5),(0.,7.63309006566),.UNSPECIFIED.) ;
#348=B_SPLINE_CURVE_WITH_KNOTS('',4,(#349,#350,#351,#352,#353),.UNSPECIFIED.,.F.,.U.,(5,5),(0.,7.6330900664),.UNSPECIFIED.) ;
#726=B_SPLINE_CURVE_WITH_KNOTS('',4,(#727,#728,#729,#730,#731),.UNSPECIFIED.,.F.,.U.,(5,5),(0.,1.11074972572),.UNSPECIFIED.) ;
#735=B_SPLINE_CURVE_WITH_KNOTS('',4,(#736,#737,#738,#739,#740),.UNSPECIFIED.,.F.,.U.,(5,5),(0.,1.11074972572),.UNSPECIFIED.) ;
#820=B_SPLINE_CURVE_WITH_KNOTS('',3,(#821,#822,#823,#824),.UNSPECIFIED.,.F.,.U.,(4,4),(3.33400370851,3.69566569177),.UNSPECIFIED.) ;
#845=B_SPLINE_CURVE_WITH_KNOTS('',5,(#846,#847,#848,#849,#850,#851),.UNSPECIFIED.,.F.,.U.,(6,6),(0.,2.45086674245),.UNSPECIFIED.) ;
#869=B_SPLINE_CURVE_WITH_KNOTS('',5,(#870,#871,#872,#873,#874,#875,#876,#877,#878),.UNSPECIFIED.,.F.,.U.,(6,3,6),(3.33405984583,3.48595848071,3.69567140127),.UNSPECIFIED.) ;
#902=B_SPLINE_CURVE_WITH_KNOTS('',4,(#903,#904,#905,#906,#907),.UNSPECIFIED.,.F.,.U.,(5,5),(2.63241166146,4.38873525772),.UNSPECIFIED.) ;
#937=B_SPLINE_CURVE_WITH_KNOTS('',5,(#938,#939,#940,#941,#942,#943),.UNSPECIFIED.,.F.,.U.,(6,6),(0.,2.45086674245),.UNSPECIFIED.) ;
#959=B_SPLINE_CURVE_WITH_KNOTS('',5,(#960,#961,#962,#963,#964,#965),.UNSPECIFIED.,.F.,.U.,(6,6),(3.33400370851,3.69564911502),.UNSPECIFIED.) ;
#989=B_SPLINE_CURVE_WITH_KNOTS('',4,(#990,#991,#992,#993,#994),.UNSPECIFIED.,.F.,.U.,(5,5),(2.59823131347,4.35458109164),.UNSPECIFIED.) ;
#1040=B_SPLINE_CURVE_WITH_KNOTS('',4,(#1041,#1042,#1043,#1044,#1045),.UNSPECIFIED.,.F.,.U.,(5,5),(0.,0.5),.UNSPECIFIED.) ;
#1049=B_SPLINE_CURVE_WITH_KNOTS('',5,(#1050,#1051,#1052,#1053,#1054,#1055,#1056,#1057,#1058),.UNSPECIFIED.,.F.,.U.,(6,3,6),(3.33404293252,3.48595848071,3.69567140127),.UNSPECIFIED.) ;
#1062=B_SPLINE_CURVE_WITH_KNOTS('',4,(#1063,#1064,#1065,#1066,#1067),.UNSPECIFIED.,.F.,.U.,(5,5),(0.,0.5),.UNSPECIFIED.) ;
#1137=B_SPLINE_CURVE_WITH_KNOTS('',5,(#1138,#1139,#1140,#1141,#1142,#1143,#1144,#1145,#1146,#1147,#1148,#1149),.UNSPECIFIED.,.F.,.U.,(6,3,3,6),(2.63241166146,3.11900037569,3.75452623304,4.38873525772),.UNSPECIFIED.) ;
#1153=B_SPLINE_CURVE_WITH_KNOTS('',4,(#1154,#1155,#1156,#1157,#1158),.UNSPECIFIED.,.F.,.U.,(5,5),(0.,0.5),.UNSPECIFIED.) ;
#1204=B_SPLINE_CURVE_WITH_KNOTS('',5,(#1205,#1206,#1207,#1208,#1209,#1210,#1211,#1212,#1213,#1214,#1215,#1216),.UNSPECIFIED.,.F.,.U.,(6,3,3,6),(2.59823131347,3.08508080783,3.72060684219,4.35458109164),.UNSPECIFIED.) ;
#1220=B_SPLINE_CURVE_WITH_KNOTS('',4,(#1221,#1222,#1223,#1224,#1225),.UNSPECIFIED.,.F.,.U.,(5,5),(0.,0.5),.UNSPECIFIED.) ;
#1293=B_SPLINE_CURVE_WITH_KNOTS('',4,(#1294,#1295,#1296,#1297,#1298),.UNSPECIFIED.,.F.,.U.,(5,5),(0.,0.5),.UNSPECIFIED.) ;
#1362=B_SPLINE_CURVE_WITH_KNOTS('',3,(#1363,#1364,#1365,#1366),.UNSPECIFIED.,.F.,.U.,(4,4),(0.,2.45086674245),.UNSPECIFIED.) ;
#1390=B_SPLINE_CURVE_WITH_KNOTS('',3,(#1391,#1392,#1393,#1394),.UNSPECIFIED.,.F.,.U.,(4,4),(0.,2.45086674245),.UNSPECIFIED.) ;
#1412=B_SPLINE_CURVE_WITH_KNOTS('',4,(#1413,#1414,#1415,#1416,#1417),.UNSPECIFIED.,.F.,.U.,(5,5),(0.,1.11074972571),.UNSPECIFIED.) ;
#1421=B_SPLINE_CURVE_WITH_KNOTS('',4,(#1422,#1423,#1424,#1425,#1426),.UNSPECIFIED.,.F.,.U.,(5,5),(0.,1.11074972571),.UNSPECIFIED.) ;
#1470=B_SPLINE_CURVE_WITH_KNOTS('',3,(#1471,#1472,#1473,#1474),.UNSPECIFIED.,.F.,.U.,(4,4),(3.33404293253,3.69567140128),.UNSPECIFIED.) ;
#1497=B_SPLINE_CURVE_WITH_KNOTS('',3,(#1498,#1499,#1500,#1501),.UNSPECIFIED.,.F.,.U.,(4,4),(3.33400370852,3.69566569177),.UNSPECIFIED.) ;
#1607=B_SPLINE_CURVE_WITH_KNOTS('',5,(#1608,#1609,#1610,#1611,#1612,#1613,#1614,#1615,#1616),.UNSPECIFIED.,.F.,.U.,(6,3,6),(3.33405984584,3.48595848072,3.69567140128),.UNSPECIFIED.) ;
#1640=B_SPLINE_CURVE_WITH_KNOTS('',4,(#1641,#1642,#1643,#1644,#1645),.UNSPECIFIED.,.F.,.U.,(5,5),(2.63241166146,4.38873525771),.UNSPECIFIED.) ;
#1666=B_SPLINE_CURVE_WITH_KNOTS('',4,(#1667,#1668,#1669,#1670,#1671),.UNSPECIFIED.,.F.,.U.,(5,5),(5.46932593138,14.9348735013),.UNSPECIFIED.) ;
#1675=B_SPLINE_CURVE_WITH_KNOTS('',4,(#1676,#1677,#1678,#1679,#1680),.UNSPECIFIED.,.F.,.U.,(5,5),(2.59823131346,4.35458109164),.UNSPECIFIED.) ;
#1684=B_SPLINE_CURVE_WITH_KNOTS('',4,(#1685,#1686,#1687,#1688,#1689),.UNSPECIFIED.,.F.,.U.,(5,5),(2.63241166146,4.38873525771),.UNSPECIFIED.) ;
#1693=B_SPLINE_CURVE_WITH_KNOTS('',4,(#1694,#1695,#1696,#1697,#1698),.UNSPECIFIED.,.F.,.U.,(5,5),(39.5653079354,49.0308404109),.UNSPECIFIED.) ;
#1746=B_SPLINE_CURVE_WITH_KNOTS('',5,(#1747,#1748,#1749,#1750,#1751,#1752),.UNSPECIFIED.,.F.,.U.,(6,6),(3.33400370852,3.69564911504),.UNSPECIFIED.) ;
#1776=B_SPLINE_CURVE_WITH_KNOTS('',4,(#1777,#1778,#1779,#1780,#1781),.UNSPECIFIED.,.F.,.U.,(5,5),(2.59823131346,4.35458109164),.UNSPECIFIED.) ;
#1827=B_SPLINE_CURVE_WITH_KNOTS('',4,(#1828,#1829,#1830,#1831,#1832),.UNSPECIFIED.,.F.,.U.,(5,5),(0.,0.5),.UNSPECIFIED.) ;
#1834=B_SPLINE_CURVE_WITH_KNOTS('',4,(#1835,#1836,#1837,#1838,#1839),.UNSPECIFIED.,.F.,.U.,(5,5),(0.,0.5),.UNSPECIFIED.) ;
#1902=B_SPLINE_CURVE_WITH_KNOTS('',4,(#1903,#1904,#1905,#1906,#1907),.UNSPECIFIED.,.F.,.U.,(5,5),(0.,0.5),.UNSPECIFIED.) ;
#1953=B_SPLINE_CURVE_WITH_KNOTS('',4,(#1954,#1955,#1956,#1957,#1958),.UNSPECIFIED.,.F.,.U.,(5,5),(0.,0.5),.UNSPECIFIED.) ;
#2021=B_SPLINE_CURVE_WITH_KNOTS('',4,(#2022,#2023,#2024,#2025,#2026),.UNSPECIFIED.,.F.,.U.,(5,5),(0.,0.5),.UNSPECIFIED.) ;
#2078=B_SPLINE_CURVE_WITH_KNOTS('',3,(#2079,#2080,#2081,#2082),.UNSPECIFIED.,.F.,.U.,(4,4),(0.,2.45086679744),.UNSPECIFIED.) ;
#2105=B_SPLINE_CURVE_WITH_KNOTS('',4,(#2106,#2107,#2108,#2109,#2110),.UNSPECIFIED.,.F.,.U.,(5,5),(0.,1.11074972568),.UNSPECIFIED.) ;
#2114=B_SPLINE_CURVE_WITH_KNOTS('',4,(#2115,#2116,#2117,#2118,#2119),.UNSPECIFIED.,.F.,.U.,(5,5),(0.,1.11074972573),.UNSPECIFIED.) ;
#2199=B_SPLINE_CURVE_WITH_KNOTS('',3,(#2200,#2201,#2202,#2203),.UNSPECIFIED.,.F.,.U.,(4,4),(3.33400370852,3.69566569177),.UNSPECIFIED.) ;
#2224=B_SPLINE_CURVE_WITH_KNOTS('',5,(#2225,#2226,#2227,#2228,#2229,#2230),.UNSPECIFIED.,.F.,.U.,(6,6),(0.,2.45086679744),.UNSPECIFIED.) ;
#2248=B_SPLINE_CURVE_WITH_KNOTS('',5,(#2249,#2250,#2251,#2252,#2253,#2254,#2255,#2256,#2257),.UNSPECIFIED.,.F.,.U.,(6,3,6),(3.33405984584,3.48595848073,3.69567140128),.UNSPECIFIED.) ;
#2281=B_SPLINE_CURVE_WITH_KNOTS('',4,(#2282,#2283,#2284,#2285,#2286),.UNSPECIFIED.,.F.,.U.,(5,5),(2.63241166145,4.3887352577),.UNSPECIFIED.) ;
#2321=B_SPLINE_CURVE_WITH_KNOTS('',5,(#2322,#2323,#2324,#2325,#2326,#2327),.UNSPECIFIED.,.F.,.U.,(6,6),(3.33400370852,3.69564911503),.UNSPECIFIED.) ;
#2351=B_SPLINE_CURVE_WITH_KNOTS('',4,(#2352,#2353,#2354,#2355,#2356),.UNSPECIFIED.,.F.,.U.,(5,5),(2.59823131347,4.35458109166),.UNSPECIFIED.) ;
#2402=B_SPLINE_CURVE_WITH_KNOTS('',4,(#2403,#2404,#2405,#2406,#2407),.UNSPECIFIED.,.F.,.U.,(5,5),(0.,0.5),.UNSPECIFIED.) ;
#2411=B_SPLINE_CURVE_WITH_KNOTS('',5,(#2412,#2413,#2414,#2415,#2416,#2417,#2418,#2419,#2420),.UNSPECIFIED.,.F.,.U.,(6,3,6),(3.33404293253,3.48595848073,3.69567140128),.UNSPECIFIED.) ;
#2424=B_SPLINE_CURVE_WITH_KNOTS('',4,(#2425,#2426,#2427,#2428,#2429),.UNSPECIFIED.,.F.,.U.,(5,5),(0.,0.5),.UNSPECIFIED.) ;
#2499=B_SPLINE_CURVE_WITH_KNOTS('',5,(#2500,#2501,#2502,#2503,#2504,#2505,#2506,#2507,#2508,#2509,#2510,#2511),.UNSPECIFIED.,.F.,.U.,(6,3,3,6),(2.63241166145,3.11900037567,3.75452623302,4.3887352577),.UNSPECIFIED.) ;
#2515=B_SPLINE_CURVE_WITH_KNOTS('',4,(#2516,#2517,#2518,#2519,#2520),.UNSPECIFIED.,.F.,.U.,(5,5),(0.,0.5),.UNSPECIFIED.) ;
#2566=B_SPLINE_CURVE_WITH_KNOTS('',5,(#2567,#2568,#2569,#2570,#2571,#2572,#2573,#2574,#2575,#2576,#2577,#2578),.UNSPECIFIED.,.F.,.U.,(6,3,3,6),(2.59823131347,3.08508080784,3.72060684221,4.35458109166),.UNSPECIFIED.) ;
#2582=B_SPLINE_CURVE_WITH_KNOTS('',4,(#2583,#2584,#2585,#2586,#2587),.UNSPECIFIED.,.F.,.U.,(5,5),(0.,0.5),.UNSPECIFIED.) ;
#2655=B_SPLINE_CURVE_WITH_KNOTS('',4,(#2656,#2657,#2658,#2659,#2660),.UNSPECIFIED.,.F.,.U.,(5,5),(0.,0.5),.UNSPECIFIED.) ;
#2719=B_SPLINE_CURVE_WITH_KNOTS('',3,(#2720,#2721,#2722,#2723),.UNSPECIFIED.,.F.,.U.,(4,4),(0.,2.45086679744),.UNSPECIFIED.) ;
#2748=B_SPLINE_CURVE_WITH_KNOTS('',4,(#2749,#2750,#2751,#2752,#2753),.UNSPECIFIED.,.F.,.U.,(5,5),(0.,1.11074972576),.UNSPECIFIED.) ;
#2757=B_SPLINE_CURVE_WITH_KNOTS('',4,(#2758,#2759,#2760,#2761,#2762),.UNSPECIFIED.,.F.,.U.,(5,5),(0.,1.11074972567),.UNSPECIFIED.) ;
#2797=B_SPLINE_CURVE_WITH_KNOTS('',3,(#2798,#2799,#2800,#2801),.UNSPECIFIED.,.F.,.U.,(4,4),(3.33400370851,3.69566569176),.UNSPECIFIED.) ;
#2862=B_SPLINE_CURVE_WITH_KNOTS('',5,(#2863,#2864,#2865,#2866,#2867,#2868),.UNSPECIFIED.,.F.,.U.,(6,6),(0.,2.45086679744),.UNSPECIFIED.) ;
#2886=B_SPLINE_CURVE_WITH_KNOTS('',5,(#2887,#2888,#2889,#2890,#2891,#2892,#2893,#2894,#2895),.UNSPECIFIED.,.F.,.U.,(6,3,6),(3.33405984583,3.48595848072,3.69567140127),.UNSPECIFIED.) ;
#2919=B_SPLINE_CURVE_WITH_KNOTS('',4,(#2920,#2921,#2922,#2923,#2924),.UNSPECIFIED.,.F.,.U.,(5,5),(2.63241166146,4.38873525771),.UNSPECIFIED.) ;
#2959=B_SPLINE_CURVE_WITH_KNOTS('',5,(#2960,#2961,#2962,#2963,#2964,#2965),.UNSPECIFIED.,.F.,.U.,(6,6),(3.33400370851,3.69564911503),.UNSPECIFIED.) ;
#2989=B_SPLINE_CURVE_WITH_KNOTS('',4,(#2990,#2991,#2992,#2993,#2994),.UNSPECIFIED.,.F.,.U.,(5,5),(2.59823131347,4.35458109164),.UNSPECIFIED.) ;
#3040=B_SPLINE_CURVE_WITH_KNOTS('',4,(#3041,#3042,#3043,#3044,#3045),.UNSPECIFIED.,.F.,.U.,(5,5),(0.,0.5),.UNSPECIFIED.) ;
#3049=B_SPLINE_CURVE_WITH_KNOTS('',5,(#3050,#3051,#3052,#3053,#3054,#3055,#3056,#3057,#3058),.UNSPECIFIED.,.F.,.U.,(6,3,6),(3.33404293252,3.48595848072,3.69567140127),.UNSPECIFIED.) ;
#3062=B_SPLINE_CURVE_WITH_KNOTS('',4,(#3063,#3064,#3065,#3066,#3067),.UNSPECIFIED.,.F.,.U.,(5,5),(0.,0.5),.UNSPECIFIED.) ;
#3137=B_SPLINE_CURVE_WITH_KNOTS('',5,(#3138,#3139,#3140,#3141,#3142,#3143,#3144,#3145,#3146,#3147,#3148,#3149),.UNSPECIFIED.,.F.,.U.,(6,3,3,6),(2.63241166146,3.11900037568,3.75452623303,4.38873525771),.UNSPECIFIED.) ;
#3153=B_SPLINE_CURVE_WITH_KNOTS('',4,(#3154,#3155,#3156,#3157,#3158),.UNSPECIFIED.,.F.,.U.,(5,5),(0.,0.5),.UNSPECIFIED.) ;
#3204=B_SPLINE_CURVE_WITH_KNOTS('',5,(#3205,#3206,#3207,#3208,#3209,#3210,#3211,#3212,#3213,#3214,#3215,#3216),.UNSPECIFIED.,.F.,.U.,(6,3,3,6),(2.59823131347,3.08508080783,3.72060684219,4.35458109164),.UNSPECIFIED.) ;
#3220=B_SPLINE_CURVE_WITH_KNOTS('',4,(#3221,#3222,#3223,#3224,#3225),.UNSPECIFIED.,.F.,.U.,(5,5),(0.,0.5),.UNSPECIFIED.) ;
#3293=B_SPLINE_CURVE_WITH_KNOTS('',4,(#3294,#3295,#3296,#3297,#3298),.UNSPECIFIED.,.F.,.U.,(5,5),(0.,0.5),.UNSPECIFIED.) ;
#3357=B_SPLINE_CURVE_WITH_KNOTS('',3,(#3358,#3359,#3360,#3361),.UNSPECIFIED.,.F.,.U.,(4,4),(0.,2.45086679744),.UNSPECIFIED.) ;
#3393=B_SPLINE_CURVE_WITH_KNOTS('',3,(#3394,#3395,#3396,#3397),.UNSPECIFIED.,.F.,.U.,(4,4),(0.,2.45086679744),.UNSPECIFIED.) ;
#3416=B_SPLINE_CURVE_WITH_KNOTS('',4,(#3417,#3418,#3419,#3420,#3421),.UNSPECIFIED.,.F.,.U.,(5,5),(0.,1.11074972571),.UNSPECIFIED.) ;
#3425=B_SPLINE_CURVE_WITH_KNOTS('',4,(#3426,#3427,#3428,#3429,#3430),.UNSPECIFIED.,.F.,.U.,(5,5),(0.,1.11074972574),.UNSPECIFIED.) ;
#3554=B_SPLINE_CURVE_WITH_KNOTS('',3,(#3555,#3556,#3557,#3558),.UNSPECIFIED.,.F.,.U.,(4,4),(3.33404293251,3.69567140126),.UNSPECIFIED.) ;
#3574=B_SPLINE_CURVE_WITH_KNOTS('',3,(#3575,#3576,#3577,#3578),.UNSPECIFIED.,.F.,.U.,(4,4),(3.33400370851,3.69566569177),.UNSPECIFIED.) ;
#3606=B_SPLINE_CURVE_WITH_KNOTS('',5,(#3607,#3608,#3609,#3610,#3611,#3612,#3613,#3614,#3615),.UNSPECIFIED.,.F.,.U.,(6,3,6),(3.33405984583,3.48595848071,3.69567140126),.UNSPECIFIED.) ;
#3639=B_SPLINE_CURVE_WITH_KNOTS('',4,(#3640,#3641,#3642,#3643,#3644),.UNSPECIFIED.,.F.,.U.,(5,5),(2.63241166146,4.3887352577),.UNSPECIFIED.) ;
#3660=B_SPLINE_CURVE_WITH_KNOTS('',4,(#3661,#3662,#3663,#3664,#3665),.UNSPECIFIED.,.F.,.U.,(5,5),(5.46932593134,14.9348735013),.UNSPECIFIED.) ;
#3669=B_SPLINE_CURVE_WITH_KNOTS('',4,(#3670,#3671,#3672,#3673,#3674),.UNSPECIFIED.,.F.,.U.,(5,5),(2.59823131345,4.35458109164),.UNSPECIFIED.) ;
#3678=B_SPLINE_CURVE_WITH_KNOTS('',4,(#3679,#3680,#3681,#3682,#3683),.UNSPECIFIED.,.F.,.U.,(5,5),(2.63241166146,4.3887352577),.UNSPECIFIED.) ;
#3687=B_SPLINE_CURVE_WITH_KNOTS('',4,(#3688,#3689,#3690,#3691,#3692),.UNSPECIFIED.,.F.,.U.,(5,5),(23.6264708389,33.0920033144),.UNSPECIFIED.) ;
#3735=B_SPLINE_CURVE_WITH_KNOTS('',5,(#3736,#3737,#3738,#3739,#3740,#3741),.UNSPECIFIED.,.F.,.U.,(6,6),(3.33400370851,3.69564911503),.UNSPECIFIED.) ;
#3765=B_SPLINE_CURVE_WITH_KNOTS('',4,(#3766,#3767,#3768,#3769,#3770),.UNSPECIFIED.,.F.,.U.,(5,5),(2.59823131345,4.35458109164),.UNSPECIFIED.) ;
#3816=B_SPLINE_CURVE_WITH_KNOTS('',4,(#3817,#3818,#3819,#3820,#3821),.UNSPECIFIED.,.F.,.U.,(5,5),(0.,0.5),.UNSPECIFIED.) ;
#3823=B_SPLINE_CURVE_WITH_KNOTS('',4,(#3824,#3825,#3826,#3827,#3828),.UNSPECIFIED.,.F.,.U.,(5,5),(0.,0.5),.UNSPECIFIED.) ;
#3891=B_SPLINE_CURVE_WITH_KNOTS('',4,(#3892,#3893,#3894,#3895,#3896),.UNSPECIFIED.,.F.,.U.,(5,5),(0.,0.5),.UNSPECIFIED.) ;
#3942=B_SPLINE_CURVE_WITH_KNOTS('',4,(#3943,#3944,#3945,#3946,#3947),.UNSPECIFIED.,.F.,.U.,(5,5),(0.,0.5),.UNSPECIFIED.) ;
#4010=B_SPLINE_CURVE_WITH_KNOTS('',4,(#4011,#4012,#4013,#4014,#4015),.UNSPECIFIED.,.F.,.U.,(5,5),(0.,0.5),.UNSPECIFIED.) ;
#1003=B_SPLINE_SURFACE_WITH_KNOTS('',5,5,((#1004,#1005,#1006,#1007,#1008,#1009),(#1010,#1011,#1012,#1013,#1014,#1015),(#1016,#1017,#1018,#1019,#1020,#1021),(#1022,#1023,#1024,#1025,#1026,#1027),(#1028,#1029,#1030,#1031,#1032,#1033),(#1034,#1035,#1036,#1037,#1038,#1039)),.UNSPECIFIED.,.F.,.F.,.U.,(6,6),(6,6),(3.33404293252,3.69567140127),(0.,0.5),.UNSPECIFIED.) ;
#1100=B_SPLINE_SURFACE_WITH_KNOTS('',5,5,((#1101,#1102,#1103,#1104,#1105,#1106),(#1107,#1108,#1109,#1110,#1111,#1112),(#1113,#1114,#1115,#1116,#1117,#1118),(#1119,#1120,#1121,#1122,#1123,#1124),(#1125,#1126,#1127,#1128,#1129,#1130),(#1131,#1132,#1133,#1134,#1135,#1136)),.UNSPECIFIED.,.F.,.F.,.U.,(6,6),(6,6),(2.63241166146,4.38873525772),(0.,0.5),.UNSPECIFIED.) ;
#1167=B_SPLINE_SURFACE_WITH_KNOTS('',5,5,((#1168,#1169,#1170,#1171,#1172,#1173),(#1174,#1175,#1176,#1177,#1178,#1179),(#1180,#1181,#1182,#1183,#1184,#1185),(#1186,#1187,#1188,#1189,#1190,#1191),(#1192,#1193,#1194,#1195,#1196,#1197),(#1198,#1199,#1200,#1201,#1202,#1203)),.UNSPECIFIED.,.F.,.F.,.U.,(6,6),(6,6),(2.59823131347,4.35458109164),(0.,0.5),.UNSPECIFIED.) ;
#1256=B_SPLINE_SURFACE_WITH_KNOTS('',5,5,((#1257,#1258,#1259,#1260,#1261,#1262),(#1263,#1264,#1265,#1266,#1267,#1268),(#1269,#1270,#1271,#1272,#1273,#1274),(#1275,#1276,#1277,#1278,#1279,#1280),(#1281,#1282,#1283,#1284,#1285,#1286),(#1287,#1288,#1289,#1290,#1291,#1292)),.UNSPECIFIED.,.F.,.F.,.U.,(6,6),(6,6),(3.33400370851,3.69566569177),(0.,0.5),.UNSPECIFIED.) ;
#1790=B_SPLINE_SURFACE_WITH_KNOTS('',5,5,((#1791,#1792,#1793,#1794,#1795,#1796),(#1797,#1798,#1799,#1800,#1801,#1802),(#1803,#1804,#1805,#1806,#1807,#1808),(#1809,#1810,#1811,#1812,#1813,#1814),(#1815,#1816,#1817,#1818,#1819,#1820),(#1821,#1822,#1823,#1824,#1825,#1826)),.UNSPECIFIED.,.F.,.F.,.U.,(6,6),(6,6),(3.33404293253,3.69567140128),(0.,0.5),.UNSPECIFIED.) ;
#1865=B_SPLINE_SURFACE_WITH_KNOTS('',5,5,((#1866,#1867,#1868,#1869,#1870,#1871),(#1872,#1873,#1874,#1875,#1876,#1877),(#1878,#1879,#1880,#1881,#1882,#1883),(#1884,#1885,#1886,#1887,#1888,#1889),(#1890,#1891,#1892,#1893,#1894,#1895),(#1896,#1897,#1898,#1899,#1900,#1901)),.UNSPECIFIED.,.F.,.F.,.U.,(6,6),(6,6),(2.63241166146,4.38873525771),(0.,0.5),.UNSPECIFIED.) ;
#1916=B_SPLINE_SURFACE_WITH_KNOTS('',5,5,((#1917,#1918,#1919,#1920,#1921,#1922),(#1923,#1924,#1925,#1926,#1927,#1928),(#1929,#1930,#1931,#1932,#1933,#1934),(#1935,#1936,#1937,#1938,#1939,#1940),(#1941,#1942,#1943,#1944,#1945,#1946),(#1947,#1948,#1949,#1950,#1951,#1952)),.UNSPECIFIED.,.F.,.F.,.U.,(6,6),(6,6),(2.59823131346,4.35458109164),(0.,0.5),.UNSPECIFIED.) ;
#1984=B_SPLINE_SURFACE_WITH_KNOTS('',5,5,((#1985,#1986,#1987,#1988,#1989,#1990),(#1991,#1992,#1993,#1994,#1995,#1996),(#1997,#1998,#1999,#2000,#2001,#2002),(#2003,#2004,#2005,#2006,#2007,#2008),(#2009,#2010,#2011,#2012,#2013,#2014),(#2015,#2016,#2017,#2018,#2019,#2020)),.UNSPECIFIED.,.F.,.F.,.U.,(6,6),(6,6),(3.33400370852,3.69566569177),(0.,0.5),.UNSPECIFIED.) ;
#2365=B_SPLINE_SURFACE_WITH_KNOTS('',5,5,((#2366,#2367,#2368,#2369,#2370,#2371),(#2372,#2373,#2374,#2375,#2376,#2377),(#2378,#2379,#2380,#2381,#2382,#2383),(#2384,#2385,#2386,#2387,#2388,#2389),(#2390,#2391,#2392,#2393,#2394,#2395),(#2396,#2397,#2398,#2399,#2400,#2401)),.UNSPECIFIED.,.F.,.F.,.U.,(6,6),(6,6),(3.33404293253,3.69567140128),(0.,0.5),.UNSPECIFIED.) ;
#2462=B_SPLINE_SURFACE_WITH_KNOTS('',5,5,((#2463,#2464,#2465,#2466,#2467,#2468),(#2469,#2470,#2471,#2472,#2473,#2474),(#2475,#2476,#2477,#2478,#2479,#2480),(#2481,#2482,#2483,#2484,#2485,#2486),(#2487,#2488,#2489,#2490,#2491,#2492),(#2493,#2494,#2495,#2496,#2497,#2498)),.UNSPECIFIED.,.F.,.F.,.U.,(6,6),(6,6),(2.63241166145,4.3887352577),(0.,0.5),.UNSPECIFIED.) ;
#2529=B_SPLINE_SURFACE_WITH_KNOTS('',5,5,((#2530,#2531,#2532,#2533,#2534,#2535),(#2536,#2537,#2538,#2539,#2540,#2541),(#2542,#2543,#2544,#2545,#2546,#2547),(#2548,#2549,#2550,#2551,#2552,#2553),(#2554,#2555,#2556,#2557,#2558,#2559),(#2560,#2561,#2562,#2563,#2564,#2565)),.UNSPECIFIED.,.F.,.F.,.U.,(6,6),(6,6),(2.59823131347,4.35458109166),(0.,0.5),.UNSPECIFIED.) ;
#2618=B_SPLINE_SURFACE_WITH_KNOTS('',5,5,((#2619,#2620,#2621,#2622,#2623,#2624),(#2625,#2626,#2627,#2628,#2629,#2630),(#2631,#2632,#2633,#2634,#2635,#2636),(#2637,#2638,#2639,#2640,#2641,#2642),(#2643,#2644,#2645,#2646,#2647,#2648),(#2649,#2650,#2651,#2652,#2653,#2654)),.UNSPECIFIED.,.F.,.F.,.U.,(6,6),(6,6),(3.33400370852,3.69566569177),(0.,0.5),.UNSPECIFIED.) ;
#3003=B_SPLINE_SURFACE_WITH_KNOTS('',5,5,((#3004,#3005,#3006,#3007,#3008,#3009),(#3010,#3011,#3012,#3013,#3014,#3015),(#3016,#3017,#3018,#3019,#3020,#3021),(#3022,#3023,#3024,#3025,#3026,#3027),(#3028,#3029,#3030,#3031,#3032,#3033),(#3034,#3035,#3036,#3037,#3038,#3039)),.UNSPECIFIED.,.F.,.F.,.U.,(6,6),(6,6),(3.33404293252,3.69567140127),(0.,0.5),.UNSPECIFIED.) ;
#3100=B_SPLINE_SURFACE_WITH_KNOTS('',5,5,((#3101,#3102,#3103,#3104,#3105,#3106),(#3107,#3108,#3109,#3110,#3111,#3112),(#3113,#3114,#3115,#3116,#3117,#3118),(#3119,#3120,#3121,#3122,#3123,#3124),(#3125,#3126,#3127,#3128,#3129,#3130),(#3131,#3132,#3133,#3134,#3135,#3136)),.UNSPECIFIED.,.F.,.F.,.U.,(6,6),(6,6),(2.63241166146,4.38873525771),(0.,0.5),.UNSPECIFIED.) ;
#3167=B_SPLINE_SURFACE_WITH_KNOTS('',5,5,((#3168,#3169,#3170,#3171,#3172,#3173),(#3174,#3175,#3176,#3177,#3178,#3179),(#3180,#3181,#3182,#3183,#3184,#3185),(#3186,#3187,#3188,#3189,#3190,#3191),(#3192,#3193,#3194,#3195,#3196,#3197),(#3198,#3199,#3200,#3201,#3202,#3203)),.UNSPECIFIED.,.F.,.F.,.U.,(6,6),(6,6),(2.59823131347,4.35458109164),(0.,0.5),.UNSPECIFIED.) ;
#3256=B_SPLINE_SURFACE_WITH_KNOTS('',5,5,((#3257,#3258,#3259,#3260,#3261,#3262),(#3263,#3264,#3265,#3266,#3267,#3268),(#3269,#3270,#3271,#3272,#3273,#3274),(#3275,#3276,#3277,#3278,#3279,#3280),(#3281,#3282,#3283,#3284,#3285,#3286),(#3287,#3288,#3289,#3290,#3291,#3292)),.UNSPECIFIED.,.F.,.F.,.U.,(6,6),(6,6),(3.33400370851,3.69566569176),(0.,0.5),.UNSPECIFIED.) ;
#3779=B_SPLINE_SURFACE_WITH_KNOTS('',5,5,((#3780,#3781,#3782,#3783,#3784,#3785),(#3786,#3787,#3788,#3789,#3790,#3791),(#3792,#3793,#3794,#3795,#3796,#3797),(#3798,#3799,#3800,#3801,#3802,#3803),(#3804,#3805,#3806,#3807,#3808,#3809),(#3810,#3811,#3812,#3813,#3814,#3815)),.UNSPECIFIED.,.F.,.F.,.U.,(6,6),(6,6),(3.33404293251,3.69567140126),(0.,0.5),.UNSPECIFIED.) ;
#3854=B_SPLINE_SURFACE_WITH_KNOTS('',5,5,((#3855,#3856,#3857,#3858,#3859,#3860),(#3861,#3862,#3863,#3864,#3865,#3866),(#3867,#3868,#3869,#3870,#3871,#3872),(#3873,#3874,#3875,#3876,#3877,#3878),(#3879,#3880,#3881,#3882,#3883,#3884),(#3885,#3886,#3887,#3888,#3889,#3890)),.UNSPECIFIED.,.F.,.F.,.U.,(6,6),(6,6),(2.63241166146,4.3887352577),(0.,0.5),.UNSPECIFIED.) ;
#3905=B_SPLINE_SURFACE_WITH_KNOTS('',5,5,((#3906,#3907,#3908,#3909,#3910,#3911),(#3912,#3913,#3914,#3915,#3916,#3917),(#3918,#3919,#3920,#3921,#3922,#3923),(#3924,#3925,#3926,#3927,#3928,#3929),(#3930,#3931,#3932,#3933,#3934,#3935),(#3936,#3937,#3938,#3939,#3940,#3941)),.UNSPECIFIED.,.F.,.F.,.U.,(6,6),(6,6),(2.59823131345,4.35458109164),(0.,0.5),.UNSPECIFIED.) ;
#3973=B_SPLINE_SURFACE_WITH_KNOTS('',5,5,((#3974,#3975,#3976,#3977,#3978,#3979),(#3980,#3981,#3982,#3983,#3984,#3985),(#3986,#3987,#3988,#3989,#3990,#3991),(#3992,#3993,#3994,#3995,#3996,#3997),(#3998,#3999,#4000,#4001,#4002,#4003),(#4004,#4005,#4006,#4007,#4008,#4009)),.UNSPECIFIED.,.F.,.F.,.U.,(6,6),(6,6),(3.33400370851,3.69566569177),(0.,0.5),.UNSPECIFIED.) ;
#22=COLOUR_RGB('Colour',0.2,0.2,0.4) ;
#54=FACE_OUTER_BOUND('',#51,.T.) ;
#177=FACE_OUTER_BOUND('',#172,.T.) ;
#218=FACE_OUTER_BOUND('',#212,.T.) ;
#249=FACE_OUTER_BOUND('',#244,.T.) ;
#261=FACE_OUTER_BOUND('',#256,.T.) ;
#294=FACE_OUTER_BOUND('',#289,.T.) ;
#327=FACE_OUTER_BOUND('',#322,.T.) ;
#360=FACE_OUTER_BOUND('',#355,.T.) ;
#370=FACE_OUTER_BOUND('',#367,.T.) ;
#419=FACE_OUTER_BOUND('',#414,.T.) ;
#431=FACE_OUTER_BOUND('',#426,.T.) ;
#462=FACE_OUTER_BOUND('',#457,.T.) ;
#474=FACE_OUTER_BOUND('',#469,.T.) ;
#484=FACE_OUTER_BOUND('',#481,.T.) ;
#533=FACE_OUTER_BOUND('',#528,.T.) ;
#545=FACE_OUTER_BOUND('',#540,.T.) ;
#569=FACE_OUTER_BOUND('',#566,.T.) ;
#604=FACE_OUTER_BOUND('',#599,.T.) ;
#616=FACE_OUTER_BOUND('',#611,.T.) ;
#647=FACE_OUTER_BOUND('',#642,.T.) ;
#659=FACE_OUTER_BOUND('',#654,.T.) ;
#698=FACE_OUTER_BOUND('',#692,.T.) ;
#759=FACE_OUTER_BOUND('',#749,.T.) ;
#799=FACE_OUTER_BOUND('',#794,.T.) ;
#831=FACE_OUTER_BOUND('',#826,.T.) ;
#895=FACE_OUTER_BOUND('',#887,.T.) ;
#921=FACE_OUTER_BOUND('',#916,.T.) ;
#982=FACE_OUTER_BOUND('',#974,.T.) ;
#1001=FACE_OUTER_BOUND('',#996,.T.) ;
#1074=FACE_OUTER_BOUND('',#1069,.T.) ;
#1098=FACE_OUTER_BOUND('',#1093,.T.) ;
#1165=FACE_OUTER_BOUND('',#1160,.T.) ;
#1232=FACE_OUTER_BOUND('',#1227,.T.) ;
#1254=FACE_OUTER_BOUND('',#1249,.T.) ;
#1305=FACE_OUTER_BOUND('',#1300,.T.) ;
#1322=FACE_OUTER_BOUND('',#1317,.T.) ;
#1346=FACE_OUTER_BOUND('',#1341,.T.) ;
#1374=FACE_OUTER_BOUND('',#1368,.T.) ;
#1403=FACE_OUTER_BOUND('',#1396,.T.) ;
#1445=FACE_OUTER_BOUND('',#1435,.T.) ;
#1481=FACE_OUTER_BOUND('',#1476,.T.) ;
#1508=FACE_OUTER_BOUND('',#1503,.T.) ;
#1534=FACE_OUTER_BOUND('',#1529,.T.) ;
#1553=FACE_OUTER_BOUND('',#1548,.T.) ;
#1579=FACE_OUTER_BOUND('',#1572,.T.) ;
#1633=FACE_OUTER_BOUND('',#1625,.T.) ;
#1659=FACE_OUTER_BOUND('',#1654,.T.) ;
#1725=FACE_OUTER_BOUND('',#1710,.T.) ;
#1769=FACE_OUTER_BOUND('',#1761,.T.) ;
#1788=FACE_OUTER_BOUND('',#1783,.T.) ;
#1846=FACE_OUTER_BOUND('',#1841,.T.) ;
#1863=FACE_OUTER_BOUND('',#1858,.T.) ;
#1914=FACE_OUTER_BOUND('',#1909,.T.) ;
#1965=FACE_OUTER_BOUND('',#1960,.T.) ;
#1982=FACE_OUTER_BOUND('',#1977,.T.) ;
#2033=FACE_OUTER_BOUND('',#2028,.T.) ;
#2045=FACE_OUTER_BOUND('',#2040,.T.) ;
#2062=FACE_OUTER_BOUND('',#2057,.T.) ;
#2089=FACE_OUTER_BOUND('',#2084,.T.) ;
#2140=FACE_OUTER_BOUND('',#2128,.T.) ;
#2171=FACE_OUTER_BOUND('',#2161,.T.) ;
#2190=FACE_OUTER_BOUND('',#2185,.T.) ;
#2210=FACE_OUTER_BOUND('',#2205,.T.) ;
#2274=FACE_OUTER_BOUND('',#2266,.T.) ;
#2300=FACE_OUTER_BOUND('',#2295,.T.) ;
#2344=FACE_OUTER_BOUND('',#2336,.T.) ;
#2363=FACE_OUTER_BOUND('',#2358,.T.) ;
#2436=FACE_OUTER_BOUND('',#2431,.T.) ;
#2460=FACE_OUTER_BOUND('',#2455,.T.) ;
#2527=FACE_OUTER_BOUND('',#2522,.T.) ;
#2594=FACE_OUTER_BOUND('',#2589,.T.) ;
#2616=FACE_OUTER_BOUND('',#2611,.T.) ;
#2667=FACE_OUTER_BOUND('',#2662,.T.) ;
#2679=FACE_OUTER_BOUND('',#2674,.T.) ;
#2703=FACE_OUTER_BOUND('',#2698,.T.) ;
#2732=FACE_OUTER_BOUND('',#2725,.T.) ;
#2781=FACE_OUTER_BOUND('',#2771,.T.) ;
#2808=FACE_OUTER_BOUND('',#2803,.T.) ;
#2827=FACE_OUTER_BOUND('',#2822,.T.) ;
#2848=FACE_OUTER_BOUND('',#2841,.T.) ;
#2912=FACE_OUTER_BOUND('',#2904,.T.) ;
#2938=FACE_OUTER_BOUND('',#2933,.T.) ;
#2982=FACE_OUTER_BOUND('',#2974,.T.) ;
#3001=FACE_OUTER_BOUND('',#2996,.T.) ;
#3074=FACE_OUTER_BOUND('',#3069,.T.) ;
#3098=FACE_OUTER_BOUND('',#3093,.T.) ;
#3165=FACE_OUTER_BOUND('',#3160,.T.) ;
#3232=FACE_OUTER_BOUND('',#3227,.T.) ;
#3254=FACE_OUTER_BOUND('',#3249,.T.) ;
#3305=FACE_OUTER_BOUND('',#3300,.T.) ;
#3317=FACE_OUTER_BOUND('',#3312,.T.) ;
#3341=FACE_OUTER_BOUND('',#3336,.T.) ;
#3370=FACE_OUTER_BOUND('',#3363,.T.) ;
#3407=FACE_OUTER_BOUND('',#3399,.T.) ;
#3449=FACE_OUTER_BOUND('',#3439,.T.) ;
#3479=FACE_OUTER_BOUND('',#3470,.T.) ;
#3507=FACE_OUTER_BOUND('',#3500,.T.) ;
#3526=FACE_OUTER_BOUND('',#3521,.T.) ;
#3545=FACE_OUTER_BOUND('',#3540,.T.) ;
#3565=FACE_OUTER_BOUND('',#3560,.T.) ;
#3585=FACE_OUTER_BOUND('',#3580,.T.) ;
#3632=FACE_OUTER_BOUND('',#3624,.T.) ;
#3658=FACE_OUTER_BOUND('',#3653,.T.) ;
#3714=FACE_OUTER_BOUND('',#3694,.T.) ;
#3758=FACE_OUTER_BOUND('',#3750,.T.) ;
#3777=FACE_OUTER_BOUND('',#3772,.T.) ;
#3835=FACE_OUTER_BOUND('',#3830,.T.) ;
#3852=FACE_OUTER_BOUND('',#3847,.T.) ;
#3903=FACE_OUTER_BOUND('',#3898,.T.) ;
#3954=FACE_OUTER_BOUND('',#3949,.T.) ;
#3971=FACE_OUTER_BOUND('',#3966,.T.) ;
#4022=FACE_OUTER_BOUND('',#4017,.T.) ;
#4034=FACE_OUTER_BOUND('',#4029,.T.) ;
#4046=FACE_OUTER_BOUND('',#4041,.T.) ;
#9=PRODUCT_CATEGORY_RELATIONSHIP(' ',' ',#7,#8) ;
#6=PRODUCT_DEFINITION_FORMATION_WITH_SPECIFIED_SOURCE('',' ',#5,.NOT_KNOWN.) ;
#20=SHAPE_DEFINITION_REPRESENTATION(#11,#19) ;
#12=(LENGTH_UNIT()NAMED_UNIT(*)SI_UNIT(.MILLI.,.METRE.)) ;
#13=(NAMED_UNIT(*)PLANE_ANGLE_UNIT()SI_UNIT($,.RADIAN.)) ;
#14=(NAMED_UNIT(*)SI_UNIT($,.STERADIAN.)SOLID_ANGLE_UNIT()) ;
#16=(GEOMETRIC_REPRESENTATION_CONTEXT(3)GLOBAL_UNCERTAINTY_ASSIGNED_CONTEXT((#15))GLOBAL_UNIT_ASSIGNED_CONTEXT((#12,#13,#14))REPRESENTATION_CONTEXT(' ',' ')) ;
ENDSEC;
END-ISO-10303-21;
