ISO-10303-21;
HEADER;
FILE_DESCRIPTION((''),'2;1');
FILE_NAME('3218204193_ASM','2026-09-04T10:19:04',('16280'),(''),
'CREO PARAMETRIC BY PTC INC, 2022124','CREO PARAMETRIC BY PTC INC, 2022124','');
FILE_SCHEMA((
'AP242_MANAGED_MODEL_BASED_3D_ENGINEERING_MIM_LF { 1 0 10303 442 1 1 4 }'));
ENDSEC;
DATA;
#16=CARTESIAN_POINT('',(0.E0,3.839446301642E0,0.E0));
#17=DIRECTION('',(0.E0,1.E0,0.E0));
#18=DIRECTION('',(1.E0,0.E0,0.E0));
#19=AXIS2_PLACEMENT_3D('',#16,#17,#18);
#21=DIRECTION('',(5.697231508212E-1,8.218366817187E-1,0.E0));
#22=VECTOR('',#21,9.804080783021E0);
#23=CARTESIAN_POINT('',(1.300632663656E1,3.839446301642E0,0.E0));
#24=LINE('',#23,#22);
#25=CARTESIAN_POINT('',(0.E0,3.839446301642E0,0.E0));
#26=DIRECTION('',(0.E0,-1.E0,0.E0));
#27=DIRECTION('',(1.E0,0.E0,0.E0));
#28=AXIS2_PLACEMENT_3D('',#25,#26,#27);
#30=DIRECTION('',(-5.697231508212E-1,8.218366817187E-1,0.E0));
#31=VECTOR('',#30,9.804080783021E0);
#32=CARTESIAN_POINT('',(-1.300632663656E1,3.839446301642E0,0.E0));
#33=LINE('',#32,#31);
#34=CARTESIAN_POINT('',(1.465E1,2.7E0,0.E0));
#35=DIRECTION('',(0.E0,0.E0,-1.E0));
#36=DIRECTION('',(-9.923444839353E-1,-1.235007093224E-1,0.E0));
#37=AXIS2_PLACEMENT_3D('',#34,#35,#36);
#39=CARTESIAN_POINT('',(0.E0,2.452998581355E0,0.E0));
#40=DIRECTION('',(0.E0,-1.E0,0.E0));
#41=DIRECTION('',(1.E0,0.E0,0.E0));
#42=AXIS2_PLACEMENT_3D('',#39,#40,#41);
#44=CARTESIAN_POINT('',(-1.465E1,2.7E0,0.E0));
#45=DIRECTION('',(0.E0,0.E0,1.E0));
#46=DIRECTION('',(9.923444839353E-1,-1.235007093224E-1,0.E0));
#47=AXIS2_PLACEMENT_3D('',#44,#45,#46);
#49=CARTESIAN_POINT('',(0.E0,2.452998581355E0,0.E0));
#50=DIRECTION('',(0.E0,1.E0,0.E0));
#51=DIRECTION('',(1.E0,0.E0,0.E0));
#52=AXIS2_PLACEMENT_3D('',#49,#50,#51);
#54=CARTESIAN_POINT('',(0.E0,2.842170943040E-14,0.E0));
#55=DIRECTION('',(0.E0,1.E0,0.E0));
#56=DIRECTION('',(1.E0,0.E0,0.E0));
#57=AXIS2_PLACEMENT_3D('',#54,#55,#56);
#59=DIRECTION('',(-1.235007093224E-1,9.923444839353E-1,0.E0));
#60=VECTOR('',#59,2.471922423176E0);
#61=CARTESIAN_POINT('',(1.297059520478E1,0.E0,0.E0));
#62=LINE('',#61,#60);
#63=CARTESIAN_POINT('',(0.E0,2.842170943040E-14,0.E0));
#64=DIRECTION('',(0.E0,-1.E0,0.E0));
#65=DIRECTION('',(1.E0,0.E0,0.E0));
#66=AXIS2_PLACEMENT_3D('',#63,#64,#65);
#68=DIRECTION('',(1.235007093224E-1,9.923444839353E-1,0.E0));
#69=VECTOR('',#68,2.471922423176E0);
#70=CARTESIAN_POINT('',(-1.297059520478E1,0.E0,0.E0));
#71=LINE('',#70,#69);
#72=DIRECTION('',(7.830621698483E-1,6.219434364574E-1,0.E0));
#73=VECTOR('',#72,3.951573857938E-1);
#74=CARTESIAN_POINT('',(1.266116240483E1,-2.457655424621E-1,0.E0));
#75=LINE('',#74,#73);
#76=CARTESIAN_POINT('',(0.E0,-2.457655424621E-1,0.E0));
#77=DIRECTION('',(0.E0,-1.E0,0.E0));
#78=DIRECTION('',(1.E0,0.E0,0.E0));
#79=AXIS2_PLACEMENT_3D('',#76,#77,#78);
#81=DIRECTION('',(-7.830621698483E-1,6.219434364574E-1,0.E0));
#82=VECTOR('',#81,3.951573857938E-1);
#83=CARTESIAN_POINT('',(-1.266116240483E1,-2.457655424621E-1,0.E0));
#84=LINE('',#83,#82);
#85=CARTESIAN_POINT('',(0.E0,-2.457655424621E-1,0.E0));
#86=DIRECTION('',(0.E0,1.E0,0.E0));
#87=DIRECTION('',(1.E0,0.E0,0.E0));
#88=AXIS2_PLACEMENT_3D('',#85,#86,#87);
#90=CARTESIAN_POINT('',(0.E0,-2.106969024216E-1,0.E0));
#91=DIRECTION('',(0.E0,1.E0,0.E0));
#92=DIRECTION('',(1.E0,0.E0,0.E0));
#93=AXIS2_PLACEMENT_3D('',#90,#91,#92);
#95=CARTESIAN_POINT('',(1.250567654572E1,-5.E-2,0.E0));
#96=DIRECTION('',(0.E0,0.E0,1.E0));
#97=DIRECTION('',(-7.660444431190E-1,-6.427876096865E-1,0.E0));
#98=AXIS2_PLACEMENT_3D('',#95,#96,#97);
#100=CARTESIAN_POINT('',(0.E0,-2.106969024216E-1,0.E0));
#101=DIRECTION('',(0.E0,-1.E0,0.E0));
#102=DIRECTION('',(1.E0,0.E0,0.E0));
#103=AXIS2_PLACEMENT_3D('',#100,#101,#102);
#105=CARTESIAN_POINT('',(-1.250567654572E1,-5.E-2,0.E0));
#106=DIRECTION('',(0.E0,0.E0,-1.E0));
#107=DIRECTION('',(7.660444431190E-1,-6.427876096865E-1,0.E0));
#108=AXIS2_PLACEMENT_3D('',#105,#106,#107);
#110=DIRECTION('',(6.427876096865E-1,-7.660444431190E-1,0.E0));
#111=VECTOR('',#110,9.556765457160E-1);
#112=CARTESIAN_POINT('',(1.169986839248E1,5.213938048433E-1,0.E0));
#113=LINE('',#112,#111);
#114=CARTESIAN_POINT('',(0.E0,5.213938048433E-1,0.E0));
#115=DIRECTION('',(0.E0,-1.E0,0.E0));
#116=DIRECTION('',(1.E0,0.E0,0.E0));
#117=AXIS2_PLACEMENT_3D('',#114,#115,#116);
#119=DIRECTION('',(-6.427876096865E-1,-7.660444431190E-1,0.E0));
#120=VECTOR('',#119,9.556765457160E-1);
#121=CARTESIAN_POINT('',(-1.169986839248E1,5.213938048433E-1,0.E0));
#122=LINE('',#121,#120);
#123=CARTESIAN_POINT('',(0.E0,5.213938048433E-1,0.E0));
#124=DIRECTION('',(0.E0,1.E0,0.E0));
#125=DIRECTION('',(1.E0,0.E0,0.E0));
#126=AXIS2_PLACEMENT_3D('',#123,#124,#125);
#128=CARTESIAN_POINT('',(0.E0,7.E-1,0.E0));
#129=DIRECTION('',(0.E0,1.E0,0.E0));
#130=DIRECTION('',(-9.998410050146E-1,0.E0,-1.783156446586E-2));
#131=AXIS2_PLACEMENT_3D('',#128,#129,#130);
#133=CARTESIAN_POINT('',(0.E0,7.E-1,0.E0));
#134=DIRECTION('',(0.E0,1.E0,0.E0));
#135=DIRECTION('',(-5.153630903240E-1,0.E0,-8.569719278551E-1));
#136=AXIS2_PLACEMENT_3D('',#133,#134,#135);
#138=CARTESIAN_POINT('',(0.E0,7.E-1,0.E0));
#139=DIRECTION('',(0.E0,1.E0,0.E0));
#140=DIRECTION('',(-4.844779146907E-1,0.E0,-8.748034923210E-1));
#141=AXIS2_PLACEMENT_3D('',#138,#139,#140);
#143=CARTESIAN_POINT('',(0.E0,7.E-1,0.E0));
#144=DIRECTION('',(0.E0,1.E0,0.E0));
#145=DIRECTION('',(4.844779146907E-1,0.E0,-8.748034923210E-1));
#146=AXIS2_PLACEMENT_3D('',#143,#144,#145);
#148=CARTESIAN_POINT('',(0.E0,7.E-1,0.E0));
#149=DIRECTION('',(0.E0,1.E0,0.E0));
#150=DIRECTION('',(5.153630903240E-1,0.E0,-8.569719278551E-1));
#151=AXIS2_PLACEMENT_3D('',#148,#149,#150);
#153=CARTESIAN_POINT('',(0.E0,7.E-1,0.E0));
#154=DIRECTION('',(0.E0,1.E0,0.E0));
#155=DIRECTION('',(9.998410050146E-1,0.E0,-1.783156446587E-2));
#156=AXIS2_PLACEMENT_3D('',#153,#154,#155);
#158=CARTESIAN_POINT('',(0.E0,7.E-1,0.E0));
#159=DIRECTION('',(0.E0,1.E0,0.E0));
#160=DIRECTION('',(1.E0,0.E0,0.E0));
#161=AXIS2_PLACEMENT_3D('',#158,#159,#160);
#163=CARTESIAN_POINT('',(0.E0,7.E-1,0.E0));
#164=DIRECTION('',(0.E0,-1.E0,0.E0));
#165=DIRECTION('',(9.998410050146E-1,0.E0,1.783156446587E-2));
#166=AXIS2_PLACEMENT_3D('',#163,#164,#165);
#168=CARTESIAN_POINT('',(0.E0,7.E-1,0.E0));
#169=DIRECTION('',(0.E0,1.E0,0.E0));
#170=DIRECTION('',(4.844779146907E-1,0.E0,8.748034923210E-1));
#171=AXIS2_PLACEMENT_3D('',#168,#169,#170);
#173=CARTESIAN_POINT('',(0.E0,7.E-1,0.E0));
#174=DIRECTION('',(0.E0,-1.E0,0.E0));
#175=DIRECTION('',(4.844779146907E-1,0.E0,8.748034923210E-1));
#176=AXIS2_PLACEMENT_3D('',#173,#174,#175);
#178=CARTESIAN_POINT('',(0.E0,7.E-1,0.E0));
#179=DIRECTION('',(0.E0,1.E0,0.E0));
#180=DIRECTION('',(-5.153630903240E-1,0.E0,8.569719278551E-1));
#181=AXIS2_PLACEMENT_3D('',#178,#179,#180);
#183=CARTESIAN_POINT('',(0.E0,7.E-1,0.E0));
#184=DIRECTION('',(0.E0,-1.E0,0.E0));
#185=DIRECTION('',(-5.153630903240E-1,0.E0,8.569719278551E-1));
#186=AXIS2_PLACEMENT_3D('',#183,#184,#185);
#188=CARTESIAN_POINT('',(0.E0,7.E-1,0.E0));
#189=DIRECTION('',(0.E0,1.E0,0.E0));
#190=DIRECTION('',(-1.E0,0.E0,0.E0));
#191=AXIS2_PLACEMENT_3D('',#188,#189,#190);
#193=CARTESIAN_POINT('',(-1.131684617092E1,2.E-1,0.E0));
#194=DIRECTION('',(0.E0,0.E0,1.E0));
#195=DIRECTION('',(0.E0,1.E0,0.E0));
#196=AXIS2_PLACEMENT_3D('',#193,#194,#195);
#198=CARTESIAN_POINT('',(1.131684617092E1,2.E-1,0.E0));
#199=DIRECTION('',(0.E0,0.E0,-1.E0));
#200=DIRECTION('',(3.092929610204E-6,9.999999999952E-1,0.E0));
#201=AXIS2_PLACEMENT_3D('',#198,#199,#200);
#203=CARTESIAN_POINT('',(0.E0,7.E-1,0.E0));
#204=DIRECTION('',(0.E0,1.E0,0.E0));
#205=DIRECTION('',(9.998410050146E-1,0.E0,1.783156446586E-2));
#206=AXIS2_PLACEMENT_3D('',#203,#204,#205);
#208=CARTESIAN_POINT('',(0.E0,7.E-1,0.E0));
#209=DIRECTION('',(0.E0,1.E0,0.E0));
#210=DIRECTION('',(1.E0,0.E0,0.E0));
#211=AXIS2_PLACEMENT_3D('',#208,#209,#210);
#213=CARTESIAN_POINT('',(0.E0,7.E-1,0.E0));
#214=DIRECTION('',(0.E0,-1.E0,0.E0));
#215=DIRECTION('',(1.E0,0.E0,0.E0));
#216=AXIS2_PLACEMENT_3D('',#213,#214,#215);
#218=CARTESIAN_POINT('',(5.375E0,7.E-1,9.309773090683E0));
#219=DIRECTION('',(0.E0,1.E0,0.E0));
#220=DIRECTION('',(-5.E-1,0.E0,-8.660254037844E-1));
#221=AXIS2_PLACEMENT_3D('',#218,#219,#220);
#223=CARTESIAN_POINT('',(5.375E0,7.E-1,9.309773090683E0));
#224=DIRECTION('',(0.E0,1.E0,0.E0));
#225=DIRECTION('',(7.621413589463E-1,0.E0,6.474106494209E-1));
#226=AXIS2_PLACEMENT_3D('',#223,#224,#225);
#228=CARTESIAN_POINT('',(1.075E1,7.E-1,0.E0));
#229=DIRECTION('',(0.E0,1.E0,0.E0));
#230=DIRECTION('',(-1.E0,0.E0,0.E0));
#231=AXIS2_PLACEMENT_3D('',#228,#229,#230);
#233=CARTESIAN_POINT('',(1.075E1,7.E-1,0.E0));
#234=DIRECTION('',(0.E0,1.E0,0.E0));
#235=DIRECTION('',(9.417447485522E-1,0.E0,-3.363284534118E-1));
#236=AXIS2_PLACEMENT_3D('',#233,#234,#235);
#238=CARTESIAN_POINT('',(5.375E0,7.E-1,-9.309773090683E0));
#239=DIRECTION('',(0.E0,1.E0,0.E0));
#240=DIRECTION('',(-5.E-1,0.E0,8.660254037844E-1));
#241=AXIS2_PLACEMENT_3D('',#238,#239,#240);
#243=CARTESIAN_POINT('',(5.375E0,7.E-1,-9.309773090683E0));
#244=DIRECTION('',(0.E0,1.E0,0.E0));
#245=DIRECTION('',(1.796033896059E-1,0.E0,-9.837391028327E-1));
#246=AXIS2_PLACEMENT_3D('',#243,#244,#245);
#248=CARTESIAN_POINT('',(-5.375E0,7.E-1,-9.309773090683E0));
#249=DIRECTION('',(0.E0,1.E0,0.E0));
#250=DIRECTION('',(5.E-1,0.E0,8.660254037844E-1));
#251=AXIS2_PLACEMENT_3D('',#248,#249,#250);
#253=CARTESIAN_POINT('',(-5.375E0,7.E-1,-9.309773090683E0));
#254=DIRECTION('',(0.E0,1.E0,0.E0));
#255=DIRECTION('',(-7.621413589463E-1,0.E0,-6.474106494209E-1));
#256=AXIS2_PLACEMENT_3D('',#253,#254,#255);
#258=CARTESIAN_POINT('',(-1.075E1,7.E-1,0.E0));
#259=DIRECTION('',(0.E0,1.E0,0.E0));
#260=DIRECTION('',(1.E0,0.E0,0.E0));
#261=AXIS2_PLACEMENT_3D('',#258,#259,#260);
#263=CARTESIAN_POINT('',(-1.075E1,7.E-1,0.E0));
#264=DIRECTION('',(0.E0,1.E0,0.E0));
#265=DIRECTION('',(-9.417447485522E-1,0.E0,3.363284534118E-1));
#266=AXIS2_PLACEMENT_3D('',#263,#264,#265);
#268=CARTESIAN_POINT('',(-5.375E0,7.E-1,9.309773090683E0));
#269=DIRECTION('',(0.E0,1.E0,0.E0));
#270=DIRECTION('',(5.E-1,0.E0,-8.660254037844E-1));
#271=AXIS2_PLACEMENT_3D('',#268,#269,#270);
#273=CARTESIAN_POINT('',(-5.375E0,7.E-1,9.309773090683E0));
#274=DIRECTION('',(0.E0,1.E0,0.E0));
#275=DIRECTION('',(-1.796033896059E-1,0.E0,9.837391028327E-1));
#276=AXIS2_PLACEMENT_3D('',#273,#274,#275);
#278=CARTESIAN_POINT('',(0.E0,2.E-1,0.E0));
#279=DIRECTION('',(0.E0,1.E0,0.E0));
#280=DIRECTION('',(1.E0,0.E0,0.E0));
#281=AXIS2_PLACEMENT_3D('',#278,#279,#280);
#283=DIRECTION('',(0.E0,1.E0,0.E0));
#284=VECTOR('',#283,5.E-1);
#285=CARTESIAN_POINT('',(1.01E1,2.E-1,0.E0));
#286=LINE('',#285,#284);
#287=CARTESIAN_POINT('',(0.E0,2.E-1,0.E0));
#288=DIRECTION('',(0.E0,-1.E0,0.E0));
#289=DIRECTION('',(1.E0,0.E0,0.E0));
#290=AXIS2_PLACEMENT_3D('',#287,#288,#289);
#292=DIRECTION('',(0.E0,1.E0,0.E0));
#293=VECTOR('',#292,5.E-1);
#294=CARTESIAN_POINT('',(-1.01E1,2.E-1,0.E0));
#295=LINE('',#294,#293);
#296=CARTESIAN_POINT('',(9.8E0,2.E-1,0.E0));
#297=DIRECTION('',(0.E0,0.E0,1.E0));
#298=DIRECTION('',(-7.660444431190E-1,-6.427876096865E-1,0.E0));
#299=AXIS2_PLACEMENT_3D('',#296,#297,#298);
#301=CARTESIAN_POINT('',(0.E0,7.163717094036E-3,0.E0));
#302=DIRECTION('',(0.E0,-1.E0,0.E0));
#303=DIRECTION('',(1.E0,0.E0,0.E0));
#304=AXIS2_PLACEMENT_3D('',#301,#302,#303);
#306=CARTESIAN_POINT('',(-9.8E0,2.E-1,0.E0));
#307=DIRECTION('',(0.E0,0.E0,-1.E0));
#308=DIRECTION('',(7.660444431190E-1,-6.427876096865E-1,0.E0));
#309=AXIS2_PLACEMENT_3D('',#306,#307,#308);
#311=CARTESIAN_POINT('',(0.E0,7.163717094036E-3,0.E0));
#312=DIRECTION('',(0.E0,1.E0,0.E0));
#313=DIRECTION('',(1.E0,0.E0,0.E0));
#314=AXIS2_PLACEMENT_3D('',#311,#312,#313);
#316=CARTESIAN_POINT('',(0.E0,3.427876096865E-1,0.E0));
#317=DIRECTION('',(0.E0,-1.E0,0.E0));
#318=DIRECTION('',(-1.E0,0.E0,0.E0));
#319=AXIS2_PLACEMENT_3D('',#316,#317,#318);
#321=CARTESIAN_POINT('',(-8.522520339457E0,-3.E-1,1.794606130368E-12));
#322=DIRECTION('',(-2.105711438549E-13,0.E0,-1.E0));
#323=DIRECTION('',(-7.660444431189E-1,6.427876096866E-1,1.613076908213E-13));
#324=AXIS2_PLACEMENT_3D('',#321,#322,#323);
#326=CARTESIAN_POINT('',(8.522520339457E0,-3.E-1,-1.795549819938E-12));
#327=DIRECTION('',(2.106821661574E-13,0.E0,1.E0));
#328=DIRECTION('',(7.660444431189E-1,6.427876096866E-1,-1.613914353586E-13));
#329=AXIS2_PLACEMENT_3D('',#326,#327,#328);
#331=CARTESIAN_POINT('',(0.E0,3.427876096865E-1,0.E0));
#332=DIRECTION('',(0.E0,-1.E0,0.E0));
#333=DIRECTION('',(1.E0,0.E0,0.E0));
#334=AXIS2_PLACEMENT_3D('',#331,#332,#333);
#336=DIRECTION('',(-6.427876096865E-1,-7.660444431190E-1,1.846968884656E-13));
#337=VECTOR('',#336,4.381258758644E-1);
#338=CARTESIAN_POINT('',(-9.288564782576E0,3.427876096866E-1,
-8.304549434597E-14));
#339=LINE('',#338,#337);
#340=DIRECTION('',(6.427876096865E-1,-7.660444431190E-1,-1.873200652359E-13));
#341=VECTOR('',#340,4.381258758644E-1);
#342=CARTESIAN_POINT('',(9.288564782576E0,3.427876096866E-1,
8.206976764846E-14));
#343=LINE('',#342,#341);
#344=CARTESIAN_POINT('',(0.E0,7.E-1,0.E0));
#345=DIRECTION('',(0.E0,1.E0,0.E0));
#346=DIRECTION('',(1.E0,0.E0,0.E0));
#347=AXIS2_PLACEMENT_3D('',#344,#345,#346);
#349=CARTESIAN_POINT('',(0.E0,7.E-1,0.E0));
#350=DIRECTION('',(0.E0,-1.E0,0.E0));
#351=DIRECTION('',(1.E0,0.E0,0.E0));
#352=AXIS2_PLACEMENT_3D('',#349,#350,#351);
#354=CARTESIAN_POINT('',(0.E0,7.E-1,0.E0));
#355=DIRECTION('',(0.E0,-1.E0,0.E0));
#356=DIRECTION('',(1.E0,0.E0,0.E0));
#357=AXIS2_PLACEMENT_3D('',#354,#355,#356);
#359=CARTESIAN_POINT('',(0.E0,7.E-1,0.E0));
#360=DIRECTION('',(0.E0,-1.E0,0.E0));
#361=DIRECTION('',(-1.E0,0.E0,0.E0));
#362=AXIS2_PLACEMENT_3D('',#359,#360,#361);
#364=CARTESIAN_POINT('',(0.E0,1.1E0,0.E0));
#365=DIRECTION('',(0.E0,1.E0,0.E0));
#366=DIRECTION('',(1.E0,0.E0,0.E0));
#367=AXIS2_PLACEMENT_3D('',#364,#365,#366);
#369=DIRECTION('',(8.320502943378E-1,-5.547001962252E-1,0.E0));
#370=VECTOR('',#369,7.211102550928E-1);
#371=CARTESIAN_POINT('',(6.75E0,1.1E0,0.E0));
#372=LINE('',#371,#370);
#373=CARTESIAN_POINT('',(0.E0,1.1E0,0.E0));
#374=DIRECTION('',(0.E0,-1.E0,0.E0));
#375=DIRECTION('',(1.E0,0.E0,0.E0));
#376=AXIS2_PLACEMENT_3D('',#373,#374,#375);
#378=DIRECTION('',(-8.320502943378E-1,-5.547001962252E-1,0.E0));
#379=VECTOR('',#378,7.211102550928E-1);
#380=CARTESIAN_POINT('',(-6.75E0,1.1E0,0.E0));
#381=LINE('',#380,#379);
#382=DIRECTION('',(0.E0,-1.E0,0.E0));
#383=VECTOR('',#382,6.E-1);
#384=CARTESIAN_POINT('',(6.75E0,1.7E0,0.E0));
#385=LINE('',#384,#383);
#386=CARTESIAN_POINT('',(0.E0,1.7E0,0.E0));
#387=DIRECTION('',(0.E0,-1.E0,0.E0));
#388=DIRECTION('',(1.E0,0.E0,0.E0));
#389=AXIS2_PLACEMENT_3D('',#386,#387,#388);
#391=DIRECTION('',(0.E0,-1.E0,0.E0));
#392=VECTOR('',#391,6.E-1);
#393=CARTESIAN_POINT('',(-6.75E0,1.7E0,0.E0));
#394=LINE('',#393,#392);
#395=CARTESIAN_POINT('',(0.E0,1.7E0,0.E0));
#396=DIRECTION('',(0.E0,1.E0,0.E0));
#397=DIRECTION('',(1.E0,0.E0,0.E0));
#398=AXIS2_PLACEMENT_3D('',#395,#396,#397);
#400=CARTESIAN_POINT('',(0.E0,1.826051546951E0,0.E0));
#401=DIRECTION('',(0.E0,1.E0,0.E0));
#402=DIRECTION('',(1.E0,0.E0,0.E0));
#403=AXIS2_PLACEMENT_3D('',#400,#401,#402);
#405=DIRECTION('',(-9.682619845801E-1,-2.499374506093E-1,0.E0));
#406=VECTOR('',#405,5.043323705335E-1);
#407=CARTESIAN_POINT('',(7.238325861981E0,1.826051546951E0,0.E0));
#408=LINE('',#407,#406);
#409=CARTESIAN_POINT('',(0.E0,1.826051546951E0,0.E0));
#410=DIRECTION('',(0.E0,-1.E0,0.E0));
#411=DIRECTION('',(1.E0,0.E0,0.E0));
#412=AXIS2_PLACEMENT_3D('',#409,#410,#411);
#414=DIRECTION('',(9.682619845801E-1,-2.499374506093E-1,0.E0));
#415=VECTOR('',#414,5.043323705335E-1);
#416=CARTESIAN_POINT('',(-7.238325861981E0,1.826051546951E0,0.E0));
#417=LINE('',#416,#415);
#418=CARTESIAN_POINT('',(7.200835244389E0,1.971290844638E0,0.E0));
#419=DIRECTION('',(0.E0,0.E0,-1.E0));
#420=DIRECTION('',(5.943789485717E-1,8.041850940516E-1,0.E0));
#421=AXIS2_PLACEMENT_3D('',#418,#419,#420);
#423=CARTESIAN_POINT('',(0.E0,2.091918608746E0,0.E0));
#424=DIRECTION('',(0.E0,-1.E0,0.E0));
#425=DIRECTION('',(1.E0,0.E0,0.E0));
#426=AXIS2_PLACEMENT_3D('',#423,#424,#425);
#428=CARTESIAN_POINT('',(-7.200835244389E0,1.971290844638E0,0.E0));
#429=DIRECTION('',(0.E0,0.E0,1.E0));
#430=DIRECTION('',(-5.943789485717E-1,8.041850940516E-1,0.E0));
#431=AXIS2_PLACEMENT_3D('',#428,#429,#430);
#433=CARTESIAN_POINT('',(0.E0,2.091918608746E0,0.E0));
#434=DIRECTION('',(0.E0,1.E0,0.E0));
#435=DIRECTION('',(1.E0,0.E0,0.E0));
#436=AXIS2_PLACEMENT_3D('',#433,#434,#435);
#438=CARTESIAN_POINT('',(0.E0,2.360389471004E0,0.E0));
#439=DIRECTION('',(0.E0,1.E0,0.E0));
#440=DIRECTION('',(1.E0,0.E0,0.E0));
#441=AXIS2_PLACEMENT_3D('',#438,#439,#440);
#443=DIRECTION('',(8.041850940516E-1,-5.943789485717E-1,0.E0));
#444=VECTOR('',#443,4.516829926495E-1);
#445=CARTESIAN_POINT('',(6.926755356750E0,2.360389471004E0,0.E0));
#446=LINE('',#445,#444);
#447=CARTESIAN_POINT('',(0.E0,2.360389471004E0,0.E0));
#448=DIRECTION('',(0.E0,-1.E0,0.E0));
#449=DIRECTION('',(1.E0,0.E0,0.E0));
#450=AXIS2_PLACEMENT_3D('',#447,#448,#449);
#452=DIRECTION('',(-8.041850940516E-1,-5.943789485717E-1,0.E0));
#453=VECTOR('',#452,4.516829926495E-1);
#454=CARTESIAN_POINT('',(-6.926755356750E0,2.360389471004E0,0.E0));
#455=LINE('',#454,#453);
#456=CARTESIAN_POINT('',(7.105069041321E0,2.601644999220E0,0.E0));
#457=DIRECTION('',(0.E0,0.E0,1.E0));
#458=DIRECTION('',(-5.996313324117E-1,8.002763680068E-1,0.E0));
#459=AXIS2_PLACEMENT_3D('',#456,#457,#458);
#461=CARTESIAN_POINT('',(0.E0,2.841727909622E0,0.E0));
#462=DIRECTION('',(0.E0,-1.E0,0.E0));
#463=DIRECTION('',(1.E0,0.E0,0.E0));
#464=AXIS2_PLACEMENT_3D('',#461,#462,#463);
#466=CARTESIAN_POINT('',(-7.105069041321E0,2.601644999220E0,0.E0));
#467=DIRECTION('',(0.E0,0.E0,-1.E0));
#468=DIRECTION('',(5.996313324117E-1,8.002763680068E-1,0.E0));
#469=AXIS2_PLACEMENT_3D('',#466,#467,#468);
#471=CARTESIAN_POINT('',(0.E0,2.841727909622E0,0.E0));
#472=DIRECTION('',(0.E0,1.E0,0.E0));
#473=DIRECTION('',(1.E0,0.E0,0.E0));
#474=AXIS2_PLACEMENT_3D('',#471,#472,#473);
#476=CARTESIAN_POINT('',(0.E0,3.109136905629E0,0.E0));
#477=DIRECTION('',(0.E0,1.E0,0.E0));
#478=DIRECTION('',(1.E0,0.E0,0.E0));
#479=AXIS2_PLACEMENT_3D('',#476,#477,#478);
#481=DIRECTION('',(-8.002763680068E-1,-5.996313324117E-1,0.E0));
#482=VECTOR('',#481,4.459556756847E-1);
#483=CARTESIAN_POINT('',(7.282067430027E0,3.109136905629E0,0.E0));
#484=LINE('',#483,#482);
#485=CARTESIAN_POINT('',(0.E0,3.109136905629E0,0.E0));
#486=DIRECTION('',(0.E0,-1.E0,0.E0));
#487=DIRECTION('',(1.E0,0.E0,0.E0));
#488=AXIS2_PLACEMENT_3D('',#485,#486,#487);
#490=DIRECTION('',(8.002763680068E-1,-5.996313324117E-1,0.E0));
#491=VECTOR('',#490,4.459556756847E-1);
#492=CARTESIAN_POINT('',(-7.282067430027E0,3.109136905629E0,0.E0));
#493=LINE('',#492,#491);
#494=CARTESIAN_POINT('',(7.192122730165E0,3.229178360830E0,0.E0));
#495=DIRECTION('',(0.E0,0.E0,-1.E0));
#496=DIRECTION('',(2.532997188817E-1,9.673878500449E-1,0.E0));
#497=AXIS2_PLACEMENT_3D('',#494,#495,#496);
#499=CARTESIAN_POINT('',(0.E0,3.374286538337E0,0.E0));
#500=DIRECTION('',(0.E0,-1.E0,0.E0));
#501=DIRECTION('',(1.E0,0.E0,0.E0));
#502=AXIS2_PLACEMENT_3D('',#499,#500,#501);
#504=CARTESIAN_POINT('',(-7.192122730165E0,3.229178360830E0,0.E0));
#505=DIRECTION('',(0.E0,0.E0,1.E0));
#506=DIRECTION('',(-2.532997188817E-1,9.673878500449E-1,0.E0));
#507=AXIS2_PLACEMENT_3D('',#504,#505,#506);
#509=CARTESIAN_POINT('',(0.E0,3.374286538337E0,0.E0));
#510=DIRECTION('',(0.E0,1.E0,0.E0));
#511=DIRECTION('',(1.E0,0.E0,0.E0));
#512=AXIS2_PLACEMENT_3D('',#509,#510,#511);
#514=CARTESIAN_POINT('',(0.E0,3.5E0,0.E0));
#515=DIRECTION('',(0.E0,1.E0,0.E0));
#516=DIRECTION('',(1.E0,0.E0,0.E0));
#517=AXIS2_PLACEMENT_3D('',#514,#515,#516);
#519=DIRECTION('',(9.673878500449E-1,-2.532997188817E-1,0.E0));
#520=VECTOR('',#519,4.963032024591E-1);
#521=CARTESIAN_POINT('',(6.75E0,3.5E0,0.E0));
#522=LINE('',#521,#520);
#523=CARTESIAN_POINT('',(0.E0,3.5E0,0.E0));
#524=DIRECTION('',(0.E0,-1.E0,0.E0));
#525=DIRECTION('',(1.E0,0.E0,0.E0));
#526=AXIS2_PLACEMENT_3D('',#523,#524,#525);
#528=DIRECTION('',(-9.673878500449E-1,-2.532997188817E-1,0.E0));
#529=VECTOR('',#528,4.963032024591E-1);
#530=CARTESIAN_POINT('',(-6.75E0,3.5E0,0.E0));
#531=LINE('',#530,#529);
#532=DIRECTION('',(0.E0,-1.E0,0.E0));
#533=VECTOR('',#532,6.E-1);
#534=CARTESIAN_POINT('',(6.75E0,4.1E0,0.E0));
#535=LINE('',#534,#533);
#536=CARTESIAN_POINT('',(0.E0,4.1E0,0.E0));
#537=DIRECTION('',(0.E0,-1.E0,0.E0));
#538=DIRECTION('',(1.E0,0.E0,0.E0));
#539=AXIS2_PLACEMENT_3D('',#536,#537,#538);
#541=DIRECTION('',(0.E0,-1.E0,0.E0));
#542=VECTOR('',#541,6.E-1);
#543=CARTESIAN_POINT('',(-6.75E0,4.1E0,0.E0));
#544=LINE('',#543,#542);
#545=CARTESIAN_POINT('',(0.E0,4.1E0,0.E0));
#546=DIRECTION('',(0.E0,1.E0,0.E0));
#547=DIRECTION('',(1.E0,0.E0,0.E0));
#548=AXIS2_PLACEMENT_3D('',#545,#546,#547);
#550=CARTESIAN_POINT('',(0.E0,4.5E0,0.E0));
#551=DIRECTION('',(0.E0,1.E0,0.E0));
#552=DIRECTION('',(1.E0,0.E0,0.E0));
#553=AXIS2_PLACEMENT_3D('',#550,#551,#552);
#555=DIRECTION('',(-6.E-1,-8.E-1,0.E0));
#556=VECTOR('',#555,5.E-1);
#557=CARTESIAN_POINT('',(7.05E0,4.5E0,0.E0));
#558=LINE('',#557,#556);
#559=CARTESIAN_POINT('',(0.E0,4.5E0,0.E0));
#560=DIRECTION('',(0.E0,-1.E0,0.E0));
#561=DIRECTION('',(1.E0,0.E0,0.E0));
#562=AXIS2_PLACEMENT_3D('',#559,#560,#561);
#564=DIRECTION('',(6.E-1,-8.E-1,0.E0));
#565=VECTOR('',#564,5.E-1);
#566=CARTESIAN_POINT('',(-7.05E0,4.5E0,0.E0));
#567=LINE('',#566,#565);
#568=CARTESIAN_POINT('',(0.E0,4.5E0,0.E0));
#569=DIRECTION('',(0.E0,1.E0,0.E0));
#570=DIRECTION('',(1.E0,0.E0,0.E0));
#571=AXIS2_PLACEMENT_3D('',#568,#569,#570);
#573=CARTESIAN_POINT('',(0.E0,4.5E0,0.E0));
#574=DIRECTION('',(0.E0,-1.E0,0.E0));
#575=DIRECTION('',(1.E0,0.E0,0.E0));
#576=AXIS2_PLACEMENT_3D('',#573,#574,#575);
#578=CARTESIAN_POINT('',(-1.112288849075E1,5.605430064134E0,
-7.823106340122E-1));
#579=CARTESIAN_POINT('',(-1.105778097922E1,5.530156315805E0,
-8.341502969686E-1));
#580=CARTESIAN_POINT('',(-1.092106089846E1,5.385929717661E0,
-9.167603443276E-1));
#581=CARTESIAN_POINT('',(-1.070759744797E1,5.196726957275E0,
-9.861914188421E-1));
#582=CARTESIAN_POINT('',(-1.049854881446E1,5.039613742481E0,-1.006821382935E0));
#583=CARTESIAN_POINT('',(-1.030341282986E1,4.914178932460E0,
-9.865207912842E-1));
#584=CARTESIAN_POINT('',(-1.012650815975E1,4.816075799152E0,
-9.336395630990E-1));
#585=CARTESIAN_POINT('',(-9.965678645233E0,4.739086028905E0,
-8.511671185370E-1));
#586=CARTESIAN_POINT('',(-9.835643767046E0,4.685017808388E0,
-7.527161530569E-1));
#587=CARTESIAN_POINT('',(-9.732258017169E0,4.646905229415E0,
-6.460113751030E-1));
#588=CARTESIAN_POINT('',(-9.650858880443E0,4.619938850347E0,
-5.339847940908E-1));
#589=CARTESIAN_POINT('',(-9.585897104839E0,4.600324329755E0,
-4.133207062918E-1));
#590=CARTESIAN_POINT('',(-9.536774822984E0,4.586654469729E0,
-2.810250152691E-1));
#591=CARTESIAN_POINT('',(-9.506621535330E0,4.578764519007E0,
-1.412687309761E-1));
#592=CARTESIAN_POINT('',(-9.5E0,4.577086559585E0,-4.705933015228E-2));
#593=CARTESIAN_POINT('',(-9.5E0,4.577086559585E0,0.E0));
#595=CARTESIAN_POINT('',(0.E0,5.605430064134E0,0.E0));
#596=DIRECTION('',(0.E0,1.E0,0.E0));
#597=DIRECTION('',(-5.595282898438E-1,0.E0,-8.288112528583E-1));
#598=AXIS2_PLACEMENT_3D('',#595,#596,#597);
#600=CARTESIAN_POINT('',(-4.75E0,4.577086559585E0,-8.227241335952E0));
#601=CARTESIAN_POINT('',(-4.793715588047E0,4.577086559585E0,-8.202002129426E0));
#602=CARTESIAN_POINT('',(-4.884725367609E0,4.579002971612E0,-8.158205048940E0));
#603=CARTESIAN_POINT('',(-5.030984613736E0,4.588080568225E0,-8.113666895952E0));
#604=CARTESIAN_POINT('',(-5.177221606978E0,4.603481886168E0,-8.092404369468E0));
#605=CARTESIAN_POINT('',(-5.323040999021E0,4.625847594795E0,-8.092257733012E0));
#606=CARTESIAN_POINT('',(-5.475537887300E0,4.658491786333E0,-8.114684286451E0));
#607=CARTESIAN_POINT('',(-5.636821413877E0,4.706377575753E0,-8.165240264925E0));
#608=CARTESIAN_POINT('',(-5.805703390785E0,4.778268083684E0,-8.254220711712E0));
#609=CARTESIAN_POINT('',(-5.960407334742E0,4.875339574886E0,-8.379745936494E0));
#610=CARTESIAN_POINT('',(-6.094203044252E0,5.002753775461E0,-8.542650668175E0));
#611=CARTESIAN_POINT('',(-6.196932922748E0,5.166988861953E0,-8.744698373354E0));
#612=CARTESIAN_POINT('',(-6.253806558586E0,5.367909910689E0,-8.979413925535E0));
#613=CARTESIAN_POINT('',(-6.252330312670E0,5.523785403902E0,-9.152278110738E0));
#614=CARTESIAN_POINT('',(-6.238945128081E0,5.605430064134E0,-9.241548679447E0));
#616=CARTESIAN_POINT('',(-4.883943362671E0,5.605430064134E0,-1.002385931346E1));
#617=CARTESIAN_POINT('',(-4.806710118586E0,5.530365256743E0,-9.993478948928E0));
#618=CARTESIAN_POINT('',(-4.667127637959E0,5.386493234239E0,-9.916628313880E0));
#619=CARTESIAN_POINT('',(-4.500448582527E0,5.197573838150E0,-9.766909855077E0));
#620=CARTESIAN_POINT('',(-4.378001840338E0,5.040524893713E0,-9.596540536692E0));
#621=CARTESIAN_POINT('',(-4.297823295082E0,4.915026382344E0,-9.417640925745E0));
#622=CARTESIAN_POINT('',(-4.254918447496E0,4.816797317736E0,-9.238118784202E0));
#623=CARTESIAN_POINT('',(-4.245649321722E0,4.739678283967E0,-9.057683323566E0));
#624=CARTESIAN_POINT('',(-4.265655840717E0,4.685435943623E0,-8.895687235404E0));
#625=CARTESIAN_POINT('',(-4.306237372840E0,4.647178040361E0,-8.752545639640E0));
#626=CARTESIAN_POINT('',(-4.362504880814E0,4.620103736194E0,-8.625767199953E0));
#627=CARTESIAN_POINT('',(-4.434544642012E0,4.600414100570E0,-8.508916824108E0));
#628=CARTESIAN_POINT('',(-4.524561632774E0,4.586699425690E0,-8.400057240766E0));
#629=CARTESIAN_POINT('',(-4.630726823222E0,4.578770679084E0,-8.303778412154E0));
#630=CARTESIAN_POINT('',(-4.709157877874E0,4.577086559585E0,-8.250821546156E0));
#631=CARTESIAN_POINT('',(-4.75E0,4.577086559585E0,-8.227241335952E0));
#633=CARTESIAN_POINT('',(0.E0,5.605430064134E0,0.E0));
#634=DIRECTION('',(0.E0,1.E0,0.E0));
#635=DIRECTION('',(4.380074549958E-1,0.E0,-8.989713395699E-1));
#636=AXIS2_PLACEMENT_3D('',#633,#634,#635);
#638=CARTESIAN_POINT('',(4.75E0,4.577086559585E0,-8.227241335952E0));
#639=CARTESIAN_POINT('',(4.706284411953E0,4.577086559585E0,-8.252480542479E0));
#640=CARTESIAN_POINT('',(4.622850137860E0,4.579002971612E0,-8.309398783330E0));
#641=CARTESIAN_POINT('',(4.511149342872E0,4.588080568225E0,-8.413793929520E0));
#642=CARTESIAN_POINT('',(4.419616958166E0,4.603481886168E0,-8.529807617399E0));
#643=CARTESIAN_POINT('',(4.346580271249E0,4.625847594795E0,-8.656017597045E0));
#644=CARTESIAN_POINT('',(4.289753792107E0,4.658491786333E0,-8.799297053012E0));
#645=CARTESIAN_POINT('',(4.252894790490E0,4.706377575753E0,-8.964250673476E0));
#646=CARTESIAN_POINT('',(4.245513129393E0,4.778268083684E0,-9.154996979113E0));
#647=CARTESIAN_POINT('',(4.276869190893E0,4.875339574886E0,-9.351737137037E0));
#648=CARTESIAN_POINT('',(4.351050972169E0,5.002753775461E0,-9.549059986230E0));
#649=CARTESIAN_POINT('',(4.474664478383E0,5.166988861953E0,-9.739050523325E0));
#650=CARTESIAN_POINT('',(4.649497291316E0,5.367909910689E0,-9.905662312857E0));
#651=CARTESIAN_POINT('',(4.799940190065E0,5.523785403902E0,-9.990815938993E0));
#652=CARTESIAN_POINT('',(4.883943362671E0,5.605430064134E0,-1.002385931346E1));
#654=CARTESIAN_POINT('',(6.238945128081E0,5.605430064134E0,-9.241548679447E0));
#655=CARTESIAN_POINT('',(6.251251582663E0,5.530365256743E0,-9.159472545787E0));
#656=CARTESIAN_POINT('',(6.254488220729E0,5.386493234239E0,-9.000165254117E0));
#657=CARTESIAN_POINT('',(6.208167759706E0,5.197573838150E0,-8.780957728432E0));
#658=CARTESIAN_POINT('',(6.121846973053E0,5.040524893713E0,-8.589731079893E0));
#659=CARTESIAN_POINT('',(6.007004637874E0,4.915026382344E0,-8.430844617390E0));
#660=CARTESIAN_POINT('',(5.872986326549E0,4.816797317736E0,-8.303926858664E0));
#661=CARTESIAN_POINT('',(5.721359196782E0,4.739678283967E0,-8.205681829954E0));
#662=CARTESIAN_POINT('',(5.571063209623E0,4.685435943623E0,-8.142009939564E0));
#663=CARTESIAN_POINT('',(5.426808185291E0,4.647178040361E0,-8.105583779425E0));
#664=CARTESIAN_POINT('',(5.288881081883E0,4.620103736194E0,-8.090923650895E0));
#665=CARTESIAN_POINT('',(5.151665807360E0,4.600414100570E0,-8.094886726253E0));
#666=CARTESIAN_POINT('',(5.012382147360E0,4.586699425690E0,-8.118413935354E0));
#667=CARTESIAN_POINT('',(4.875919640711E0,4.578770679084E0,-8.162216272974E0));
#668=CARTESIAN_POINT('',(4.790842122126E0,4.577086559585E0,-8.203661125749E0));
#669=CARTESIAN_POINT('',(4.75E0,4.577086559585E0,-8.227241335952E0));
#671=CARTESIAN_POINT('',(0.E0,5.605430064134E0,0.E0));
#672=DIRECTION('',(0.E0,1.E0,0.E0));
#673=DIRECTION('',(9.975357448396E-1,0.E0,-7.016008671166E-2));
#674=AXIS2_PLACEMENT_3D('',#671,#672,#673);
#676=CARTESIAN_POINT('',(9.5E0,4.577086559585E0,0.E0));
#677=CARTESIAN_POINT('',(9.5E0,4.577086559585E0,-7.966196149194E-2));
#678=CARTESIAN_POINT('',(9.519147021186E0,4.581863166379E0,-2.377739657166E-1));
#679=CARTESIAN_POINT('',(9.600813210193E0,4.604213063942E0,-4.574707175598E-1));
#680=CARTESIAN_POINT('',(9.729103415778E0,4.644763617361E0,-6.514575073405E-1));
#681=CARTESIAN_POINT('',(9.904613879884E0,4.711531927247E0,-8.149021759308E-1));
#682=CARTESIAN_POINT('',(1.010866179685E1,4.805435526592E0,-9.305893426591E-1));
#683=CARTESIAN_POINT('',(1.035012090862E1,4.940074696239E0,-9.999820362784E-1));
#684=CARTESIAN_POINT('',(1.061693816963E1,5.122609872089E0,-1.005497179280E0));
#685=CARTESIAN_POINT('',(1.088498678303E1,5.348898870883E0,-9.367193123862E-1));
#686=CARTESIAN_POINT('',(1.104736339777E1,5.518112077191E0,-8.424449452915E-1));
#687=CARTESIAN_POINT('',(1.112288849075E1,5.605430064134E0,-7.823106340122E-1));
#689=CARTESIAN_POINT('',(-1.112288849075E1,5.605430064134E0,
-7.823106340122E-1));
#690=CARTESIAN_POINT('',(-1.118594722691E1,5.678335130286E0,
-7.321022394389E-1));
#691=CARTESIAN_POINT('',(-1.129748040435E1,5.806135464352E0,
-6.185093869664E-1));
#692=CARTESIAN_POINT('',(-1.141775891727E1,5.942329469921E0,
-4.184591070763E-1));
#693=CARTESIAN_POINT('',(-1.148631225314E1,6.019365670319E0,
-2.066235578065E-1));
#694=CARTESIAN_POINT('',(-1.15E1,6.034695701361E0,-6.751619305068E-2));
#695=CARTESIAN_POINT('',(-1.15E1,6.034695701361E0,0.E0));
#697=CARTESIAN_POINT('',(0.E0,1.295814509620E1,0.E0));
#698=DIRECTION('',(0.E0,1.E0,0.E0));
#699=DIRECTION('',(1.E0,0.E0,0.E0));
#700=AXIS2_PLACEMENT_3D('',#697,#698,#699);
#702=CARTESIAN_POINT('',(1.15E1,6.034695701361E0,0.E0));
#703=CARTESIAN_POINT('',(1.15E1,6.034695701361E0,-6.867927451923E-2));
#704=CARTESIAN_POINT('',(1.148571315709E1,6.018693774667E0,-2.092482537503E-1));
#705=CARTESIAN_POINT('',(1.141747837581E1,5.942011432251E0,-4.187030519190E-1));
#706=CARTESIAN_POINT('',(1.129764419835E1,5.806320845426E0,-6.183058070962E-1));
#707=CARTESIAN_POINT('',(1.118607187217E1,5.678479238329E0,-7.320029948477E-1));
#708=CARTESIAN_POINT('',(1.112288849075E1,5.605430064134E0,-7.823106340122E-1));
#710=CARTESIAN_POINT('',(6.238945128081E0,5.605430064134E0,-9.241548679447E0));
#711=CARTESIAN_POINT('',(6.226992750974E0,5.678335130286E0,-9.321263344173E0));
#712=CARTESIAN_POINT('',(6.184385043769E0,5.806135464352E0,-9.474650335444E0));
#713=CARTESIAN_POINT('',(6.071275675808E0,5.942329469921E0,-9.678839723104E0));
#714=CARTESIAN_POINT('',(5.922097376652E0,6.019365670319E0,-9.844126428119E0));
#715=CARTESIAN_POINT('',(5.808470738349E0,6.034695701361E0,-9.925534046996E0));
#716=CARTESIAN_POINT('',(5.75E0,6.034695701361E0,-9.959292143521E0));
#718=CARTESIAN_POINT('',(5.75E0,6.034695701361E0,-9.959292143521E0));
#719=CARTESIAN_POINT('',(5.690522003553E0,6.034695701361E0,-9.993631780781E0));
#720=CARTESIAN_POINT('',(5.561642275100E0,6.018693774667E0,-1.005154350150E1));
#721=CARTESIAN_POINT('',(5.346131708301E0,5.942011432251E0,-1.009717784657E1));
#722=CARTESIAN_POINT('',(5.113353562923E0,5.806320845426E0,-1.009319978224E1));
#723=CARTESIAN_POINT('',(4.959102746899E0,5.678479238329E0,-1.005342390728E1));
#724=CARTESIAN_POINT('',(4.883943362671E0,5.605430064134E0,-1.002385931346E1));
#726=CARTESIAN_POINT('',(-4.883943362671E0,5.605430064134E0,-1.002385931346E1));
#727=CARTESIAN_POINT('',(-4.958954475931E0,5.678335130286E0,-1.005336558361E1));
#728=CARTESIAN_POINT('',(-5.113095360585E0,5.806135464352E0,-1.009315972241E1));
#729=CARTESIAN_POINT('',(-5.346483241462E0,5.942329469921E0,-1.009729883018E1));
#730=CARTESIAN_POINT('',(-5.564214876491E0,6.019365670319E0,-1.005074998593E1));
#731=CARTESIAN_POINT('',(-5.691529261651E0,6.034695701361E0,-9.993050240046E0));
#732=CARTESIAN_POINT('',(-5.75E0,6.034695701361E0,-9.959292143521E0));
#734=CARTESIAN_POINT('',(-5.75E0,6.034695701361E0,-9.959292143521E0));
#735=CARTESIAN_POINT('',(-5.809477996447E0,6.034695701361E0,-9.924952506261E0));
#736=CARTESIAN_POINT('',(-5.924070881990E0,6.018693774667E0,-9.842295247746E0));
#737=CARTESIAN_POINT('',(-6.071346667509E0,5.942011432251E0,-9.678474794652E0));
#738=CARTESIAN_POINT('',(-6.184290635428E0,5.806320845426E0,-9.474893975142E0));
#739=CARTESIAN_POINT('',(-6.226969125268E0,5.678479238329E0,-9.321420912432E0));
#740=CARTESIAN_POINT('',(-6.238945128081E0,5.605430064134E0,-9.241548679447E0));
#742=CARTESIAN_POINT('',(4.883943362671E0,5.605430064134E0,1.002385931346E1));
#743=CARTESIAN_POINT('',(4.958954475931E0,5.678335130286E0,1.005336558361E1));
#744=CARTESIAN_POINT('',(5.113095360585E0,5.806135464352E0,1.009315972241E1));
#745=CARTESIAN_POINT('',(5.346483241462E0,5.942329469921E0,1.009729883018E1));
#746=CARTESIAN_POINT('',(5.564214876491E0,6.019365670319E0,1.005074998593E1));
#747=CARTESIAN_POINT('',(5.691529261651E0,6.034695701361E0,9.993050240046E0));
#748=CARTESIAN_POINT('',(5.75E0,6.034695701361E0,9.959292143521E0));
#750=CARTESIAN_POINT('',(5.75E0,6.034695701361E0,9.959292143521E0));
#751=CARTESIAN_POINT('',(5.809477996447E0,6.034695701361E0,9.924952506261E0));
#752=CARTESIAN_POINT('',(5.924070881990E0,6.018693774667E0,9.842295247746E0));
#753=CARTESIAN_POINT('',(6.071346667509E0,5.942011432251E0,9.678474794652E0));
#754=CARTESIAN_POINT('',(6.184290635428E0,5.806320845426E0,9.474893975142E0));
#755=CARTESIAN_POINT('',(6.226969125268E0,5.678479238329E0,9.321420912432E0));
#756=CARTESIAN_POINT('',(6.238945128081E0,5.605430064134E0,9.241548679447E0));
#758=CARTESIAN_POINT('',(1.112288849075E1,5.605430064134E0,7.823106340122E-1));
#759=CARTESIAN_POINT('',(1.118594722691E1,5.678335130286E0,7.321022394389E-1));
#760=CARTESIAN_POINT('',(1.129748040435E1,5.806135464352E0,6.185093869664E-1));
#761=CARTESIAN_POINT('',(1.141775891727E1,5.942329469921E0,4.184591070763E-1));
#762=CARTESIAN_POINT('',(1.148631225314E1,6.019365670319E0,2.066235578065E-1));
#763=CARTESIAN_POINT('',(1.15E1,6.034695701361E0,6.751619305068E-2));
#764=CARTESIAN_POINT('',(1.15E1,6.034695701361E0,0.E0));
#766=DIRECTION('',(-6.315233119552E-1,-7.753568897335E-1,0.E0));
#767=VECTOR('',#766,8.929371088997E0);
#768=CARTESIAN_POINT('',(1.713910600380E1,1.295814509620E1,0.E0));
#769=LINE('',#768,#767);
#770=CARTESIAN_POINT('',(0.E0,1.295814509620E1,0.E0));
#771=DIRECTION('',(0.E0,-1.E0,0.E0));
#772=DIRECTION('',(1.E0,0.E0,0.E0));
#773=AXIS2_PLACEMENT_3D('',#770,#771,#772);
#775=DIRECTION('',(6.315233119552E-1,-7.753568897335E-1,0.E0));
#776=VECTOR('',#775,8.929371088997E0);
#777=CARTESIAN_POINT('',(-1.713910600380E1,1.295814509620E1,0.E0));
#778=LINE('',#777,#776);
#779=CARTESIAN_POINT('',(-1.15E1,6.034695701361E0,0.E0));
#780=CARTESIAN_POINT('',(-1.15E1,6.034695701361E0,6.867927451923E-2));
#781=CARTESIAN_POINT('',(-1.148571315709E1,6.018693774667E0,2.092482537503E-1));
#782=CARTESIAN_POINT('',(-1.141747837581E1,5.942011432251E0,4.187030519190E-1));
#783=CARTESIAN_POINT('',(-1.129764419835E1,5.806320845426E0,6.183058070962E-1));
#784=CARTESIAN_POINT('',(-1.118607187217E1,5.678479238329E0,7.320029948477E-1));
#785=CARTESIAN_POINT('',(-1.112288849075E1,5.605430064134E0,7.823106340122E-1));
#787=CARTESIAN_POINT('',(-6.238945128081E0,5.605430064134E0,9.241548679447E0));
#788=CARTESIAN_POINT('',(-6.226992750974E0,5.678335130286E0,9.321263344173E0));
#789=CARTESIAN_POINT('',(-6.184385043769E0,5.806135464352E0,9.474650335444E0));
#790=CARTESIAN_POINT('',(-6.071275675808E0,5.942329469921E0,9.678839723104E0));
#791=CARTESIAN_POINT('',(-5.922097376652E0,6.019365670319E0,9.844126428119E0));
#792=CARTESIAN_POINT('',(-5.808470738349E0,6.034695701361E0,9.925534046996E0));
#793=CARTESIAN_POINT('',(-5.75E0,6.034695701361E0,9.959292143521E0));
#795=CARTESIAN_POINT('',(-5.75E0,6.034695701361E0,9.959292143521E0));
#796=CARTESIAN_POINT('',(-5.690522003553E0,6.034695701361E0,9.993631780781E0));
#797=CARTESIAN_POINT('',(-5.561642275100E0,6.018693774667E0,1.005154350150E1));
#798=CARTESIAN_POINT('',(-5.346131708301E0,5.942011432251E0,1.009717784657E1));
#799=CARTESIAN_POINT('',(-5.113353562923E0,5.806320845426E0,1.009319978224E1));
#800=CARTESIAN_POINT('',(-4.959102746899E0,5.678479238329E0,1.005342390728E1));
#801=CARTESIAN_POINT('',(-4.883943362671E0,5.605430064134E0,1.002385931346E1));
#803=CARTESIAN_POINT('',(4.883943362671E0,5.605430064134E0,1.002385931346E1));
#804=CARTESIAN_POINT('',(4.806710118586E0,5.530365256743E0,9.993478948928E0));
#805=CARTESIAN_POINT('',(4.667127637959E0,5.386493234239E0,9.916628313880E0));
#806=CARTESIAN_POINT('',(4.500448582527E0,5.197573838150E0,9.766909855077E0));
#807=CARTESIAN_POINT('',(4.378001840338E0,5.040524893713E0,9.596540536692E0));
#808=CARTESIAN_POINT('',(4.297823295082E0,4.915026382344E0,9.417640925745E0));
#809=CARTESIAN_POINT('',(4.254918447496E0,4.816797317736E0,9.238118784202E0));
#810=CARTESIAN_POINT('',(4.245649321722E0,4.739678283967E0,9.057683323566E0));
#811=CARTESIAN_POINT('',(4.265655840717E0,4.685435943623E0,8.895687235404E0));
#812=CARTESIAN_POINT('',(4.306237372840E0,4.647178040361E0,8.752545639640E0));
#813=CARTESIAN_POINT('',(4.362504880814E0,4.620103736194E0,8.625767199953E0));
#814=CARTESIAN_POINT('',(4.434544642012E0,4.600414100570E0,8.508916824108E0));
#815=CARTESIAN_POINT('',(4.524561632774E0,4.586699425690E0,8.400057240766E0));
#816=CARTESIAN_POINT('',(4.630726823222E0,4.578770679084E0,8.303778412154E0));
#817=CARTESIAN_POINT('',(4.709157877874E0,4.577086559585E0,8.250821546156E0));
#818=CARTESIAN_POINT('',(4.75E0,4.577086559585E0,8.227241335952E0));
#820=CARTESIAN_POINT('',(0.E0,5.605430064134E0,0.E0));
#821=DIRECTION('',(0.E0,-1.E0,0.E0));
#822=DIRECTION('',(4.380074549958E-1,0.E0,8.989713395699E-1));
#823=AXIS2_PLACEMENT_3D('',#820,#821,#822);
#825=CARTESIAN_POINT('',(-4.75E0,4.577086559585E0,8.227241335952E0));
#826=CARTESIAN_POINT('',(-4.706284411953E0,4.577086559585E0,8.252480542479E0));
#827=CARTESIAN_POINT('',(-4.622850137860E0,4.579002971612E0,8.309398783330E0));
#828=CARTESIAN_POINT('',(-4.511149342872E0,4.588080568225E0,8.413793929520E0));
#829=CARTESIAN_POINT('',(-4.419616958166E0,4.603481886168E0,8.529807617399E0));
#830=CARTESIAN_POINT('',(-4.346580271249E0,4.625847594795E0,8.656017597045E0));
#831=CARTESIAN_POINT('',(-4.289753792107E0,4.658491786333E0,8.799297053012E0));
#832=CARTESIAN_POINT('',(-4.252894790490E0,4.706377575753E0,8.964250673476E0));
#833=CARTESIAN_POINT('',(-4.245513129393E0,4.778268083684E0,9.154996979113E0));
#834=CARTESIAN_POINT('',(-4.276869190893E0,4.875339574886E0,9.351737137037E0));
#835=CARTESIAN_POINT('',(-4.351050972169E0,5.002753775461E0,9.549059986230E0));
#836=CARTESIAN_POINT('',(-4.474664478383E0,5.166988861953E0,9.739050523325E0));
#837=CARTESIAN_POINT('',(-4.649497291316E0,5.367909910689E0,9.905662312857E0));
#838=CARTESIAN_POINT('',(-4.799940190065E0,5.523785403902E0,9.990815938993E0));
#839=CARTESIAN_POINT('',(-4.883943362671E0,5.605430064134E0,1.002385931346E1));
#841=CARTESIAN_POINT('',(-6.238945128081E0,5.605430064134E0,9.241548679447E0));
#842=CARTESIAN_POINT('',(-6.251251582663E0,5.530365256743E0,9.159472545787E0));
#843=CARTESIAN_POINT('',(-6.254488220729E0,5.386493234239E0,9.000165254117E0));
#844=CARTESIAN_POINT('',(-6.208167759706E0,5.197573838150E0,8.780957728432E0));
#845=CARTESIAN_POINT('',(-6.121846973053E0,5.040524893713E0,8.589731079893E0));
#846=CARTESIAN_POINT('',(-6.007004637874E0,4.915026382344E0,8.430844617390E0));
#847=CARTESIAN_POINT('',(-5.872986326549E0,4.816797317736E0,8.303926858664E0));
#848=CARTESIAN_POINT('',(-5.721359196782E0,4.739678283967E0,8.205681829954E0));
#849=CARTESIAN_POINT('',(-5.571063209623E0,4.685435943623E0,8.142009939564E0));
#850=CARTESIAN_POINT('',(-5.426808185291E0,4.647178040361E0,8.105583779425E0));
#851=CARTESIAN_POINT('',(-5.288881081883E0,4.620103736194E0,8.090923650895E0));
#852=CARTESIAN_POINT('',(-5.151665807360E0,4.600414100570E0,8.094886726253E0));
#853=CARTESIAN_POINT('',(-5.012382147360E0,4.586699425690E0,8.118413935354E0));
#854=CARTESIAN_POINT('',(-4.875919640711E0,4.578770679084E0,8.162216272974E0));
#855=CARTESIAN_POINT('',(-4.790842122126E0,4.577086559585E0,8.203661125749E0));
#856=CARTESIAN_POINT('',(-4.75E0,4.577086559585E0,8.227241335952E0));
#858=CARTESIAN_POINT('',(0.E0,5.605430064134E0,0.E0));
#859=DIRECTION('',(0.E0,-1.E0,0.E0));
#860=DIRECTION('',(-5.595282898438E-1,0.E0,8.288112528583E-1));
#861=AXIS2_PLACEMENT_3D('',#858,#859,#860);
#863=CARTESIAN_POINT('',(-9.5E0,4.577086559585E0,0.E0));
#864=CARTESIAN_POINT('',(-9.5E0,4.577086559585E0,7.966196149193E-2));
#865=CARTESIAN_POINT('',(-9.519147021186E0,4.581863166379E0,2.377739657166E-1));
#866=CARTESIAN_POINT('',(-9.600813210193E0,4.604213063942E0,4.574707175598E-1));
#867=CARTESIAN_POINT('',(-9.729103415778E0,4.644763617361E0,6.514575073405E-1));
#868=CARTESIAN_POINT('',(-9.904613879884E0,4.711531927247E0,8.149021759308E-1));
#869=CARTESIAN_POINT('',(-1.010866179685E1,4.805435526592E0,9.305893426591E-1));
#870=CARTESIAN_POINT('',(-1.035012090862E1,4.940074696239E0,9.999820362784E-1));
#871=CARTESIAN_POINT('',(-1.061693816963E1,5.122609872089E0,1.005497179280E0));
#872=CARTESIAN_POINT('',(-1.088498678303E1,5.348898870883E0,9.367193123862E-1));
#873=CARTESIAN_POINT('',(-1.104736339777E1,5.518112077191E0,8.424449452915E-1));
#874=CARTESIAN_POINT('',(-1.112288849075E1,5.605430064134E0,7.823106340122E-1));
#876=CARTESIAN_POINT('',(-8.824295168107E0,7.5E0,0.E0));
#877=DIRECTION('',(0.E0,0.E0,1.E0));
#878=DIRECTION('',(-2.252349439643E-1,-9.743044801382E-1,0.E0));
#879=AXIS2_PLACEMENT_3D('',#876,#877,#878);
#881=CARTESIAN_POINT('',(8.824295168107E0,7.5E0,0.E0));
#882=DIRECTION('',(0.E0,0.E0,-1.E0));
#883=DIRECTION('',(2.252349439643E-1,-9.743044801382E-1,0.E0));
#884=AXIS2_PLACEMENT_3D('',#881,#882,#883);
#886=CARTESIAN_POINT('',(1.112288849075E1,5.605430064134E0,7.823106340122E-1));
#887=CARTESIAN_POINT('',(1.105778097922E1,5.530156315805E0,8.341502969686E-1));
#888=CARTESIAN_POINT('',(1.092106089846E1,5.385929717661E0,9.167603443276E-1));
#889=CARTESIAN_POINT('',(1.070759744797E1,5.196726957275E0,9.861914188421E-1));
#890=CARTESIAN_POINT('',(1.049854881446E1,5.039613742481E0,1.006821382935E0));
#891=CARTESIAN_POINT('',(1.030341282986E1,4.914178932460E0,9.865207912842E-1));
#892=CARTESIAN_POINT('',(1.012650815975E1,4.816075799152E0,9.336395630990E-1));
#893=CARTESIAN_POINT('',(9.965678645233E0,4.739086028905E0,8.511671185370E-1));
#894=CARTESIAN_POINT('',(9.835643767046E0,4.685017808388E0,7.527161530569E-1));
#895=CARTESIAN_POINT('',(9.732258017169E0,4.646905229415E0,6.460113751030E-1));
#896=CARTESIAN_POINT('',(9.650858880443E0,4.619938850347E0,5.339847940908E-1));
#897=CARTESIAN_POINT('',(9.585897104839E0,4.600324329755E0,4.133207062918E-1));
#898=CARTESIAN_POINT('',(9.536774822984E0,4.586654469729E0,2.810250152691E-1));
#899=CARTESIAN_POINT('',(9.506621535330E0,4.578764519007E0,1.412687309761E-1));
#900=CARTESIAN_POINT('',(9.5E0,4.577086559585E0,4.705933015228E-2));
#901=CARTESIAN_POINT('',(9.5E0,4.577086559585E0,0.E0));
#903=CARTESIAN_POINT('',(0.E0,5.605430064134E0,0.E0));
#904=DIRECTION('',(0.E0,-1.E0,0.E0));
#905=DIRECTION('',(9.975357448396E-1,0.E0,7.016008671166E-2));
#906=AXIS2_PLACEMENT_3D('',#903,#904,#905);
#908=CARTESIAN_POINT('',(4.75E0,4.577086559585E0,8.227241335952E0));
#909=CARTESIAN_POINT('',(4.793715588047E0,4.577086559585E0,8.202002129426E0));
#910=CARTESIAN_POINT('',(4.884725367609E0,4.579002971612E0,8.158205048940E0));
#911=CARTESIAN_POINT('',(5.030984613736E0,4.588080568225E0,8.113666895952E0));
#912=CARTESIAN_POINT('',(5.177221606978E0,4.603481886168E0,8.092404369468E0));
#913=CARTESIAN_POINT('',(5.323040999021E0,4.625847594795E0,8.092257733012E0));
#914=CARTESIAN_POINT('',(5.475537887300E0,4.658491786333E0,8.114684286451E0));
#915=CARTESIAN_POINT('',(5.636821413877E0,4.706377575753E0,8.165240264925E0));
#916=CARTESIAN_POINT('',(5.805703390785E0,4.778268083684E0,8.254220711712E0));
#917=CARTESIAN_POINT('',(5.960407334742E0,4.875339574886E0,8.379745936494E0));
#918=CARTESIAN_POINT('',(6.094203044252E0,5.002753775461E0,8.542650668175E0));
#919=CARTESIAN_POINT('',(6.196932922748E0,5.166988861953E0,8.744698373354E0));
#920=CARTESIAN_POINT('',(6.253806558586E0,5.367909910689E0,8.979413925535E0));
#921=CARTESIAN_POINT('',(6.252330312670E0,5.523785403902E0,9.152278110738E0));
#922=CARTESIAN_POINT('',(6.238945128081E0,5.605430064134E0,9.241548679447E0));
#924=DIRECTION('',(0.E0,-1.E0,0.E0));
#925=VECTOR('',#924,4.014695701361E0);
#926=CARTESIAN_POINT('',(-5.75E0,6.034695701361E0,9.959292143521E0));
#927=LINE('',#926,#925);
#928=DIRECTION('',(0.E0,-1.E0,0.E0));
#929=VECTOR('',#928,2.477919067835E0);
#930=CARTESIAN_POINT('',(-4.75E0,4.577086559585E0,8.227241335952E0));
#931=LINE('',#930,#929);
#932=CARTESIAN_POINT('',(4.75E0,2.099167491750E0,8.227241335952E0));
#933=CARTESIAN_POINT('',(4.726289592168E0,2.099167491750E0,8.240930546297E0));
#934=CARTESIAN_POINT('',(4.680123989923E0,2.097561415358E0,8.270173397381E0));
#935=CARTESIAN_POINT('',(4.614771711150E0,2.090644701327E0,8.319513854084E0));
#936=CARTESIAN_POINT('',(4.554569213341E0,2.080241608282E0,8.373194215852E0));
#937=CARTESIAN_POINT('',(4.499216678205E0,2.067586124138E0,8.431062856699E0));
#938=CARTESIAN_POINT('',(4.446436657049E0,2.053314583238E0,8.495941397202E0));
#939=CARTESIAN_POINT('',(4.395495590505E0,2.038467677290E0,8.570975194605E0));
#940=CARTESIAN_POINT('',(4.347019456050E0,2.025141634064E0,8.659042130605E0));
#941=CARTESIAN_POINT('',(4.316724284670E0,2.02E0,8.731682752680E0));
#942=CARTESIAN_POINT('',(4.303266607912E0,2.02E0,8.771248286375E0));
#944=CARTESIAN_POINT('',(5.444490534945E0,2.02E0,8.112362344896E0));
#945=CARTESIAN_POINT('',(5.389981660952E0,2.02E0,8.101554502544E0));
#946=CARTESIAN_POINT('',(5.276498598256E0,2.029285232424E0,8.088392967080E0));
#947=CARTESIAN_POINT('',(5.094401833795E0,2.060248148944E0,8.099697247967E0));
#948=CARTESIAN_POINT('',(4.914821170792E0,2.090773257172E0,8.145100092312E0));
#949=CARTESIAN_POINT('',(4.803114043077E0,2.099167491750E0,8.196575928884E0));
#950=CARTESIAN_POINT('',(4.75E0,2.099167491750E0,8.227241335952E0));
#952=CARTESIAN_POINT('',(0.E0,2.02E0,0.E0));
#953=DIRECTION('',(0.E0,-1.E0,0.E0));
#954=DIRECTION('',(9.977233513672E-1,0.E0,6.743970741844E-2));
#955=AXIS2_PLACEMENT_3D('',#952,#953,#954);
#957=CARTESIAN_POINT('',(9.5E0,2.099167491750E0,0.E0));
#958=CARTESIAN_POINT('',(9.5E0,2.099167491750E0,2.737842068903E-2));
#959=CARTESIAN_POINT('',(9.502242250796E0,2.097561415358E0,8.198043055630E-2));
#960=CARTESIAN_POINT('',(9.512296200348E0,2.090644701327E0,1.632473925199E-1));
#961=CARTESIAN_POINT('',(9.528683508420E0,2.080241608282E0,2.422244658786E-1));
#962=CARTESIAN_POINT('',(9.551122953907E0,2.067586124138E0,3.190954878931E-1));
#963=CARTESIAN_POINT('',(9.580919407565E0,2.053314583238E0,3.972435972777E-1));
#964=CARTESIAN_POINT('',(9.620430048987E0,2.038467677290E0,4.788767537026E-1));
#965=CARTESIAN_POINT('',(9.672460185568E0,2.025141634064E0,5.648917856175E-1));
#966=CARTESIAN_POINT('',(9.720221223942E0,2.02E0,6.274484846821E-1));
#967=CARTESIAN_POINT('',(9.747757142857E0,2.02E0,6.588859414782E-1));
#969=CARTESIAN_POINT('',(9.77E0,2.52E0,0.E0));
#970=DIRECTION('',(0.E0,0.E0,-1.E0));
#971=DIRECTION('',(-5.4E-1,-8.416650165E-1,0.E0));
#972=AXIS2_PLACEMENT_3D('',#969,#970,#971);
#974=CARTESIAN_POINT('',(-9.77E0,2.52E0,0.E0));
#975=DIRECTION('',(0.E0,0.E0,1.E0));
#976=DIRECTION('',(5.4E-1,-8.416650165E-1,0.E0));
#977=AXIS2_PLACEMENT_3D('',#974,#975,#976);
#979=CARTESIAN_POINT('',(-9.747757142857E0,2.02E0,6.588859414782E-1));
#980=CARTESIAN_POINT('',(-9.719743635225E0,2.02E0,6.269032268787E-1));
#981=CARTESIAN_POINT('',(-9.671312943007E0,2.025314069769E0,5.633045078708E-1));
#982=CARTESIAN_POINT('',(-9.618912938277E0,2.038937346258E0,4.761350231622E-1));
#983=CARTESIAN_POINT('',(-9.579458627562E0,2.053943413365E0,3.938662582036E-1));
#984=CARTESIAN_POINT('',(-9.549957861730E0,2.068202631859E0,3.155885009456E-1));
#985=CARTESIAN_POINT('',(-9.527931994332E0,2.080700990488E0,2.391106922827E-1));
#986=CARTESIAN_POINT('',(-9.511955436891E0,2.090875572816E0,1.609879268229E-1));
#987=CARTESIAN_POINT('',(-9.502183755097E0,2.097603834228E0,8.087520756860E-2));
#988=CARTESIAN_POINT('',(-9.5E0,2.099167491750E0,2.700621341772E-2));
#989=CARTESIAN_POINT('',(-9.5E0,2.099167491750E0,0.E0));
#991=CARTESIAN_POINT('',(0.E0,2.02E0,0.E0));
#992=DIRECTION('',(0.E0,-1.E0,0.E0));
#993=DIRECTION('',(-5.572661755317E-1,0.E0,8.303339145237E-1));
#994=AXIS2_PLACEMENT_3D('',#991,#992,#993);
#996=CARTESIAN_POINT('',(-4.75E0,2.099167491750E0,8.227241335952E0));
#997=CARTESIAN_POINT('',(-4.773710407832E0,2.099167491750E0,8.213552125608E0));
#998=CARTESIAN_POINT('',(-4.822118260873E0,2.097561415358E0,8.188192966825E0));
#999=CARTESIAN_POINT('',(-4.897524489198E0,2.090644701327E0,8.156266461564E0));
#1000=CARTESIAN_POINT('',(-4.974114295079E0,2.080241608282E0,8.130969749974E0));
#1001=CARTESIAN_POINT('',(-5.051906275702E0,2.067586124138E0,8.111967368806E0));
#1002=CARTESIAN_POINT('',(-5.134482750516E0,2.053314583238E0,8.098697799924E0));
#1003=CARTESIAN_POINT('',(-5.224934458482E0,2.038467677290E0,8.092098440903E0));
#1004=CARTESIAN_POINT('',(-5.325440729518E0,2.025141634064E0,8.094150344987E0));
#1005=CARTESIAN_POINT('',(-5.403496939272E0,2.02E0,8.104234267997E0));
#1006=CARTESIAN_POINT('',(-5.444490534945E0,2.02E0,8.112362344896E0));
#1008=CARTESIAN_POINT('',(-4.303266607912E0,2.02E0,8.771248286375E0));
#1009=CARTESIAN_POINT('',(-4.321161178871E0,2.02E0,8.718638295588E0));
#1010=CARTESIAN_POINT('',(-4.366504486154E0,2.029285232424E0,8.613778312663E0));
#1011=CARTESIAN_POINT('',(-4.467342662805E0,2.060248148944E0,8.461730029136E0));
#1012=CARTESIAN_POINT('',(-4.596453010913E0,2.090773257172E0,8.328910035120E0));
#1013=CARTESIAN_POINT('',(-4.696885956923E0,2.099167491750E0,8.257906743020E0));
#1014=CARTESIAN_POINT('',(-4.75E0,2.099167491750E0,8.227241335952E0));
#1016=CARTESIAN_POINT('',(0.E0,2.02E0,0.E0));
#1017=DIRECTION('',(0.E0,-1.E0,0.E0));
#1018=DIRECTION('',(4.404571758354E-1,0.E0,8.977736219421E-1));
#1019=AXIS2_PLACEMENT_3D('',#1016,#1017,#1018);
#1021=DIRECTION('',(0.E0,-1.E0,0.E0));
#1022=VECTOR('',#1021,4.014695701361E0);
#1023=CARTESIAN_POINT('',(5.75E0,6.034695701361E0,9.959292143521E0));
#1024=LINE('',#1023,#1022);
#1025=DIRECTION('',(0.E0,-1.E0,0.E0));
#1026=VECTOR('',#1025,2.477919067835E0);
#1027=CARTESIAN_POINT('',(4.75E0,4.577086559585E0,8.227241335952E0));
#1028=LINE('',#1027,#1026);
#1029=CARTESIAN_POINT('',(5.25E0,2.02E0,9.093266739737E0));
#1030=DIRECTION('',(0.E0,-1.E0,0.E0));
#1031=DIRECTION('',(9.572358277739E-1,0.E0,2.893087797250E-1));
#1032=AXIS2_PLACEMENT_3D('',#1029,#1030,#1031);
#1034=CARTESIAN_POINT('',(5.25E0,2.02E0,9.093266739737E0));
#1035=DIRECTION('',(0.E0,1.E0,0.E0));
#1036=DIRECTION('',(-2.280691611073E-1,0.E0,9.736449341273E-1));
#1037=AXIS2_PLACEMENT_3D('',#1034,#1035,#1036);
#1039=CARTESIAN_POINT('',(0.E0,1.3E0,0.E0));
#1040=DIRECTION('',(0.E0,1.E0,0.E0));
#1041=DIRECTION('',(4.736571848034E-1,0.E0,8.807093001009E-1));
#1042=AXIS2_PLACEMENT_3D('',#1039,#1040,#1041);
#1044=CARTESIAN_POINT('',(0.E0,1.3E0,0.E0));
#1045=DIRECTION('',(0.E0,-1.E0,0.E0));
#1046=DIRECTION('',(9.995452196382E-1,0.E0,3.015549532567E-2));
#1047=AXIS2_PLACEMENT_3D('',#1044,#1045,#1046);
#1049=CARTESIAN_POINT('',(0.E0,1.3E0,0.E0));
#1050=DIRECTION('',(0.E0,1.E0,0.E0));
#1051=DIRECTION('',(9.995452196382E-1,0.E0,3.015549532568E-2));
#1052=AXIS2_PLACEMENT_3D('',#1049,#1050,#1051);
#1054=DIRECTION('',(0.E0,1.E0,0.E0));
#1055=VECTOR('',#1054,7.2E-1);
#1056=CARTESIAN_POINT('',(1.125E1,1.3E0,0.E0));
#1057=LINE('',#1056,#1055);
#1058=CARTESIAN_POINT('',(0.E0,2.02E0,0.E0));
#1059=DIRECTION('',(0.E0,1.E0,0.E0));
#1060=DIRECTION('',(9.981481481481E-1,0.E0,6.082988039132E-2));
#1061=AXIS2_PLACEMENT_3D('',#1058,#1059,#1060);
#1063=CARTESIAN_POINT('',(0.E0,2.02E0,0.E0));
#1064=DIRECTION('',(0.E0,1.E0,0.E0));
#1065=DIRECTION('',(4.463938523460E-1,0.E0,8.948365932324E-1));
#1066=AXIS2_PLACEMENT_3D('',#1063,#1064,#1065);
#1068=CARTESIAN_POINT('',(0.E0,2.02E0,0.E0));
#1069=DIRECTION('',(0.E0,1.E0,0.E0));
#1070=DIRECTION('',(-5.517542958021E-1,0.E0,8.340067128410E-1));
#1071=AXIS2_PLACEMENT_3D('',#1068,#1069,#1070);
#1073=CARTESIAN_POINT('',(0.E0,2.02E0,0.E0));
#1074=DIRECTION('',(0.E0,1.E0,0.E0));
#1075=DIRECTION('',(-1.E0,0.E0,0.E0));
#1076=AXIS2_PLACEMENT_3D('',#1073,#1074,#1075);
#1078=DIRECTION('',(0.E0,1.E0,0.E0));
#1079=VECTOR('',#1078,7.2E-1);
#1080=CARTESIAN_POINT('',(-1.125E1,1.3E0,0.E0));
#1081=LINE('',#1080,#1079);
#1082=CARTESIAN_POINT('',(0.E0,1.3E0,0.E0));
#1083=DIRECTION('',(0.E0,1.E0,0.E0));
#1084=DIRECTION('',(-1.E0,0.E0,0.E0));
#1085=AXIS2_PLACEMENT_3D('',#1082,#1083,#1084);
#1087=CARTESIAN_POINT('',(0.E0,1.3E0,0.E0));
#1088=DIRECTION('',(0.E0,-1.E0,0.E0));
#1089=DIRECTION('',(-5.258880348349E-1,0.E0,8.505538047752E-1));
#1090=AXIS2_PLACEMENT_3D('',#1087,#1088,#1089);
#1092=CARTESIAN_POINT('',(0.E0,1.3E0,0.E0));
#1093=DIRECTION('',(0.E0,1.E0,0.E0));
#1094=DIRECTION('',(-5.258880348349E-1,0.E0,8.505538047752E-1));
#1095=AXIS2_PLACEMENT_3D('',#1092,#1093,#1094);
#1097=CARTESIAN_POINT('',(0.E0,1.3E0,0.E0));
#1098=DIRECTION('',(0.E0,-1.E0,0.E0));
#1099=DIRECTION('',(4.736571848034E-1,0.E0,8.807093001009E-1));
#1100=AXIS2_PLACEMENT_3D('',#1097,#1098,#1099);
#1102=CARTESIAN_POINT('',(5.375E0,1.3E0,9.309773090683E0));
#1103=DIRECTION('',(0.E0,1.E0,0.E0));
#1104=DIRECTION('',(-7.726111826987E-2,0.E0,9.970108924198E-1));
#1105=AXIS2_PLACEMENT_3D('',#1102,#1103,#1104);
#1107=CARTESIAN_POINT('',(0.E0,1.3E0,0.E0));
#1108=DIRECTION('',(0.E0,1.E0,0.E0));
#1109=DIRECTION('',(1.E0,0.E0,0.E0));
#1110=AXIS2_PLACEMENT_3D('',#1107,#1108,#1109);
#1112=CARTESIAN_POINT('',(0.E0,1.3E0,0.E0));
#1113=DIRECTION('',(0.E0,-1.E0,0.E0));
#1114=DIRECTION('',(1.E0,0.E0,0.E0));
#1115=AXIS2_PLACEMENT_3D('',#1112,#1113,#1114);
#1117=CARTESIAN_POINT('',(5.375E0,1.3E0,9.309773090683E0));
#1118=DIRECTION('',(0.E0,1.E0,0.E0));
#1119=DIRECTION('',(-5.E-1,0.E0,-8.660254037844E-1));
#1120=AXIS2_PLACEMENT_3D('',#1117,#1118,#1119);
#1122=CARTESIAN_POINT('',(-5.375E0,1.3E0,9.309773090683E0));
#1123=DIRECTION('',(0.E0,1.E0,0.E0));
#1124=DIRECTION('',(7.726111826987E-2,0.E0,9.970108924198E-1));
#1125=AXIS2_PLACEMENT_3D('',#1122,#1123,#1124);
#1127=CARTESIAN_POINT('',(-5.375E0,1.3E0,9.309773090683E0));
#1128=DIRECTION('',(0.E0,1.E0,0.E0));
#1129=DIRECTION('',(5.E-1,0.E0,-8.660254037844E-1));
#1130=AXIS2_PLACEMENT_3D('',#1127,#1128,#1129);
#1132=CARTESIAN_POINT('',(-1.075E1,1.3E0,0.E0));
#1133=DIRECTION('',(0.E0,1.E0,0.E0));
#1134=DIRECTION('',(-8.248062015504E-1,0.E0,5.654155373564E-1));
#1135=AXIS2_PLACEMENT_3D('',#1132,#1133,#1134);
#1137=CARTESIAN_POINT('',(-1.075E1,1.3E0,0.E0));
#1138=DIRECTION('',(0.E0,1.E0,0.E0));
#1139=DIRECTION('',(1.E0,0.E0,0.E0));
#1140=AXIS2_PLACEMENT_3D('',#1137,#1138,#1139);
#1142=CARTESIAN_POINT('',(-5.375E0,1.3E0,-9.309773090683E0));
#1143=DIRECTION('',(0.E0,1.E0,0.E0));
#1144=DIRECTION('',(-9.020673198203E-1,0.E0,-4.315953550634E-1));
#1145=AXIS2_PLACEMENT_3D('',#1142,#1143,#1144);
#1147=CARTESIAN_POINT('',(-5.375E0,1.3E0,-9.309773090683E0));
#1148=DIRECTION('',(0.E0,1.E0,0.E0));
#1149=DIRECTION('',(5.E-1,0.E0,8.660254037844E-1));
#1150=AXIS2_PLACEMENT_3D('',#1147,#1148,#1149);
#1152=CARTESIAN_POINT('',(5.375E0,1.3E0,-9.309773090683E0));
#1153=DIRECTION('',(0.E0,1.E0,0.E0));
#1154=DIRECTION('',(-7.726111826987E-2,0.E0,-9.970108924198E-1));
#1155=AXIS2_PLACEMENT_3D('',#1152,#1153,#1154);
#1157=CARTESIAN_POINT('',(5.375E0,1.3E0,-9.309773090683E0));
#1158=DIRECTION('',(0.E0,1.E0,0.E0));
#1159=DIRECTION('',(-5.E-1,0.E0,8.660254037844E-1));
#1160=AXIS2_PLACEMENT_3D('',#1157,#1158,#1159);
#1162=CARTESIAN_POINT('',(1.075E1,1.3E0,0.E0));
#1163=DIRECTION('',(0.E0,1.E0,0.E0));
#1164=DIRECTION('',(8.248062015504E-1,0.E0,-5.654155373564E-1));
#1165=AXIS2_PLACEMENT_3D('',#1162,#1163,#1164);
#1167=CARTESIAN_POINT('',(1.075E1,1.3E0,0.E0));
#1168=DIRECTION('',(0.E0,1.E0,0.E0));
#1169=DIRECTION('',(-1.E0,0.E0,0.E0));
#1170=AXIS2_PLACEMENT_3D('',#1167,#1168,#1169);
#1172=CARTESIAN_POINT('',(5.375E0,1.3E0,9.309773090683E0));
#1173=DIRECTION('',(0.E0,1.E0,0.E0));
#1174=DIRECTION('',(9.020673198203E-1,0.E0,4.315953550634E-1));
#1175=AXIS2_PLACEMENT_3D('',#1172,#1173,#1174);
#1177=CARTESIAN_POINT('',(0.E0,2.52E0,0.E0));
#1178=DIRECTION('',(0.E0,1.E0,0.E0));
#1179=DIRECTION('',(1.E0,0.E0,0.E0));
#1180=AXIS2_PLACEMENT_3D('',#1177,#1178,#1179);
#1182=CARTESIAN_POINT('',(9.77E0,2.52E0,0.E0));
#1183=DIRECTION('',(0.E0,0.E0,1.E0));
#1184=DIRECTION('',(-1.E0,0.E0,0.E0));
#1185=AXIS2_PLACEMENT_3D('',#1182,#1183,#1184);
#1187=CARTESIAN_POINT('',(-9.77E0,2.52E0,0.E0));
#1188=DIRECTION('',(0.E0,0.E0,-1.E0));
#1189=DIRECTION('',(1.E0,0.E0,0.E0));
#1190=AXIS2_PLACEMENT_3D('',#1187,#1188,#1189);
#1192=CARTESIAN_POINT('',(0.E0,2.52E0,0.E0));
#1193=DIRECTION('',(0.E0,-1.E0,0.E0));
#1194=DIRECTION('',(1.E0,0.E0,0.E0));
#1195=AXIS2_PLACEMENT_3D('',#1192,#1193,#1194);
#1197=DIRECTION('',(0.E0,-1.E0,0.E0));
#1198=VECTOR('',#1197,1.48E0);
#1199=CARTESIAN_POINT('',(8.55E0,4.E0,0.E0));
#1200=LINE('',#1199,#1198);
#1201=DIRECTION('',(0.E0,-1.E0,0.E0));
#1202=VECTOR('',#1201,1.48E0);
#1203=CARTESIAN_POINT('',(-8.55E0,4.E0,0.E0));
#1204=LINE('',#1203,#1202);
#1205=CARTESIAN_POINT('',(0.E0,4.E0,0.E0));
#1206=DIRECTION('',(0.E0,-1.E0,0.E0));
#1207=DIRECTION('',(1.E0,0.E0,0.E0));
#1208=AXIS2_PLACEMENT_3D('',#1205,#1206,#1207);
#1210=CARTESIAN_POINT('',(0.E0,4.E0,0.E0));
#1211=DIRECTION('',(0.E0,1.E0,0.E0));
#1212=DIRECTION('',(1.E0,0.E0,0.E0));
#1213=AXIS2_PLACEMENT_3D('',#1210,#1211,#1212);
#1215=CARTESIAN_POINT('',(0.E0,4.E0,0.E0));
#1216=DIRECTION('',(0.E0,1.E0,0.E0));
#1217=DIRECTION('',(1.E0,0.E0,0.E0));
#1218=AXIS2_PLACEMENT_3D('',#1215,#1216,#1217);
#1220=CARTESIAN_POINT('',(0.E0,4.E0,0.E0));
#1221=DIRECTION('',(0.E0,-1.E0,0.E0));
#1222=DIRECTION('',(1.E0,0.E0,0.E0));
#1223=AXIS2_PLACEMENT_3D('',#1220,#1221,#1222);
#1225=CARTESIAN_POINT('',(0.E0,2.52E0,0.E0));
#1226=DIRECTION('',(0.E0,1.E0,0.E0));
#1227=DIRECTION('',(1.E0,0.E0,0.E0));
#1228=AXIS2_PLACEMENT_3D('',#1225,#1226,#1227);
#1230=DIRECTION('',(0.E0,1.E0,0.E0));
#1231=VECTOR('',#1230,1.48E0);
#1232=CARTESIAN_POINT('',(9.27E0,2.52E0,0.E0));
#1233=LINE('',#1232,#1231);
#1234=DIRECTION('',(0.E0,1.E0,0.E0));
#1235=VECTOR('',#1234,1.48E0);
#1236=CARTESIAN_POINT('',(-9.27E0,2.52E0,0.E0));
#1237=LINE('',#1236,#1235);
#1238=CARTESIAN_POINT('',(0.E0,2.52E0,0.E0));
#1239=DIRECTION('',(0.E0,-1.E0,0.E0));
#1240=DIRECTION('',(1.E0,0.E0,0.E0));
#1241=AXIS2_PLACEMENT_3D('',#1238,#1239,#1240);
#1243=CARTESIAN_POINT('',(-9.5E0,2.099167491750E0,0.E0));
#1244=CARTESIAN_POINT('',(-9.5E0,2.099167491750E0,-2.737842068902E-2));
#1245=CARTESIAN_POINT('',(-9.502242250796E0,2.097561415358E0,
-8.198043055629E-2));
#1246=CARTESIAN_POINT('',(-9.512296200348E0,2.090644701327E0,
-1.632473925199E-1));
#1247=CARTESIAN_POINT('',(-9.528683508420E0,2.080241608282E0,
-2.422244658786E-1));
#1248=CARTESIAN_POINT('',(-9.551122953907E0,2.067586124138E0,
-3.190954878931E-1));
#1249=CARTESIAN_POINT('',(-9.580919407565E0,2.053314583238E0,
-3.972435972777E-1));
#1250=CARTESIAN_POINT('',(-9.620430048987E0,2.038467677290E0,
-4.788767537026E-1));
#1251=CARTESIAN_POINT('',(-9.672460185568E0,2.025141634064E0,
-5.648917856175E-1));
#1252=CARTESIAN_POINT('',(-9.720221223942E0,2.02E0,-6.274484846821E-1));
#1253=CARTESIAN_POINT('',(-9.747757142857E0,2.02E0,-6.588859414782E-1));
#1255=CARTESIAN_POINT('',(9.747757142857E0,2.02E0,-6.588859414782E-1));
#1256=CARTESIAN_POINT('',(9.719743635225E0,2.02E0,-6.269032268787E-1));
#1257=CARTESIAN_POINT('',(9.671312943007E0,2.025314069769E0,
-5.633045078708E-1));
#1258=CARTESIAN_POINT('',(9.618912938277E0,2.038937346258E0,
-4.761350231622E-1));
#1259=CARTESIAN_POINT('',(9.579458627562E0,2.053943413365E0,
-3.938662582036E-1));
#1260=CARTESIAN_POINT('',(9.549957861730E0,2.068202631859E0,
-3.155885009456E-1));
#1261=CARTESIAN_POINT('',(9.527931994332E0,2.080700990488E0,
-2.391106922827E-1));
#1262=CARTESIAN_POINT('',(9.511955436891E0,2.090875572816E0,
-1.609879268229E-1));
#1263=CARTESIAN_POINT('',(9.502183755097E0,2.097603834228E0,
-8.087520756860E-2));
#1264=CARTESIAN_POINT('',(9.5E0,2.099167491750E0,-2.700621341772E-2));
#1265=CARTESIAN_POINT('',(9.5E0,2.099167491750E0,0.E0));
#1267=CARTESIAN_POINT('',(0.E0,2.02E0,0.E0));
#1268=DIRECTION('',(0.E0,1.E0,0.E0));
#1269=DIRECTION('',(9.977233513672E-1,0.E0,-6.743970741844E-2));
#1270=AXIS2_PLACEMENT_3D('',#1267,#1268,#1269);
#1272=CARTESIAN_POINT('',(4.75E0,2.099167491750E0,-8.227241335952E0));
#1273=CARTESIAN_POINT('',(4.773710407832E0,2.099167491750E0,-8.213552125608E0));
#1274=CARTESIAN_POINT('',(4.822118260873E0,2.097561415358E0,-8.188192966825E0));
#1275=CARTESIAN_POINT('',(4.897524489198E0,2.090644701327E0,-8.156266461564E0));
#1276=CARTESIAN_POINT('',(4.974114295079E0,2.080241608282E0,-8.130969749974E0));
#1277=CARTESIAN_POINT('',(5.051906275702E0,2.067586124138E0,-8.111967368806E0));
#1278=CARTESIAN_POINT('',(5.134482750516E0,2.053314583238E0,-8.098697799924E0));
#1279=CARTESIAN_POINT('',(5.224934458482E0,2.038467677290E0,-8.092098440903E0));
#1280=CARTESIAN_POINT('',(5.325440729518E0,2.025141634064E0,-8.094150344987E0));
#1281=CARTESIAN_POINT('',(5.403496939272E0,2.02E0,-8.104234267997E0));
#1282=CARTESIAN_POINT('',(5.444490534945E0,2.02E0,-8.112362344896E0));
#1284=CARTESIAN_POINT('',(4.303266607912E0,2.02E0,-8.771248286375E0));
#1285=CARTESIAN_POINT('',(4.321161178871E0,2.02E0,-8.718638295588E0));
#1286=CARTESIAN_POINT('',(4.366504486154E0,2.029285232424E0,-8.613778312663E0));
#1287=CARTESIAN_POINT('',(4.467342662805E0,2.060248148944E0,-8.461730029136E0));
#1288=CARTESIAN_POINT('',(4.596453010913E0,2.090773257172E0,-8.328910035120E0));
#1289=CARTESIAN_POINT('',(4.696885956923E0,2.099167491750E0,-8.257906743020E0));
#1290=CARTESIAN_POINT('',(4.75E0,2.099167491750E0,-8.227241335952E0));
#1292=CARTESIAN_POINT('',(0.E0,2.02E0,0.E0));
#1293=DIRECTION('',(0.E0,1.E0,0.E0));
#1294=DIRECTION('',(4.404571758354E-1,0.E0,-8.977736219421E-1));
#1295=AXIS2_PLACEMENT_3D('',#1292,#1293,#1294);
#1297=CARTESIAN_POINT('',(-4.75E0,2.099167491750E0,-8.227241335952E0));
#1298=CARTESIAN_POINT('',(-4.726289592168E0,2.099167491750E0,
-8.240930546297E0));
#1299=CARTESIAN_POINT('',(-4.680123989923E0,2.097561415358E0,
-8.270173397381E0));
#1300=CARTESIAN_POINT('',(-4.614771711150E0,2.090644701327E0,
-8.319513854084E0));
#1301=CARTESIAN_POINT('',(-4.554569213341E0,2.080241608282E0,
-8.373194215852E0));
#1302=CARTESIAN_POINT('',(-4.499216678205E0,2.067586124138E0,
-8.431062856699E0));
#1303=CARTESIAN_POINT('',(-4.446436657049E0,2.053314583238E0,
-8.495941397202E0));
#1304=CARTESIAN_POINT('',(-4.395495590505E0,2.038467677290E0,
-8.570975194605E0));
#1305=CARTESIAN_POINT('',(-4.347019456050E0,2.025141634064E0,
-8.659042130605E0));
#1306=CARTESIAN_POINT('',(-4.316724284670E0,2.02E0,-8.731682752680E0));
#1307=CARTESIAN_POINT('',(-4.303266607912E0,2.02E0,-8.771248286375E0));
#1309=CARTESIAN_POINT('',(-5.444490534945E0,2.02E0,-8.112362344896E0));
#1310=CARTESIAN_POINT('',(-5.389981660952E0,2.02E0,-8.101554502544E0));
#1311=CARTESIAN_POINT('',(-5.276498598256E0,2.029285232424E0,
-8.088392967080E0));
#1312=CARTESIAN_POINT('',(-5.094401833795E0,2.060248148944E0,
-8.099697247967E0));
#1313=CARTESIAN_POINT('',(-4.914821170792E0,2.090773257172E0,
-8.145100092312E0));
#1314=CARTESIAN_POINT('',(-4.803114043077E0,2.099167491750E0,
-8.196575928884E0));
#1315=CARTESIAN_POINT('',(-4.75E0,2.099167491750E0,-8.227241335952E0));
#1317=CARTESIAN_POINT('',(0.E0,2.02E0,0.E0));
#1318=DIRECTION('',(0.E0,1.E0,0.E0));
#1319=DIRECTION('',(-5.572661755317E-1,0.E0,-8.303339145237E-1));
#1320=AXIS2_PLACEMENT_3D('',#1317,#1318,#1319);
#1322=DIRECTION('',(0.E0,-1.E0,0.E0));
#1323=VECTOR('',#1322,4.014695701361E0);
#1324=CARTESIAN_POINT('',(1.15E1,6.034695701361E0,0.E0));
#1325=LINE('',#1324,#1323);
#1326=DIRECTION('',(0.E0,-1.E0,0.E0));
#1327=VECTOR('',#1326,2.477919067835E0);
#1328=CARTESIAN_POINT('',(9.5E0,4.577086559585E0,0.E0));
#1329=LINE('',#1328,#1327);
#1330=CARTESIAN_POINT('',(5.25E0,2.02E0,-9.093266739737E0));
#1331=DIRECTION('',(0.E0,1.E0,0.E0));
#1332=DIRECTION('',(1.944905349451E-1,0.E0,9.809043948402E-1));
#1333=AXIS2_PLACEMENT_3D('',#1330,#1331,#1332);
#1335=CARTESIAN_POINT('',(1.05E1,2.02E0,0.E0));
#1336=DIRECTION('',(0.E0,1.E0,0.E0));
#1337=DIRECTION('',(7.291666666667E-1,0.E0,-6.843361544024E-1));
#1338=AXIS2_PLACEMENT_3D('',#1335,#1336,#1337);
#1340=CARTESIAN_POINT('',(0.E0,2.02E0,0.E0));
#1341=DIRECTION('',(0.E0,1.E0,0.E0));
#1342=DIRECTION('',(9.981481481481E-1,0.E0,-6.082988039132E-2));
#1343=AXIS2_PLACEMENT_3D('',#1340,#1341,#1342);
#1345=CARTESIAN_POINT('',(-5.25E0,2.02E0,-9.093266739737E0));
#1346=DIRECTION('',(0.E0,1.E0,0.E0));
#1347=DIRECTION('',(9.467333920879E-1,0.E0,3.220184533620E-1));
#1348=AXIS2_PLACEMENT_3D('',#1345,#1346,#1347);
#1350=CARTESIAN_POINT('',(5.25E0,2.02E0,-9.093266739737E0));
#1351=DIRECTION('',(0.E0,1.E0,0.E0));
#1352=DIRECTION('',(-2.280691611073E-1,0.E0,-9.736449341273E-1));
#1353=AXIS2_PLACEMENT_3D('',#1350,#1351,#1352);
#1355=CARTESIAN_POINT('',(0.E0,2.02E0,0.E0));
#1356=DIRECTION('',(0.E0,1.E0,0.E0));
#1357=DIRECTION('',(4.463938523460E-1,0.E0,-8.948365932324E-1));
#1358=AXIS2_PLACEMENT_3D('',#1355,#1356,#1357);
#1360=CARTESIAN_POINT('',(-1.05E1,2.02E0,0.E0));
#1361=DIRECTION('',(0.E0,1.E0,0.E0));
#1362=DIRECTION('',(7.522428571429E-1,0.E0,-6.588859414782E-1));
#1363=AXIS2_PLACEMENT_3D('',#1360,#1361,#1362);
#1365=CARTESIAN_POINT('',(-5.25E0,2.02E0,-9.093266739737E0));
#1366=DIRECTION('',(0.E0,1.E0,0.E0));
#1367=DIRECTION('',(-9.572358277739E-1,0.E0,-2.893087797250E-1));
#1368=AXIS2_PLACEMENT_3D('',#1365,#1366,#1367);
#1370=CARTESIAN_POINT('',(0.E0,2.02E0,0.E0));
#1371=DIRECTION('',(0.E0,1.E0,0.E0));
#1372=DIRECTION('',(-5.517542958021E-1,0.E0,-8.340067128410E-1));
#1373=AXIS2_PLACEMENT_3D('',#1370,#1371,#1372);
#1375=CARTESIAN_POINT('',(-5.25E0,2.02E0,9.093266739737E0));
#1376=DIRECTION('',(0.E0,1.E0,0.E0));
#1377=DIRECTION('',(-1.944905349451E-1,0.E0,-9.809043948402E-1));
#1378=AXIS2_PLACEMENT_3D('',#1375,#1376,#1377);
#1380=CARTESIAN_POINT('',(-1.05E1,2.02E0,0.E0));
#1381=DIRECTION('',(0.E0,1.E0,0.E0));
#1382=DIRECTION('',(-7.291666666667E-1,0.E0,6.843361544024E-1));
#1383=AXIS2_PLACEMENT_3D('',#1380,#1381,#1382);
#1385=CARTESIAN_POINT('',(0.E0,2.02E0,0.E0));
#1386=DIRECTION('',(0.E0,-1.E0,0.E0));
#1387=DIRECTION('',(-5.517542958021E-1,0.E0,8.340067128410E-1));
#1388=AXIS2_PLACEMENT_3D('',#1385,#1386,#1387);
#1390=CARTESIAN_POINT('',(5.25E0,2.02E0,9.093266739737E0));
#1391=DIRECTION('',(0.E0,1.E0,0.E0));
#1392=DIRECTION('',(-9.467333920879E-1,0.E0,-3.220184533620E-1));
#1393=AXIS2_PLACEMENT_3D('',#1390,#1391,#1392);
#1395=CARTESIAN_POINT('',(-5.25E0,2.02E0,9.093266739737E0));
#1396=DIRECTION('',(0.E0,1.E0,0.E0));
#1397=DIRECTION('',(2.280691611073E-1,0.E0,9.736449341273E-1));
#1398=AXIS2_PLACEMENT_3D('',#1395,#1396,#1397);
#1400=CARTESIAN_POINT('',(0.E0,2.02E0,0.E0));
#1401=DIRECTION('',(0.E0,-1.E0,0.E0));
#1402=DIRECTION('',(4.463938523460E-1,0.E0,8.948365932324E-1));
#1403=AXIS2_PLACEMENT_3D('',#1400,#1401,#1402);
#1405=CARTESIAN_POINT('',(5.25E0,2.02E0,9.093266739737E0));
#1406=DIRECTION('',(0.E0,1.E0,0.E0));
#1407=DIRECTION('',(9.572358277739E-1,0.E0,2.893087797250E-1));
#1408=AXIS2_PLACEMENT_3D('',#1405,#1406,#1407);
#1410=CARTESIAN_POINT('',(0.E0,2.02E0,0.E0));
#1411=DIRECTION('',(0.E0,-1.E0,0.E0));
#1412=DIRECTION('',(9.981481481481E-1,0.E0,6.082988039132E-2));
#1413=AXIS2_PLACEMENT_3D('',#1410,#1411,#1412);
#1415=CARTESIAN_POINT('',(1.05E1,2.02E0,0.E0));
#1416=DIRECTION('',(0.E0,1.E0,0.E0));
#1417=DIRECTION('',(-7.522428571429E-1,0.E0,6.588859414782E-1));
#1418=AXIS2_PLACEMENT_3D('',#1415,#1416,#1417);
#1420=DIRECTION('',(0.E0,-1.E0,0.E0));
#1421=VECTOR('',#1420,4.014695701361E0);
#1422=CARTESIAN_POINT('',(5.75E0,6.034695701361E0,-9.959292143521E0));
#1423=LINE('',#1422,#1421);
#1424=DIRECTION('',(0.E0,-1.E0,0.E0));
#1425=VECTOR('',#1424,2.477919067835E0);
#1426=CARTESIAN_POINT('',(4.75E0,4.577086559585E0,-8.227241335952E0));
#1427=LINE('',#1426,#1425);
#1428=CARTESIAN_POINT('',(5.25E0,2.02E0,-9.093266739737E0));
#1429=DIRECTION('',(0.E0,-1.E0,0.E0));
#1430=DIRECTION('',(-2.280691611073E-1,0.E0,-9.736449341273E-1));
#1431=AXIS2_PLACEMENT_3D('',#1428,#1429,#1430);
#1433=CARTESIAN_POINT('',(5.25E0,2.02E0,-9.093266739737E0));
#1434=DIRECTION('',(0.E0,1.E0,0.E0));
#1435=DIRECTION('',(9.572358277739E-1,0.E0,-2.893087797250E-1));
#1436=AXIS2_PLACEMENT_3D('',#1433,#1434,#1435);
#1438=CARTESIAN_POINT('',(0.E0,1.3E0,0.E0));
#1439=DIRECTION('',(0.E0,1.E0,0.E0));
#1440=DIRECTION('',(-9.995452196382E-1,0.E0,-3.015549532568E-2));
#1441=AXIS2_PLACEMENT_3D('',#1438,#1439,#1440);
#1443=CARTESIAN_POINT('',(0.E0,2.02E0,0.E0));
#1444=DIRECTION('',(0.E0,1.E0,0.E0));
#1445=DIRECTION('',(-9.981481481481E-1,0.E0,-6.082988039132E-2));
#1446=AXIS2_PLACEMENT_3D('',#1443,#1444,#1445);
#1448=CARTESIAN_POINT('',(0.E0,2.02E0,0.E0));
#1449=DIRECTION('',(0.E0,1.E0,0.E0));
#1450=DIRECTION('',(-4.463938523460E-1,0.E0,-8.948365932324E-1));
#1451=AXIS2_PLACEMENT_3D('',#1448,#1449,#1450);
#1453=CARTESIAN_POINT('',(0.E0,2.02E0,0.E0));
#1454=DIRECTION('',(0.E0,1.E0,0.E0));
#1455=DIRECTION('',(5.517542958021E-1,0.E0,-8.340067128410E-1));
#1456=AXIS2_PLACEMENT_3D('',#1453,#1454,#1455);
#1458=CARTESIAN_POINT('',(0.E0,2.02E0,0.E0));
#1459=DIRECTION('',(0.E0,1.E0,0.E0));
#1460=DIRECTION('',(1.E0,0.E0,0.E0));
#1461=AXIS2_PLACEMENT_3D('',#1458,#1459,#1460);
#1463=CARTESIAN_POINT('',(0.E0,1.3E0,0.E0));
#1464=DIRECTION('',(0.E0,1.E0,0.E0));
#1465=DIRECTION('',(1.E0,0.E0,0.E0));
#1466=AXIS2_PLACEMENT_3D('',#1463,#1464,#1465);
#1468=CARTESIAN_POINT('',(0.E0,1.3E0,0.E0));
#1469=DIRECTION('',(0.E0,1.E0,0.E0));
#1470=DIRECTION('',(9.995452196382E-1,0.E0,-3.015549532567E-2));
#1471=AXIS2_PLACEMENT_3D('',#1468,#1469,#1470);
#1473=CARTESIAN_POINT('',(0.E0,1.3E0,0.E0));
#1474=DIRECTION('',(0.E0,1.E0,0.E0));
#1475=DIRECTION('',(5.258880348349E-1,0.E0,-8.505538047752E-1));
#1476=AXIS2_PLACEMENT_3D('',#1473,#1474,#1475);
#1478=CARTESIAN_POINT('',(0.E0,1.3E0,0.E0));
#1479=DIRECTION('',(0.E0,1.E0,0.E0));
#1480=DIRECTION('',(4.736571848034E-1,0.E0,-8.807093001009E-1));
#1481=AXIS2_PLACEMENT_3D('',#1478,#1479,#1480);
#1483=CARTESIAN_POINT('',(0.E0,1.3E0,0.E0));
#1484=DIRECTION('',(0.E0,1.E0,0.E0));
#1485=DIRECTION('',(-4.736571848034E-1,0.E0,-8.807093001009E-1));
#1486=AXIS2_PLACEMENT_3D('',#1483,#1484,#1485);
#1488=CARTESIAN_POINT('',(0.E0,1.3E0,0.E0));
#1489=DIRECTION('',(0.E0,1.E0,0.E0));
#1490=DIRECTION('',(-5.258880348349E-1,0.E0,-8.505538047752E-1));
#1491=AXIS2_PLACEMENT_3D('',#1488,#1489,#1490);
#1493=CARTESIAN_POINT('',(-1.075E1,1.3E0,0.E0));
#1494=DIRECTION('',(0.E0,1.E0,0.E0));
#1495=DIRECTION('',(-8.248062015504E-1,0.E0,-5.654155373564E-1));
#1496=AXIS2_PLACEMENT_3D('',#1493,#1494,#1495);
#1498=CARTESIAN_POINT('',(-1.075E1,1.3E0,0.E0));
#1499=DIRECTION('',(0.E0,-1.E0,0.E0));
#1500=DIRECTION('',(-8.248062015504E-1,0.E0,5.654155373564E-1));
#1501=AXIS2_PLACEMENT_3D('',#1498,#1499,#1500);
#1503=DIRECTION('',(0.E0,-1.E0,0.E0));
#1504=VECTOR('',#1503,6.E-1);
#1505=CARTESIAN_POINT('',(-1.135E1,1.3E0,0.E0));
#1506=LINE('',#1505,#1504);
#1507=DIRECTION('',(0.E0,-1.E0,0.E0));
#1508=VECTOR('',#1507,6.E-1);
#1509=CARTESIAN_POINT('',(-1.015E1,1.3E0,0.E0));
#1510=LINE('',#1509,#1508);
#1511=CARTESIAN_POINT('',(-1.075E1,7.E-1,0.E0));
#1512=DIRECTION('',(0.E0,1.E0,0.E0));
#1513=DIRECTION('',(-9.417447485522E-1,0.E0,-3.363284534118E-1));
#1514=AXIS2_PLACEMENT_3D('',#1511,#1512,#1513);
#1516=CARTESIAN_POINT('',(-1.075E1,7.E-1,0.E0));
#1517=DIRECTION('',(0.E0,-1.E0,0.E0));
#1518=DIRECTION('',(-9.417447485522E-1,0.E0,3.363284534118E-1));
#1519=AXIS2_PLACEMENT_3D('',#1516,#1517,#1518);
#1521=CARTESIAN_POINT('',(-1.05E1,2.02E0,0.E0));
#1522=DIRECTION('',(0.E0,-1.E0,0.E0));
#1523=DIRECTION('',(-7.291666666667E-1,0.E0,6.843361544024E-1));
#1524=AXIS2_PLACEMENT_3D('',#1521,#1522,#1523);
#1526=CARTESIAN_POINT('',(-1.05E1,2.02E0,0.E0));
#1527=DIRECTION('',(0.E0,1.E0,0.E0));
#1528=DIRECTION('',(-7.291666666667E-1,0.E0,-6.843361544024E-1));
#1529=AXIS2_PLACEMENT_3D('',#1526,#1527,#1528);
#1531=DIRECTION('',(0.E0,-1.E0,0.E0));
#1532=VECTOR('',#1531,4.014695701361E0);
#1533=CARTESIAN_POINT('',(-1.15E1,6.034695701361E0,0.E0));
#1534=LINE('',#1533,#1532);
#1535=DIRECTION('',(0.E0,-1.E0,0.E0));
#1536=VECTOR('',#1535,2.477919067835E0);
#1537=CARTESIAN_POINT('',(-9.5E0,4.577086559585E0,0.E0));
#1538=LINE('',#1537,#1536);
#1539=CARTESIAN_POINT('',(-5.25E0,2.02E0,-9.093266739737E0));
#1540=DIRECTION('',(0.E0,-1.E0,0.E0));
#1541=DIRECTION('',(-9.572358277739E-1,0.E0,-2.893087797250E-1));
#1542=AXIS2_PLACEMENT_3D('',#1539,#1540,#1541);
#1544=CARTESIAN_POINT('',(-5.25E0,2.02E0,-9.093266739737E0));
#1545=DIRECTION('',(0.E0,1.E0,0.E0));
#1546=DIRECTION('',(2.280691611073E-1,0.E0,-9.736449341273E-1));
#1547=AXIS2_PLACEMENT_3D('',#1544,#1545,#1546);
#1549=DIRECTION('',(0.E0,-1.E0,0.E0));
#1550=VECTOR('',#1549,4.014695701361E0);
#1551=CARTESIAN_POINT('',(-5.75E0,6.034695701361E0,-9.959292143521E0));
#1552=LINE('',#1551,#1550);
#1553=DIRECTION('',(0.E0,-1.E0,0.E0));
#1554=VECTOR('',#1553,2.477919067835E0);
#1555=CARTESIAN_POINT('',(-4.75E0,4.577086559585E0,-8.227241335952E0));
#1556=LINE('',#1555,#1554);
#1557=CARTESIAN_POINT('',(1.05E1,2.02E0,0.E0));
#1558=DIRECTION('',(0.E0,-1.E0,0.E0));
#1559=DIRECTION('',(7.291666666667E-1,0.E0,-6.843361544024E-1));
#1560=AXIS2_PLACEMENT_3D('',#1557,#1558,#1559);
#1562=CARTESIAN_POINT('',(1.05E1,2.02E0,0.E0));
#1563=DIRECTION('',(0.E0,1.E0,0.E0));
#1564=DIRECTION('',(7.291666666667E-1,0.E0,6.843361544024E-1));
#1565=AXIS2_PLACEMENT_3D('',#1562,#1563,#1564);
#1567=CARTESIAN_POINT('',(1.075E1,1.3E0,0.E0));
#1568=DIRECTION('',(0.E0,1.E0,0.E0));
#1569=DIRECTION('',(8.248062015504E-1,0.E0,5.654155373564E-1));
#1570=AXIS2_PLACEMENT_3D('',#1567,#1568,#1569);
#1572=CARTESIAN_POINT('',(1.075E1,1.3E0,0.E0));
#1573=DIRECTION('',(0.E0,-1.E0,0.E0));
#1574=DIRECTION('',(8.248062015504E-1,0.E0,-5.654155373564E-1));
#1575=AXIS2_PLACEMENT_3D('',#1572,#1573,#1574);
#1577=DIRECTION('',(0.E0,-1.E0,0.E0));
#1578=VECTOR('',#1577,6.E-1);
#1579=CARTESIAN_POINT('',(1.135E1,1.3E0,0.E0));
#1580=LINE('',#1579,#1578);
#1581=DIRECTION('',(0.E0,-1.E0,0.E0));
#1582=VECTOR('',#1581,6.E-1);
#1583=CARTESIAN_POINT('',(1.015E1,1.3E0,0.E0));
#1584=LINE('',#1583,#1582);
#1585=CARTESIAN_POINT('',(1.075E1,7.E-1,0.E0));
#1586=DIRECTION('',(0.E0,1.E0,0.E0));
#1587=DIRECTION('',(9.417447485522E-1,0.E0,3.363284534118E-1));
#1588=AXIS2_PLACEMENT_3D('',#1585,#1586,#1587);
#1590=CARTESIAN_POINT('',(1.075E1,7.E-1,0.E0));
#1591=DIRECTION('',(0.E0,-1.E0,0.E0));
#1592=DIRECTION('',(9.417447485522E-1,0.E0,-3.363284534118E-1));
#1593=AXIS2_PLACEMENT_3D('',#1590,#1591,#1592);
#1595=CARTESIAN_POINT('',(5.375E0,1.3E0,-9.309773090683E0));
#1596=DIRECTION('',(0.E0,1.E0,0.E0));
#1597=DIRECTION('',(9.020673198203E-1,0.E0,-4.315953550634E-1));
#1598=AXIS2_PLACEMENT_3D('',#1595,#1596,#1597);
#1600=CARTESIAN_POINT('',(5.375E0,1.3E0,-9.309773090683E0));
#1601=DIRECTION('',(0.E0,-1.E0,0.E0));
#1602=DIRECTION('',(-7.726111826987E-2,0.E0,-9.970108924198E-1));
#1603=AXIS2_PLACEMENT_3D('',#1600,#1601,#1602);
#1605=DIRECTION('',(0.E0,-1.E0,0.E0));
#1606=VECTOR('',#1605,6.E-1);
#1607=CARTESIAN_POINT('',(5.675E0,1.3E0,-9.829388332953E0));
#1608=LINE('',#1607,#1606);
#1609=DIRECTION('',(0.E0,-1.E0,0.E0));
#1610=VECTOR('',#1609,6.E-1);
#1611=CARTESIAN_POINT('',(5.075E0,1.3E0,-8.790157848412E0));
#1612=LINE('',#1611,#1610);
#1613=CARTESIAN_POINT('',(5.375E0,7.E-1,-9.309773090683E0));
#1614=DIRECTION('',(0.E0,1.E0,0.E0));
#1615=DIRECTION('',(7.621413589462E-1,0.E0,-6.474106494209E-1));
#1616=AXIS2_PLACEMENT_3D('',#1613,#1614,#1615);
#1618=CARTESIAN_POINT('',(5.375E0,7.E-1,-9.309773090683E0));
#1619=DIRECTION('',(0.E0,-1.E0,0.E0));
#1620=DIRECTION('',(1.796033896060E-1,0.E0,-9.837391028327E-1));
#1621=AXIS2_PLACEMENT_3D('',#1618,#1619,#1620);
#1623=CARTESIAN_POINT('',(-5.375E0,1.3E0,-9.309773090683E0));
#1624=DIRECTION('',(0.E0,1.E0,0.E0));
#1625=DIRECTION('',(7.726111826988E-2,0.E0,-9.970108924198E-1));
#1626=AXIS2_PLACEMENT_3D('',#1623,#1624,#1625);
#1628=CARTESIAN_POINT('',(-5.375E0,1.3E0,-9.309773090683E0));
#1629=DIRECTION('',(0.E0,-1.E0,0.E0));
#1630=DIRECTION('',(-9.020673198203E-1,0.E0,-4.315953550634E-1));
#1631=AXIS2_PLACEMENT_3D('',#1628,#1629,#1630);
#1633=DIRECTION('',(0.E0,-1.E0,0.E0));
#1634=VECTOR('',#1633,6.E-1);
#1635=CARTESIAN_POINT('',(-5.675E0,1.3E0,-9.829388332953E0));
#1636=LINE('',#1635,#1634);
#1637=DIRECTION('',(0.E0,-1.E0,0.E0));
#1638=VECTOR('',#1637,6.E-1);
#1639=CARTESIAN_POINT('',(-5.075E0,1.3E0,-8.790157848412E0));
#1640=LINE('',#1639,#1638);
#1641=CARTESIAN_POINT('',(-5.375E0,7.E-1,-9.309773090683E0));
#1642=DIRECTION('',(0.E0,1.E0,0.E0));
#1643=DIRECTION('',(-1.796033896060E-1,0.E0,-9.837391028327E-1));
#1644=AXIS2_PLACEMENT_3D('',#1641,#1642,#1643);
#1646=CARTESIAN_POINT('',(-5.375E0,7.E-1,-9.309773090683E0));
#1647=DIRECTION('',(0.E0,-1.E0,0.E0));
#1648=DIRECTION('',(-7.621413589462E-1,0.E0,-6.474106494209E-1));
#1649=AXIS2_PLACEMENT_3D('',#1646,#1647,#1648);
#1651=CARTESIAN_POINT('',(-5.375E0,1.3E0,9.309773090683E0));
#1652=DIRECTION('',(0.E0,-1.E0,0.E0));
#1653=DIRECTION('',(7.726111826988E-2,0.E0,9.970108924198E-1));
#1654=AXIS2_PLACEMENT_3D('',#1651,#1652,#1653);
#1656=DIRECTION('',(0.E0,-1.E0,0.E0));
#1657=VECTOR('',#1656,6.E-1);
#1658=CARTESIAN_POINT('',(-5.675E0,1.3E0,9.829388332953E0));
#1659=LINE('',#1658,#1657);
#1660=DIRECTION('',(0.E0,-1.E0,0.E0));
#1661=VECTOR('',#1660,6.E-1);
#1662=CARTESIAN_POINT('',(-5.075E0,1.3E0,8.790157848412E0));
#1663=LINE('',#1662,#1661);
#1664=CARTESIAN_POINT('',(-5.375E0,1.3E0,9.309773090683E0));
#1665=DIRECTION('',(0.E0,1.E0,0.E0));
#1666=DIRECTION('',(-9.020673198203E-1,0.E0,4.315953550634E-1));
#1667=AXIS2_PLACEMENT_3D('',#1664,#1665,#1666);
#1669=CARTESIAN_POINT('',(-5.375E0,7.E-1,9.309773090683E0));
#1670=DIRECTION('',(0.E0,1.E0,0.E0));
#1671=DIRECTION('',(-7.621413589462E-1,0.E0,6.474106494209E-1));
#1672=AXIS2_PLACEMENT_3D('',#1669,#1670,#1671);
#1674=CARTESIAN_POINT('',(-5.375E0,7.E-1,9.309773090683E0));
#1675=DIRECTION('',(0.E0,-1.E0,0.E0));
#1676=DIRECTION('',(-1.796033896060E-1,0.E0,9.837391028327E-1));
#1677=AXIS2_PLACEMENT_3D('',#1674,#1675,#1676);
#1679=CARTESIAN_POINT('',(5.375E0,1.3E0,9.309773090683E0));
#1680=DIRECTION('',(0.E0,-1.E0,0.E0));
#1681=DIRECTION('',(9.020673198203E-1,0.E0,4.315953550634E-1));
#1682=AXIS2_PLACEMENT_3D('',#1679,#1680,#1681);
#1684=DIRECTION('',(0.E0,-1.E0,0.E0));
#1685=VECTOR('',#1684,6.E-1);
#1686=CARTESIAN_POINT('',(5.675E0,1.3E0,9.829388332953E0));
#1687=LINE('',#1686,#1685);
#1688=DIRECTION('',(0.E0,-1.E0,0.E0));
#1689=VECTOR('',#1688,6.E-1);
#1690=CARTESIAN_POINT('',(5.075E0,1.3E0,8.790157848412E0));
#1691=LINE('',#1690,#1689);
#1692=CARTESIAN_POINT('',(5.375E0,7.E-1,9.309773090683E0));
#1693=DIRECTION('',(0.E0,1.E0,0.E0));
#1694=DIRECTION('',(1.796033896060E-1,0.E0,9.837391028327E-1));
#1695=AXIS2_PLACEMENT_3D('',#1692,#1693,#1694);
#1697=CARTESIAN_POINT('',(5.375E0,7.E-1,9.309773090683E0));
#1698=DIRECTION('',(0.E0,-1.E0,0.E0));
#1699=DIRECTION('',(7.621413589462E-1,0.E0,6.474106494209E-1));
#1700=AXIS2_PLACEMENT_3D('',#1697,#1698,#1699);
#1702=CARTESIAN_POINT('',(-5.25E0,2.02E0,9.093266739737E0));
#1703=DIRECTION('',(0.E0,-1.E0,0.E0));
#1704=DIRECTION('',(2.280691611073E-1,0.E0,9.736449341273E-1));
#1705=AXIS2_PLACEMENT_3D('',#1702,#1703,#1704);
#1707=CARTESIAN_POINT('',(-5.25E0,2.02E0,9.093266739737E0));
#1708=DIRECTION('',(0.E0,1.E0,0.E0));
#1709=DIRECTION('',(-9.572358277739E-1,0.E0,2.893087797250E-1));
#1710=AXIS2_PLACEMENT_3D('',#1707,#1708,#1709);
#1712=CARTESIAN_POINT('',(1.365E1,1.58E1,0.E0));
#1713=DIRECTION('',(0.E0,0.E0,-1.E0));
#1714=DIRECTION('',(7.900482220276E-1,6.130447021801E-1,0.E0));
#1715=AXIS2_PLACEMENT_3D('',#1712,#1713,#1714);
#1717=CARTESIAN_POINT('',(0.E0,1.855870115981E1,0.E0));
#1718=DIRECTION('',(0.E0,-1.E0,0.E0));
#1719=DIRECTION('',(1.E0,0.E0,0.E0));
#1720=AXIS2_PLACEMENT_3D('',#1717,#1718,#1719);
#1722=CARTESIAN_POINT('',(-1.365E1,1.58E1,0.E0));
#1723=DIRECTION('',(0.E0,0.E0,1.E0));
#1724=DIRECTION('',(-7.900482220276E-1,6.130447021801E-1,0.E0));
#1725=AXIS2_PLACEMENT_3D('',#1722,#1723,#1724);
#1727=CARTESIAN_POINT('',(0.E0,1.855870115981E1,0.E0));
#1728=DIRECTION('',(0.E0,1.E0,0.E0));
#1729=DIRECTION('',(1.E0,0.E0,0.E0));
#1730=AXIS2_PLACEMENT_3D('',#1727,#1728,#1729);
#1732=CARTESIAN_POINT('',(0.E0,2.038246959340E1,0.E0));
#1733=DIRECTION('',(0.E0,1.E0,0.E0));
#1734=DIRECTION('',(1.E0,0.E0,0.E0));
#1735=AXIS2_PLACEMENT_3D('',#1732,#1733,#1734);
#1737=DIRECTION('',(6.130447021801E-1,-7.900482220276E-1,0.E0));
#1738=VECTOR('',#1737,2.308426729836E0);
#1739=CARTESIAN_POINT('',(1.579004822203E1,2.038246959340E1,0.E0));
#1740=LINE('',#1739,#1738);
#1741=CARTESIAN_POINT('',(0.E0,2.038246959340E1,0.E0));
#1742=DIRECTION('',(0.E0,-1.E0,0.E0));
#1743=DIRECTION('',(1.E0,0.E0,0.E0));
#1744=AXIS2_PLACEMENT_3D('',#1741,#1742,#1743);
#1746=DIRECTION('',(-6.130447021801E-1,-7.900482220276E-1,0.E0));
#1747=VECTOR('',#1746,2.308426729836E0);
#1748=CARTESIAN_POINT('',(-1.579004822203E1,2.038246959340E1,0.E0));
#1749=LINE('',#1748,#1747);
#1750=CARTESIAN_POINT('',(1.5E1,1.976942489122E1,0.E0));
#1751=DIRECTION('',(0.E0,0.E0,-1.E0));
#1752=DIRECTION('',(1.736481776669E-1,9.848077530122E-1,0.E0));
#1753=AXIS2_PLACEMENT_3D('',#1750,#1751,#1752);
#1755=CARTESIAN_POINT('',(0.E0,2.075423264423E1,0.E0));
#1756=DIRECTION('',(0.E0,-1.E0,0.E0));
#1757=DIRECTION('',(1.E0,0.E0,0.E0));
#1758=AXIS2_PLACEMENT_3D('',#1755,#1756,#1757);
#1760=CARTESIAN_POINT('',(-1.5E1,1.976942489122E1,0.E0));
#1761=DIRECTION('',(0.E0,0.E0,1.E0));
#1762=DIRECTION('',(-1.736481776669E-1,9.848077530122E-1,0.E0));
#1763=AXIS2_PLACEMENT_3D('',#1760,#1761,#1762);
#1765=CARTESIAN_POINT('',(0.E0,2.075423264423E1,0.E0));
#1766=DIRECTION('',(0.E0,1.E0,0.E0));
#1767=DIRECTION('',(1.E0,0.E0,0.E0));
#1768=AXIS2_PLACEMENT_3D('',#1765,#1766,#1767);
#1770=CARTESIAN_POINT('',(0.E0,2.087338430208E1,0.E0));
#1771=DIRECTION('',(0.E0,1.E0,0.E0));
#1772=DIRECTION('',(1.E0,0.E0,0.E0));
#1773=AXIS2_PLACEMENT_3D('',#1770,#1771,#1772);
#1775=CARTESIAN_POINT('',(1.455E1,2.116882662799E1,3.634592626867E-14));
#1776=DIRECTION('',(0.E0,0.E0,-1.E0));
#1777=DIRECTION('',(-1.736481776667E-1,-9.848077530122E-1,0.E0));
#1778=AXIS2_PLACEMENT_3D('',#1775,#1776,#1777);
#1780=CARTESIAN_POINT('',(-1.455E1,2.116882662799E1,-3.053113317719E-14));
#1781=DIRECTION('',(0.E0,0.E0,1.E0));
#1782=DIRECTION('',(1.736481776667E-1,-9.848077530122E-1,0.E0));
#1783=AXIS2_PLACEMENT_3D('',#1780,#1781,#1782);
#1785=CARTESIAN_POINT('',(0.E0,2.087338430208E1,0.E0));
#1786=DIRECTION('',(0.E0,1.E0,0.E0));
#1787=DIRECTION('',(-1.E0,0.E0,0.E0));
#1788=AXIS2_PLACEMENT_3D('',#1785,#1786,#1787);
#1790=DIRECTION('',(-9.848077530122E-1,-1.736481776669E-1,0.E0));
#1791=VECTOR('',#1790,6.861670502696E-1);
#1792=CARTESIAN_POINT('',(-1.449790554670E1,2.087338430208E1,0.E0));
#1793=LINE('',#1792,#1791);
#1794=DIRECTION('',(9.848077530122E-1,-1.736481776669E-1,0.E0));
#1795=VECTOR('',#1794,6.861670502696E-1);
#1796=CARTESIAN_POINT('',(1.449790554670E1,2.087338430208E1,0.E0));
#1797=LINE('',#1796,#1795);
#1798=CARTESIAN_POINT('',(0.E0,2.116882662799E1,0.E0));
#1799=DIRECTION('',(0.E0,1.E0,0.E0));
#1800=DIRECTION('',(-1.E0,0.E0,0.E0));
#1801=AXIS2_PLACEMENT_3D('',#1798,#1799,#1800);
#1803=DIRECTION('',(0.E0,-1.E0,2.588112762371E-14));
#1804=VECTOR('',#1803,3.482701106468E-1);
#1805=CARTESIAN_POINT('',(1.425E1,2.151709673863E1,0.E0));
#1806=LINE('',#1805,#1804);
#1807=CARTESIAN_POINT('',(0.E0,2.151709673863E1,0.E0));
#1808=DIRECTION('',(0.E0,-1.E0,0.E0));
#1809=DIRECTION('',(1.E0,0.E0,0.E0));
#1810=AXIS2_PLACEMENT_3D('',#1807,#1808,#1809);
#1812=DIRECTION('',(0.E0,-1.E0,-2.410790178960E-14));
#1813=VECTOR('',#1812,3.482701106468E-1);
#1814=CARTESIAN_POINT('',(-1.425E1,2.151709673863E1,0.E0));
#1815=LINE('',#1814,#1813);
#1816=CARTESIAN_POINT('',(0.E0,2.116882662799E1,0.E0));
#1817=DIRECTION('',(0.E0,1.E0,0.E0));
#1818=DIRECTION('',(1.E0,0.E0,0.E0));
#1819=AXIS2_PLACEMENT_3D('',#1816,#1817,#1818);
#1821=CARTESIAN_POINT('',(0.E0,2.151709673863E1,0.E0));
#1822=DIRECTION('',(0.E0,1.E0,0.E0));
#1823=DIRECTION('',(1.E0,0.E0,0.E0));
#1824=AXIS2_PLACEMENT_3D('',#1821,#1822,#1823);
#1826=CARTESIAN_POINT('',(0.E0,2.181709673863E1,0.E0));
#1827=DIRECTION('',(0.E0,1.E0,0.E0));
#1828=DIRECTION('',(1.E0,0.E0,0.E0));
#1829=AXIS2_PLACEMENT_3D('',#1826,#1827,#1828);
#1831=DIRECTION('',(-7.071067811866E-1,-7.071067811865E-1,0.E0));
#1832=VECTOR('',#1831,4.242640687119E-1);
#1833=CARTESIAN_POINT('',(1.455E1,2.181709673863E1,0.E0));
#1834=LINE('',#1833,#1832);
#1835=CARTESIAN_POINT('',(0.E0,2.181709673863E1,0.E0));
#1836=DIRECTION('',(0.E0,-1.E0,0.E0));
#1837=DIRECTION('',(1.E0,0.E0,0.E0));
#1838=AXIS2_PLACEMENT_3D('',#1835,#1836,#1837);
#1840=DIRECTION('',(7.071067811866E-1,-7.071067811865E-1,0.E0));
#1841=VECTOR('',#1840,4.242640687119E-1);
#1842=CARTESIAN_POINT('',(-1.455E1,2.181709673863E1,0.E0));
#1843=LINE('',#1842,#1841);
#1844=DIRECTION('',(8.320502943378E-1,-5.547001962253E-1,0.E0));
#1845=VECTOR('',#1844,3.605551275464E-1);
#1846=CARTESIAN_POINT('',(1.425E1,2.201709673863E1,0.E0));
#1847=LINE('',#1846,#1845);
#1848=CARTESIAN_POINT('',(0.E0,2.201709673863E1,0.E0));
#1849=DIRECTION('',(0.E0,-1.E0,0.E0));
#1850=DIRECTION('',(1.E0,0.E0,0.E0));
#1851=AXIS2_PLACEMENT_3D('',#1848,#1849,#1850);
#1853=DIRECTION('',(-8.320502943378E-1,-5.547001962253E-1,0.E0));
#1854=VECTOR('',#1853,3.605551275464E-1);
#1855=CARTESIAN_POINT('',(-1.425E1,2.201709673863E1,0.E0));
#1856=LINE('',#1855,#1854);
#1857=CARTESIAN_POINT('',(0.E0,2.201709673863E1,0.E0));
#1858=DIRECTION('',(0.E0,1.E0,0.E0));
#1859=DIRECTION('',(1.E0,0.E0,0.E0));
#1860=AXIS2_PLACEMENT_3D('',#1857,#1858,#1859);
#1862=CARTESIAN_POINT('',(0.E0,2.221709673863E1,0.E0));
#1863=DIRECTION('',(0.E0,1.E0,0.E0));
#1864=DIRECTION('',(1.E0,0.E0,0.E0));
#1865=AXIS2_PLACEMENT_3D('',#1862,#1863,#1864);
#1867=DIRECTION('',(-8.320502943379E-1,-5.547001962252E-1,0.E0));
#1868=VECTOR('',#1867,3.605551275464E-1);
#1869=CARTESIAN_POINT('',(1.455E1,2.221709673863E1,0.E0));
#1870=LINE('',#1869,#1868);
#1871=CARTESIAN_POINT('',(0.E0,2.221709673863E1,0.E0));
#1872=DIRECTION('',(0.E0,-1.E0,0.E0));
#1873=DIRECTION('',(1.E0,0.E0,0.E0));
#1874=AXIS2_PLACEMENT_3D('',#1871,#1872,#1873);
#1876=DIRECTION('',(8.320502943379E-1,-5.547001962252E-1,0.E0));
#1877=VECTOR('',#1876,3.605551275464E-1);
#1878=CARTESIAN_POINT('',(-1.455E1,2.221709673863E1,0.E0));
#1879=LINE('',#1878,#1877);
#1880=DIRECTION('',(7.071067811865E-1,-7.071067811865E-1,0.E0));
#1881=VECTOR('',#1880,4.242640687119E-1);
#1882=CARTESIAN_POINT('',(1.425E1,2.251709673863E1,0.E0));
#1883=LINE('',#1882,#1881);
#1884=CARTESIAN_POINT('',(0.E0,2.251709673863E1,0.E0));
#1885=DIRECTION('',(0.E0,-1.E0,0.E0));
#1886=DIRECTION('',(1.E0,0.E0,0.E0));
#1887=AXIS2_PLACEMENT_3D('',#1884,#1885,#1886);
#1889=DIRECTION('',(-7.071067811865E-1,-7.071067811865E-1,0.E0));
#1890=VECTOR('',#1889,4.242640687119E-1);
#1891=CARTESIAN_POINT('',(-1.425E1,2.251709673863E1,0.E0));
#1892=LINE('',#1891,#1890);
#1893=CARTESIAN_POINT('',(0.E0,2.251709673863E1,0.E0));
#1894=DIRECTION('',(0.E0,1.E0,0.E0));
#1895=DIRECTION('',(1.E0,0.E0,0.E0));
#1896=AXIS2_PLACEMENT_3D('',#1893,#1894,#1895);
#1898=CARTESIAN_POINT('',(0.E0,2.281709673863E1,0.E0));
#1899=DIRECTION('',(0.E0,1.E0,0.E0));
#1900=DIRECTION('',(1.E0,0.E0,0.E0));
#1901=AXIS2_PLACEMENT_3D('',#1898,#1899,#1900);
#1903=DIRECTION('',(-7.071067811865E-1,-7.071067811866E-1,0.E0));
#1904=VECTOR('',#1903,4.242640687119E-1);
#1905=CARTESIAN_POINT('',(1.455E1,2.281709673863E1,0.E0));
#1906=LINE('',#1905,#1904);
#1907=CARTESIAN_POINT('',(0.E0,2.281709673863E1,0.E0));
#1908=DIRECTION('',(0.E0,-1.E0,0.E0));
#1909=DIRECTION('',(1.E0,0.E0,0.E0));
#1910=AXIS2_PLACEMENT_3D('',#1907,#1908,#1909);
#1912=DIRECTION('',(7.071067811865E-1,-7.071067811866E-1,0.E0));
#1913=VECTOR('',#1912,4.242640687119E-1);
#1914=CARTESIAN_POINT('',(-1.455E1,2.281709673863E1,0.E0));
#1915=LINE('',#1914,#1913);
#1916=DIRECTION('',(7.071067811865E-1,-7.071067811866E-1,0.E0));
#1917=VECTOR('',#1916,2.828427124746E-1);
#1918=CARTESIAN_POINT('',(1.435E1,2.301709673863E1,0.E0));
#1919=LINE('',#1918,#1917);
#1920=CARTESIAN_POINT('',(0.E0,2.301709673863E1,0.E0));
#1921=DIRECTION('',(0.E0,-1.E0,0.E0));
#1922=DIRECTION('',(1.E0,0.E0,0.E0));
#1923=AXIS2_PLACEMENT_3D('',#1920,#1921,#1922);
#1925=DIRECTION('',(-7.071067811865E-1,-7.071067811866E-1,0.E0));
#1926=VECTOR('',#1925,2.828427124746E-1);
#1927=CARTESIAN_POINT('',(-1.435E1,2.301709673863E1,0.E0));
#1928=LINE('',#1927,#1926);
#1929=CARTESIAN_POINT('',(0.E0,2.301709673863E1,0.E0));
#1930=DIRECTION('',(0.E0,1.E0,0.E0));
#1931=DIRECTION('',(1.E0,0.E0,0.E0));
#1932=AXIS2_PLACEMENT_3D('',#1929,#1930,#1931);
#1934=CARTESIAN_POINT('',(0.E0,2.321709673863E1,0.E0));
#1935=DIRECTION('',(0.E0,1.E0,0.E0));
#1936=DIRECTION('',(1.E0,0.E0,0.E0));
#1937=AXIS2_PLACEMENT_3D('',#1934,#1935,#1936);
#1939=DIRECTION('',(-7.071067811866E-1,-7.071067811865E-1,0.E0));
#1940=VECTOR('',#1939,2.828427124746E-1);
#1941=CARTESIAN_POINT('',(1.455E1,2.321709673863E1,0.E0));
#1942=LINE('',#1941,#1940);
#1943=CARTESIAN_POINT('',(0.E0,2.321709673863E1,0.E0));
#1944=DIRECTION('',(0.E0,-1.E0,0.E0));
#1945=DIRECTION('',(1.E0,0.E0,0.E0));
#1946=AXIS2_PLACEMENT_3D('',#1943,#1944,#1945);
#1948=DIRECTION('',(7.071067811866E-1,-7.071067811865E-1,0.E0));
#1949=VECTOR('',#1948,2.828427124746E-1);
#1950=CARTESIAN_POINT('',(-1.455E1,2.321709673863E1,0.E0));
#1951=LINE('',#1950,#1949);
#1952=DIRECTION('',(7.071067811865E-1,-7.071067811866E-1,0.E0));
#1953=VECTOR('',#1952,4.242640687119E-1);
#1954=CARTESIAN_POINT('',(1.425E1,2.351709673863E1,0.E0));
#1955=LINE('',#1954,#1953);
#1956=CARTESIAN_POINT('',(0.E0,2.351709673863E1,0.E0));
#1957=DIRECTION('',(0.E0,-1.E0,0.E0));
#1958=DIRECTION('',(1.E0,0.E0,0.E0));
#1959=AXIS2_PLACEMENT_3D('',#1956,#1957,#1958);
#1961=DIRECTION('',(-7.071067811865E-1,-7.071067811866E-1,0.E0));
#1962=VECTOR('',#1961,4.242640687119E-1);
#1963=CARTESIAN_POINT('',(-1.425E1,2.351709673863E1,0.E0));
#1964=LINE('',#1963,#1962);
#1965=CARTESIAN_POINT('',(0.E0,2.351709673863E1,0.E0));
#1966=DIRECTION('',(0.E0,1.E0,0.E0));
#1967=DIRECTION('',(1.E0,0.E0,0.E0));
#1968=AXIS2_PLACEMENT_3D('',#1965,#1966,#1967);
#1970=CARTESIAN_POINT('',(0.E0,2.390703447717E1,0.E0));
#1971=DIRECTION('',(0.E0,1.E0,0.E0));
#1972=DIRECTION('',(1.E0,0.E0,0.E0));
#1973=AXIS2_PLACEMENT_3D('',#1970,#1971,#1972);
#1975=CARTESIAN_POINT('',(1.455E1,2.390703447717E1,1.919395198335E-12));
#1976=DIRECTION('',(1.319161793689E-13,0.E0,-1.E0));
#1977=DIRECTION('',(-1.E0,0.E0,-1.319161793689E-13));
#1978=AXIS2_PLACEMENT_3D('',#1975,#1976,#1977);
#1980=CARTESIAN_POINT('',(-1.455E1,2.390703447717E1,-1.923752823707E-12));
#1981=DIRECTION('',(-1.322162865303E-13,0.E0,1.E0));
#1982=DIRECTION('',(1.E0,0.E0,1.322162865303E-13));
#1983=AXIS2_PLACEMENT_3D('',#1980,#1981,#1982);
#1985=CARTESIAN_POINT('',(0.E0,2.390703447717E1,0.E0));
#1986=DIRECTION('',(0.E0,1.E0,0.E0));
#1987=DIRECTION('',(-1.E0,0.E0,0.E0));
#1988=AXIS2_PLACEMENT_3D('',#1985,#1986,#1987);
#1990=DIRECTION('',(0.E0,-1.E0,-3.446600656865E-13));
#1991=VECTOR('',#1990,3.899377385371E-1);
#1992=CARTESIAN_POINT('',(-1.425E1,2.390703447717E1,1.312318309576E-13));
#1993=LINE('',#1992,#1991);
#1994=DIRECTION('',(0.E0,-1.E0,3.487172975308E-13));
#1995=VECTOR('',#1994,3.899377385371E-1);
#1996=CARTESIAN_POINT('',(1.425E1,2.390703447717E1,-1.359780343879E-13));
#1997=LINE('',#1996,#1995);
#1998=CARTESIAN_POINT('',(0.E0,2.418894226341E1,0.E0));
#1999=DIRECTION('',(0.E0,1.E0,0.E0));
#2000=DIRECTION('',(-1.E0,0.E0,0.E0));
#2001=AXIS2_PLACEMENT_3D('',#1998,#1999,#2000);
#2003=DIRECTION('',(-9.396926207859E-1,-3.420201433257E-1,0.E0));
#2004=VECTOR('',#2003,3.248515499084E0);
#2005=CARTESIAN_POINT('',(1.75E1,2.53E1,0.E0));
#2006=LINE('',#2005,#2004);
#2007=CARTESIAN_POINT('',(0.E0,2.53E1,0.E0));
#2008=DIRECTION('',(0.E0,-1.E0,0.E0));
#2009=DIRECTION('',(1.E0,0.E0,0.E0));
#2010=AXIS2_PLACEMENT_3D('',#2007,#2008,#2009);
#2012=DIRECTION('',(9.396926207859E-1,-3.420201433257E-1,0.E0));
#2013=VECTOR('',#2012,3.248515499084E0);
#2014=CARTESIAN_POINT('',(-1.75E1,2.53E1,0.E0));
#2015=LINE('',#2014,#2013);
#2016=CARTESIAN_POINT('',(0.E0,2.418894226341E1,0.E0));
#2017=DIRECTION('',(0.E0,1.E0,0.E0));
#2018=DIRECTION('',(1.E0,0.E0,0.E0));
#2019=AXIS2_PLACEMENT_3D('',#2016,#2017,#2018);
#2021=CARTESIAN_POINT('',(0.E0,2.53E1,0.E0));
#2022=DIRECTION('',(0.E0,1.E0,0.E0));
#2023=DIRECTION('',(1.E0,0.E0,0.E0));
#2024=AXIS2_PLACEMENT_3D('',#2021,#2022,#2023);
#2026=CARTESIAN_POINT('',(0.E0,2.423582222752E1,0.E0));
#2027=DIRECTION('',(0.E0,1.E0,0.E0));
#2028=DIRECTION('',(1.E0,0.E0,0.E0));
#2029=AXIS2_PLACEMENT_3D('',#2026,#2027,#2028);
#2031=DIRECTION('',(0.E0,1.E0,0.E0));
#2032=VECTOR('',#2031,1.064177772476E0);
#2033=CARTESIAN_POINT('',(1.75E1,2.423582222752E1,0.E0));
#2034=LINE('',#2033,#2032);
#2035=CARTESIAN_POINT('',(0.E0,2.423582222752E1,0.E0));
#2036=DIRECTION('',(0.E0,-1.E0,0.E0));
#2037=DIRECTION('',(1.E0,0.E0,0.E0));
#2038=AXIS2_PLACEMENT_3D('',#2035,#2036,#2037);
#2040=DIRECTION('',(0.E0,1.E0,0.E0));
#2041=VECTOR('',#2040,1.064177772476E0);
#2042=CARTESIAN_POINT('',(-1.75E1,2.423582222752E1,0.E0));
#2043=LINE('',#2042,#2041);
#2044=CARTESIAN_POINT('',(0.E0,2.380960941741E1,0.E0));
#2045=DIRECTION('',(0.E0,-1.E0,0.E0));
#2046=DIRECTION('',(1.E0,0.E0,0.E0));
#2047=AXIS2_PLACEMENT_3D('',#2044,#2045,#2046);
#2049=DIRECTION('',(-9.396926207859E-1,3.420201433256E-1,8.332516699564E-13));
#2050=VECTOR('',#2049,1.246162889608E0);
#2051=CARTESIAN_POINT('',(-1.632898992834E1,2.380960941741E1,
-1.042253089389E-12));
#2052=LINE('',#2051,#2050);
#2053=DIRECTION('',(9.396926207859E-1,3.420201433257E-1,-8.307014307906E-13));
#2054=VECTOR('',#2053,1.246162889608E0);
#2055=CARTESIAN_POINT('',(1.632898992834E1,2.380960941741E1,
1.035189295395E-12));
#2056=LINE('',#2055,#2054);
#2057=CARTESIAN_POINT('',(1.65E1,2.333976310702E1,-3.524361358309E-12));
#2058=DIRECTION('',(2.135973689588E-13,0.E0,1.E0));
#2059=DIRECTION('',(-3.420201433227E-1,9.396926207870E-1,7.305491482115E-14));
#2060=AXIS2_PLACEMENT_3D('',#2057,#2058,#2059);
#2062=CARTESIAN_POINT('',(-1.65E1,2.333976310702E1,3.521835600928E-12));
#2063=DIRECTION('',(-2.134438459311E-13,0.E0,-1.E0));
#2064=DIRECTION('',(3.420201433226E-1,9.396926207870E-1,-7.300178270017E-14));
#2065=AXIS2_PLACEMENT_3D('',#2062,#2063,#2064);
#2067=CARTESIAN_POINT('',(0.E0,2.380960941741E1,0.E0));
#2068=DIRECTION('',(0.E0,-1.E0,0.E0));
#2069=DIRECTION('',(-1.E0,0.E0,0.E0));
#2070=AXIS2_PLACEMENT_3D('',#2067,#2068,#2069);
#2072=CARTESIAN_POINT('',(0.E0,2.230941669171E1,0.E0));
#2073=DIRECTION('',(0.E0,-1.E0,0.E0));
#2074=DIRECTION('',(-1.E0,0.E0,0.E0));
#2075=AXIS2_PLACEMENT_3D('',#2072,#2073,#2074);
#2077=CARTESIAN_POINT('',(0.E0,2.333976310702E1,0.E0));
#2078=DIRECTION('',(0.E0,-1.E0,0.E0));
#2079=DIRECTION('',(-1.E0,0.E0,0.E0));
#2080=AXIS2_PLACEMENT_3D('',#2077,#2078,#2079);
#2082=CARTESIAN_POINT('',(-1.65E1,2.230941669171E1,3.061094433487E-11));
#2083=DIRECTION('',(-1.855207827639E-12,0.E0,-1.E0));
#2084=DIRECTION('',(1.E0,0.E0,-1.855207827639E-12));
#2085=AXIS2_PLACEMENT_3D('',#2082,#2083,#2084);
#2087=CARTESIAN_POINT('',(1.65E1,2.230941669171E1,-3.061277620287E-11));
#2088=DIRECTION('',(1.855318849942E-12,0.E0,1.E0));
#2089=DIRECTION('',(-1.E0,0.E0,1.855318849942E-12));
#2090=AXIS2_PLACEMENT_3D('',#2087,#2088,#2089);
#2092=CARTESIAN_POINT('',(0.E0,2.230941669171E1,0.E0));
#2093=DIRECTION('',(0.E0,-1.E0,0.E0));
#2094=DIRECTION('',(1.E0,0.E0,0.E0));
#2095=AXIS2_PLACEMENT_3D('',#2092,#2093,#2094);
#2097=DIRECTION('',(0.E0,1.E0,-9.011609602027E-12));
#2098=VECTOR('',#2097,1.030346415307E0);
#2099=CARTESIAN_POINT('',(-1.6E1,2.230941669171E1,-1.228444429513E-12));
#2100=LINE('',#2099,#2098);
#2101=CARTESIAN_POINT('',(0.E0,2.333976310702E1,0.E0));
#2102=DIRECTION('',(0.E0,-1.E0,0.E0));
#2103=DIRECTION('',(1.E0,0.E0,0.E0));
#2104=AXIS2_PLACEMENT_3D('',#2101,#2102,#2103);
#2106=DIRECTION('',(0.E0,1.E0,9.019256655397E-12));
#2107=VECTOR('',#2106,1.030346415307E0);
#2108=CARTESIAN_POINT('',(1.6E1,2.230941669171E1,1.220700623916E-12));
#2109=LINE('',#2108,#2107);
#2110=CARTESIAN_POINT('',(0.E0,2.181701281521E1,0.E0));
#2111=DIRECTION('',(0.E0,-1.E0,0.E0));
#2112=DIRECTION('',(1.E0,0.E0,0.E0));
#2113=AXIS2_PLACEMENT_3D('',#2110,#2111,#2112);
#2115=DIRECTION('',(-9.848077530122E-1,1.736481776667E-1,1.574774348347E-12));
#2116=VECTOR('',#2115,1.276058170925E-2);
#2117=CARTESIAN_POINT('',(1.642574263097E1,2.181479696345E1,0.E0));
#2118=LINE('',#2117,#2116);
#2119=CARTESIAN_POINT('',(0.E0,2.181479696345E1,0.E0));
#2120=DIRECTION('',(0.E0,-1.E0,0.E0));
#2121=DIRECTION('',(1.E0,0.E0,0.E0));
#2122=AXIS2_PLACEMENT_3D('',#2119,#2120,#2121);
#2124=DIRECTION('',(9.848077530122E-1,1.736481776670E-1,-1.920820264110E-12));
#2125=VECTOR('',#2124,1.276058170925E-2);
#2126=CARTESIAN_POINT('',(-1.642574263097E1,2.181479696345E1,0.E0));
#2127=LINE('',#2126,#2125);
#2128=CARTESIAN_POINT('',(0.E0,2.181701281521E1,0.E0));
#2129=DIRECTION('',(0.E0,-1.E0,0.E0));
#2130=DIRECTION('',(-1.E0,0.E0,0.E0));
#2131=AXIS2_PLACEMENT_3D('',#2128,#2129,#2130);
#2133=CARTESIAN_POINT('',(0.E0,2.181479696345E1,0.E0));
#2134=DIRECTION('',(0.E0,1.E0,0.E0));
#2135=DIRECTION('',(1.E0,0.E0,0.E0));
#2136=AXIS2_PLACEMENT_3D('',#2133,#2134,#2135);
#2138=CARTESIAN_POINT('',(0.E0,2.096213870745E1,0.E0));
#2139=DIRECTION('',(0.E0,1.E0,0.E0));
#2140=DIRECTION('',(1.E0,0.E0,0.E0));
#2141=AXIS2_PLACEMENT_3D('',#2138,#2139,#2140);
#2143=CARTESIAN_POINT('',(1.62E1,2.053454688453E1,0.E0));
#2144=DIRECTION('',(0.E0,0.E0,1.E0));
#2145=DIRECTION('',(9.443589081076E-1,3.289167868593E-1,0.E0));
#2146=AXIS2_PLACEMENT_3D('',#2143,#2144,#2145);
#2148=CARTESIAN_POINT('',(0.E0,2.096213870745E1,0.E0));
#2149=DIRECTION('',(0.E0,-1.E0,0.E0));
#2150=DIRECTION('',(1.E0,0.E0,0.E0));
#2151=AXIS2_PLACEMENT_3D('',#2148,#2149,#2150);
#2153=CARTESIAN_POINT('',(-1.62E1,2.053454688453E1,0.E0));
#2154=DIRECTION('',(0.E0,0.E0,-1.E0));
#2155=DIRECTION('',(-9.443589081076E-1,3.289167868593E-1,0.E0));
#2156=AXIS2_PLACEMENT_3D('',#2153,#2154,#2155);
#2158=CARTESIAN_POINT('',(1.978856385081E1,2.178443067460E1,0.E0));
#2159=DIRECTION('',(0.E0,0.E0,-1.E0));
#2160=DIRECTION('',(-7.265070945343E-1,-6.871589638441E-1,0.E0));
#2161=AXIS2_PLACEMENT_3D('',#2158,#2159,#2160);
#2163=CARTESIAN_POINT('',(0.E0,2.006653326499E1,0.E0));
#2164=DIRECTION('',(0.E0,-1.E0,0.E0));
#2165=DIRECTION('',(1.E0,0.E0,0.E0));
#2166=AXIS2_PLACEMENT_3D('',#2163,#2164,#2165);
#2168=CARTESIAN_POINT('',(-1.978856385081E1,2.178443067460E1,0.E0));
#2169=DIRECTION('',(0.E0,0.E0,1.E0));
#2170=DIRECTION('',(7.265070945343E-1,-6.871589638441E-1,0.E0));
#2171=AXIS2_PLACEMENT_3D('',#2168,#2169,#2170);
#2173=CARTESIAN_POINT('',(0.E0,2.006653326499E1,0.E0));
#2174=DIRECTION('',(0.E0,1.E0,0.E0));
#2175=DIRECTION('',(1.E0,0.E0,0.E0));
#2176=AXIS2_PLACEMENT_3D('',#2173,#2174,#2175);
#2178=CARTESIAN_POINT('',(0.E0,1.189679951966E1,0.E0));
#2179=DIRECTION('',(0.E0,1.E0,0.E0));
#2180=DIRECTION('',(1.E0,0.E0,0.E0));
#2181=AXIS2_PLACEMENT_3D('',#2178,#2179,#2180);
#2183=CARTESIAN_POINT('',(1.325E1,1.56E1,0.E0));
#2184=DIRECTION('',(0.E0,0.E0,1.E0));
#2185=DIRECTION('',(8.218366817187E-1,-5.697231508212E-1,0.E0));
#2186=AXIS2_PLACEMENT_3D('',#2183,#2184,#2185);
#2188=CARTESIAN_POINT('',(0.E0,1.189679951966E1,0.E0));
#2189=DIRECTION('',(0.E0,-1.E0,0.E0));
#2190=DIRECTION('',(1.E0,0.E0,0.E0));
#2191=AXIS2_PLACEMENT_3D('',#2188,#2189,#2190);
#2193=CARTESIAN_POINT('',(-1.325E1,1.56E1,0.E0));
#2194=DIRECTION('',(0.E0,0.E0,-1.E0));
#2195=DIRECTION('',(-8.218366817187E-1,-5.697231508212E-1,0.E0));
#2196=AXIS2_PLACEMENT_3D('',#2193,#2194,#2195);
#2198=CARTESIAN_POINT('',(1.300632663656E1,3.839446301642E0,0.E0));
#2199=CARTESIAN_POINT('',(1.859193843117E1,1.189679951966E1,0.E0));
#2200=VERTEX_POINT('',#2198);
#2201=VERTEX_POINT('',#2199);
#2202=CARTESIAN_POINT('',(1.797229611447E1,2.006653326499E1,0.E0));
#2203=VERTEX_POINT('',#2202);
#2204=CARTESIAN_POINT('',(1.742766658054E1,2.096213870745E1,0.E0));
#2205=VERTEX_POINT('',#2204);
#2206=CARTESIAN_POINT('',(1.642574263097E1,2.181479696345E1,0.E0));
#2207=VERTEX_POINT('',#2206);
#2208=CARTESIAN_POINT('',(1.517364817767E1,2.075423264423E1,0.E0));
#2209=CARTESIAN_POINT('',(1.579004822203E1,2.038246959340E1,0.E0));
#2210=VERTEX_POINT('',#2208);
#2211=VERTEX_POINT('',#2209);
#2212=CARTESIAN_POINT('',(1.720521699912E1,1.855870115981E1,0.E0));
#2213=VERTEX_POINT('',#2212);
#2214=CARTESIAN_POINT('',(1.713910600380E1,1.295814509620E1,0.E0));
#2215=VERTEX_POINT('',#2214);
#2216=CARTESIAN_POINT('',(-1.300632663656E1,3.839446301642E0,0.E0));
#2217=CARTESIAN_POINT('',(-1.859193843117E1,1.189679951966E1,0.E0));
#2218=VERTEX_POINT('',#2216);
#2219=VERTEX_POINT('',#2217);
#2220=CARTESIAN_POINT('',(-1.797229611447E1,2.006653326499E1,0.E0));
#2221=VERTEX_POINT('',#2220);
#2222=CARTESIAN_POINT('',(-1.742766658054E1,2.096213870745E1,0.E0));
#2223=VERTEX_POINT('',#2222);
#2224=CARTESIAN_POINT('',(-1.642574263097E1,2.181479696345E1,0.E0));
#2225=VERTEX_POINT('',#2224);
#2226=CARTESIAN_POINT('',(-1.517364817767E1,2.075423264423E1,0.E0));
#2227=CARTESIAN_POINT('',(-1.579004822203E1,2.038246959340E1,0.E0));
#2228=VERTEX_POINT('',#2226);
#2229=VERTEX_POINT('',#2227);
#2230=CARTESIAN_POINT('',(-1.720521699912E1,1.855870115981E1,0.E0));
#2231=VERTEX_POINT('',#2230);
#2232=CARTESIAN_POINT('',(-1.713910600380E1,1.295814509620E1,0.E0));
#2233=VERTEX_POINT('',#2232);
#2234=CARTESIAN_POINT('',(9.570186667064E0,7.163717094035E-3,0.E0));
#2235=CARTESIAN_POINT('',(1.01E1,2.E-1,0.E0));
#2236=VERTEX_POINT('',#2234);
#2237=VERTEX_POINT('',#2235);
#2238=CARTESIAN_POINT('',(1.01E1,7.E-1,0.E0));
#2239=VERTEX_POINT('',#2238);
#2240=CARTESIAN_POINT('',(1.169986839248E1,5.213938048433E-1,0.E0));
#2241=CARTESIAN_POINT('',(1.231416543494E1,-2.106969024216E-1,0.E0));
#2242=VERTEX_POINT('',#2240);
#2243=VERTEX_POINT('',#2241);
#2244=CARTESIAN_POINT('',(1.297059520478E1,0.E0,0.E0));
#2245=CARTESIAN_POINT('',(1.266531103213E1,2.452998581355E0,0.E0));
#2246=VERTEX_POINT('',#2244);
#2247=VERTEX_POINT('',#2245);
#2248=CARTESIAN_POINT('',(-9.570186667064E0,7.163717094036E-3,0.E0));
#2249=CARTESIAN_POINT('',(-1.01E1,2.E-1,0.E0));
#2250=VERTEX_POINT('',#2248);
#2251=VERTEX_POINT('',#2249);
#2252=CARTESIAN_POINT('',(-1.01E1,7.E-1,0.E0));
#2253=VERTEX_POINT('',#2252);
#2254=CARTESIAN_POINT('',(-1.169986839248E1,5.213938048433E-1,0.E0));
#2255=CARTESIAN_POINT('',(-1.231416543494E1,-2.106969024216E-1,0.E0));
#2256=VERTEX_POINT('',#2254);
#2257=VERTEX_POINT('',#2255);
#2258=CARTESIAN_POINT('',(-1.297059520478E1,0.E0,0.E0));
#2259=CARTESIAN_POINT('',(-1.266531103213E1,2.452998581355E0,0.E0));
#2260=VERTEX_POINT('',#2258);
#2261=VERTEX_POINT('',#2259);
#2262=CARTESIAN_POINT('',(1.75E1,2.423582222752E1,0.E0));
#2263=CARTESIAN_POINT('',(1.75E1,2.53E1,0.E0));
#2264=VERTEX_POINT('',#2262);
#2265=VERTEX_POINT('',#2263);
#2266=CARTESIAN_POINT('',(-1.75E1,2.423582222752E1,0.E0));
#2267=CARTESIAN_POINT('',(-1.75E1,2.53E1,0.E0));
#2268=VERTEX_POINT('',#2266);
#2269=VERTEX_POINT('',#2267);
#2270=CARTESIAN_POINT('',(6.75E0,1.1E0,0.E0));
#2271=CARTESIAN_POINT('',(7.35E0,7.E-1,0.E0));
#2272=VERTEX_POINT('',#2270);
#2273=VERTEX_POINT('',#2271);
#2274=CARTESIAN_POINT('',(-6.75E0,1.1E0,0.E0));
#2275=CARTESIAN_POINT('',(-7.35E0,7.E-1,0.E0));
#2276=VERTEX_POINT('',#2274);
#2277=VERTEX_POINT('',#2275);
#2278=CARTESIAN_POINT('',(9.27E0,2.52E0,0.E0));
#2279=CARTESIAN_POINT('',(9.27E0,4.E0,0.E0));
#2280=VERTEX_POINT('',#2278);
#2281=VERTEX_POINT('',#2279);
#2282=CARTESIAN_POINT('',(8.55E0,4.E0,0.E0));
#2283=CARTESIAN_POINT('',(8.55E0,2.52E0,0.E0));
#2284=VERTEX_POINT('',#2282);
#2285=VERTEX_POINT('',#2283);
#2286=CARTESIAN_POINT('',(9.77E0,1.3E0,0.E0));
#2287=VERTEX_POINT('',#2286);
#2288=CARTESIAN_POINT('',(-9.27E0,2.52E0,0.E0));
#2289=CARTESIAN_POINT('',(-9.27E0,4.E0,0.E0));
#2290=VERTEX_POINT('',#2288);
#2291=VERTEX_POINT('',#2289);
#2292=CARTESIAN_POINT('',(-8.55E0,4.E0,0.E0));
#2293=CARTESIAN_POINT('',(-8.55E0,2.52E0,0.E0));
#2294=VERTEX_POINT('',#2292);
#2295=VERTEX_POINT('',#2293);
#2296=CARTESIAN_POINT('',(-9.77E0,1.3E0,0.E0));
#2297=VERTEX_POINT('',#2296);
#2298=CARTESIAN_POINT('',(1.435E1,2.301709673863E1,0.E0));
#2299=CARTESIAN_POINT('',(1.455E1,2.281709673863E1,0.E0));
#2300=VERTEX_POINT('',#2298);
#2301=VERTEX_POINT('',#2299);
#2302=CARTESIAN_POINT('',(1.425E1,2.251709673863E1,0.E0));
#2303=VERTEX_POINT('',#2302);
#2304=CARTESIAN_POINT('',(1.455E1,2.221709673863E1,0.E0));
#2305=VERTEX_POINT('',#2304);
#2306=CARTESIAN_POINT('',(1.425E1,2.201709673863E1,0.E0));
#2307=VERTEX_POINT('',#2306);
#2308=CARTESIAN_POINT('',(1.455E1,2.181709673863E1,0.E0));
#2309=VERTEX_POINT('',#2308);
#2310=CARTESIAN_POINT('',(1.425E1,2.151709673863E1,0.E0));
#2311=VERTEX_POINT('',#2310);
#2312=CARTESIAN_POINT('',(-1.435E1,2.301709673863E1,0.E0));
#2313=CARTESIAN_POINT('',(-1.455E1,2.281709673863E1,0.E0));
#2314=VERTEX_POINT('',#2312);
#2315=VERTEX_POINT('',#2313);
#2316=CARTESIAN_POINT('',(-1.425E1,2.251709673863E1,0.E0));
#2317=VERTEX_POINT('',#2316);
#2318=CARTESIAN_POINT('',(-1.455E1,2.221709673863E1,0.E0));
#2319=VERTEX_POINT('',#2318);
#2320=CARTESIAN_POINT('',(-1.425E1,2.201709673863E1,0.E0));
#2321=VERTEX_POINT('',#2320);
#2322=CARTESIAN_POINT('',(-1.455E1,2.181709673863E1,0.E0));
#2323=VERTEX_POINT('',#2322);
#2324=CARTESIAN_POINT('',(-1.425E1,2.151709673863E1,0.E0));
#2325=VERTEX_POINT('',#2324);
#2326=VERTEX_POINT('',#702);
#2327=VERTEX_POINT('',#708);
#2328=VERTEX_POINT('',#758);
#2329=CARTESIAN_POINT('',(1.125E1,2.02E0,0.E0));
#2330=CARTESIAN_POINT('',(1.122916666667E1,2.02E0,-6.843361544024E-1));
#2331=VERTEX_POINT('',#2329);
#2332=VERTEX_POINT('',#2330);
#2333=CARTESIAN_POINT('',(9.747757142857E0,2.02E0,6.588859414782E-1));
#2334=CARTESIAN_POINT('',(1.122916666667E1,2.02E0,6.843361544024E-1));
#2335=VERTEX_POINT('',#2333);
#2336=VERTEX_POINT('',#2334);
#2337=CARTESIAN_POINT('',(9.747757142857E0,2.02E0,-6.588859414782E-1));
#2338=VERTEX_POINT('',#2337);
#2339=VERTEX_POINT('',#1265);
#2340=CARTESIAN_POINT('',(9.5E0,4.577086559585E0,0.E0));
#2341=VERTEX_POINT('',#2340);
#2342=CARTESIAN_POINT('',(1.15E1,2.02E0,0.E0));
#2343=VERTEX_POINT('',#2342);
#2344=VERTEX_POINT('',#710);
#2345=VERTEX_POINT('',#716);
#2346=VERTEX_POINT('',#724);
#2347=CARTESIAN_POINT('',(6.207235827774E0,2.02E0,-9.382575519462E0));
#2348=CARTESIAN_POINT('',(5.021930838893E0,2.02E0,-1.006691167386E1));
#2349=VERTEX_POINT('',#2347);
#2350=VERTEX_POINT('',#2348);
#2351=CARTESIAN_POINT('',(5.444490534945E0,2.02E0,-8.112362344896E0));
#2352=VERTEX_POINT('',#2351);
#2353=CARTESIAN_POINT('',(4.303266607912E0,2.02E0,-8.771248286375E0));
#2354=VERTEX_POINT('',#2353);
#2355=VERTEX_POINT('',#1272);
#2356=CARTESIAN_POINT('',(4.75E0,4.577086559585E0,-8.227241335952E0));
#2357=VERTEX_POINT('',#2356);
#2358=CARTESIAN_POINT('',(5.75E0,2.02E0,-9.959292143521E0));
#2359=VERTEX_POINT('',#2358);
#2360=VERTEX_POINT('',#726);
#2361=VERTEX_POINT('',#732);
#2362=VERTEX_POINT('',#740);
#2363=CARTESIAN_POINT('',(-5.021930838893E0,2.02E0,-1.006691167386E1));
#2364=CARTESIAN_POINT('',(-6.207235827774E0,2.02E0,-9.382575519462E0));
#2365=VERTEX_POINT('',#2363);
#2366=VERTEX_POINT('',#2364);
#2367=CARTESIAN_POINT('',(-4.303266607912E0,2.02E0,-8.771248286375E0));
#2368=VERTEX_POINT('',#2367);
#2369=CARTESIAN_POINT('',(-5.444490534945E0,2.02E0,-8.112362344896E0));
#2370=VERTEX_POINT('',#2369);
#2371=VERTEX_POINT('',#1297);
#2372=CARTESIAN_POINT('',(-4.75E0,4.577086559585E0,-8.227241335952E0));
#2373=VERTEX_POINT('',#2372);
#2374=CARTESIAN_POINT('',(-5.75E0,2.02E0,-9.959292143521E0));
#2375=VERTEX_POINT('',#2374);
#2376=VERTEX_POINT('',#689);
#2377=VERTEX_POINT('',#695);
#2378=VERTEX_POINT('',#785);
#2379=CARTESIAN_POINT('',(-1.122916666667E1,2.02E0,-6.843361544024E-1));
#2380=CARTESIAN_POINT('',(-1.125E1,2.02E0,0.E0));
#2381=VERTEX_POINT('',#2379);
#2382=VERTEX_POINT('',#2380);
#2383=CARTESIAN_POINT('',(-9.747757142857E0,2.02E0,-6.588859414782E-1));
#2384=VERTEX_POINT('',#2383);
#2385=CARTESIAN_POINT('',(-1.122916666667E1,2.02E0,6.843361544024E-1));
#2386=CARTESIAN_POINT('',(-9.747757142857E0,2.02E0,6.588859414782E-1));
#2387=VERTEX_POINT('',#2385);
#2388=VERTEX_POINT('',#2386);
#2389=VERTEX_POINT('',#1243);
#2390=CARTESIAN_POINT('',(-9.5E0,4.577086559585E0,0.E0));
#2391=VERTEX_POINT('',#2390);
#2392=CARTESIAN_POINT('',(-1.15E1,2.02E0,0.E0));
#2393=VERTEX_POINT('',#2392);
#2394=VERTEX_POINT('',#787);
#2395=VERTEX_POINT('',#793);
#2396=VERTEX_POINT('',#801);
#2397=CARTESIAN_POINT('',(-5.444490534945E0,2.02E0,8.112362344896E0));
#2398=CARTESIAN_POINT('',(-6.207235827774E0,2.02E0,9.382575519462E0));
#2399=VERTEX_POINT('',#2397);
#2400=VERTEX_POINT('',#2398);
#2401=CARTESIAN_POINT('',(-5.021930838893E0,2.02E0,1.006691167386E1));
#2402=CARTESIAN_POINT('',(-4.303266607912E0,2.02E0,8.771248286375E0));
#2403=VERTEX_POINT('',#2401);
#2404=VERTEX_POINT('',#2402);
#2405=VERTEX_POINT('',#996);
#2406=CARTESIAN_POINT('',(-4.75E0,4.577086559585E0,8.227241335952E0));
#2407=VERTEX_POINT('',#2406);
#2408=CARTESIAN_POINT('',(-5.75E0,2.02E0,9.959292143521E0));
#2409=VERTEX_POINT('',#2408);
#2410=VERTEX_POINT('',#742);
#2411=VERTEX_POINT('',#748);
#2412=VERTEX_POINT('',#756);
#2413=CARTESIAN_POINT('',(4.303266607912E0,2.02E0,8.771248286375E0));
#2414=CARTESIAN_POINT('',(5.021930838893E0,2.02E0,1.006691167386E1));
#2415=VERTEX_POINT('',#2413);
#2416=VERTEX_POINT('',#2414);
#2417=CARTESIAN_POINT('',(6.207235827774E0,2.02E0,9.382575519462E0));
#2418=CARTESIAN_POINT('',(5.444490534945E0,2.02E0,8.112362344896E0));
#2419=VERTEX_POINT('',#2417);
#2420=VERTEX_POINT('',#2418);
#2421=VERTEX_POINT('',#932);
#2422=CARTESIAN_POINT('',(4.75E0,4.577086559585E0,8.227241335952E0));
#2423=VERTEX_POINT('',#2422);
#2424=CARTESIAN_POINT('',(5.75E0,2.02E0,9.959292143521E0));
#2425=VERTEX_POINT('',#2424);
#2426=CARTESIAN_POINT('',(1.135E1,1.3E0,0.E0));
#2427=CARTESIAN_POINT('',(1.135E1,7.E-1,0.E0));
#2428=VERTEX_POINT('',#2426);
#2429=VERTEX_POINT('',#2427);
#2430=CARTESIAN_POINT('',(1.015E1,1.3E0,0.E0));
#2431=CARTESIAN_POINT('',(1.124488372093E1,1.3E0,3.392493224138E-1));
#2432=VERTEX_POINT('',#2430);
#2433=VERTEX_POINT('',#2431);
#2434=CARTESIAN_POINT('',(1.124488372093E1,1.3E0,-3.392493224138E-1));
#2435=VERTEX_POINT('',#2434);
#2436=CARTESIAN_POINT('',(1.015E1,7.E-1,0.E0));
#2437=VERTEX_POINT('',#2436);
#2438=CARTESIAN_POINT('',(5.675E0,1.3E0,-9.829388332953E0));
#2439=CARTESIAN_POINT('',(5.675E0,7.E-1,-9.829388332953E0));
#2440=VERTEX_POINT('',#2438);
#2441=VERTEX_POINT('',#2439);
#2442=CARTESIAN_POINT('',(5.075E0,1.3E0,-8.790157848412E0));
#2443=CARTESIAN_POINT('',(5.916240391892E0,1.3E0,-9.568730303721E0));
#2444=VERTEX_POINT('',#2442);
#2445=VERTEX_POINT('',#2443);
#2446=CARTESIAN_POINT('',(5.328643329038E0,1.3E0,-9.907979626135E0));
#2447=VERTEX_POINT('',#2446);
#2448=CARTESIAN_POINT('',(5.075E0,7.E-1,-8.790157848412E0));
#2449=VERTEX_POINT('',#2448);
#2450=CARTESIAN_POINT('',(-5.675E0,1.3E0,-9.829388332953E0));
#2451=CARTESIAN_POINT('',(-5.675E0,7.E-1,-9.829388332953E0));
#2452=VERTEX_POINT('',#2450);
#2453=VERTEX_POINT('',#2451);
#2454=CARTESIAN_POINT('',(-5.075E0,1.3E0,-8.790157848412E0));
#2455=CARTESIAN_POINT('',(-5.328643329038E0,1.3E0,-9.907979626135E0));
#2456=VERTEX_POINT('',#2454);
#2457=VERTEX_POINT('',#2455);
#2458=CARTESIAN_POINT('',(-5.916240391892E0,1.3E0,-9.568730303721E0));
#2459=VERTEX_POINT('',#2458);
#2460=CARTESIAN_POINT('',(-5.075E0,7.E-1,-8.790157848412E0));
#2461=VERTEX_POINT('',#2460);
#2462=CARTESIAN_POINT('',(-1.135E1,1.3E0,0.E0));
#2463=CARTESIAN_POINT('',(-1.135E1,7.E-1,0.E0));
#2464=VERTEX_POINT('',#2462);
#2465=VERTEX_POINT('',#2463);
#2466=CARTESIAN_POINT('',(-1.015E1,1.3E0,0.E0));
#2467=CARTESIAN_POINT('',(-1.124488372093E1,1.3E0,-3.392493224138E-1));
#2468=VERTEX_POINT('',#2466);
#2469=VERTEX_POINT('',#2467);
#2470=CARTESIAN_POINT('',(-1.124488372093E1,1.3E0,3.392493224138E-1));
#2471=VERTEX_POINT('',#2470);
#2472=CARTESIAN_POINT('',(-1.015E1,7.E-1,0.E0));
#2473=VERTEX_POINT('',#2472);
#2474=CARTESIAN_POINT('',(-5.675E0,1.3E0,9.829388332953E0));
#2475=CARTESIAN_POINT('',(-5.675E0,7.E-1,9.829388332953E0));
#2476=VERTEX_POINT('',#2474);
#2477=VERTEX_POINT('',#2475);
#2478=CARTESIAN_POINT('',(-5.075E0,1.3E0,8.790157848412E0));
#2479=CARTESIAN_POINT('',(-5.916240391892E0,1.3E0,9.568730303721E0));
#2480=VERTEX_POINT('',#2478);
#2481=VERTEX_POINT('',#2479);
#2482=CARTESIAN_POINT('',(-5.328643329038E0,1.3E0,9.907979626135E0));
#2483=VERTEX_POINT('',#2482);
#2484=CARTESIAN_POINT('',(-5.075E0,7.E-1,8.790157848412E0));
#2485=VERTEX_POINT('',#2484);
#2486=CARTESIAN_POINT('',(5.675E0,1.3E0,9.829388332953E0));
#2487=CARTESIAN_POINT('',(5.675E0,7.E-1,9.829388332953E0));
#2488=VERTEX_POINT('',#2486);
#2489=VERTEX_POINT('',#2487);
#2490=CARTESIAN_POINT('',(5.075E0,1.3E0,8.790157848412E0));
#2491=CARTESIAN_POINT('',(5.328643329038E0,1.3E0,9.907979626135E0));
#2492=VERTEX_POINT('',#2490);
#2493=VERTEX_POINT('',#2491);
#2494=CARTESIAN_POINT('',(5.916240391892E0,1.3E0,9.568730303721E0));
#2495=VERTEX_POINT('',#2494);
#2496=CARTESIAN_POINT('',(5.075E0,7.E-1,8.790157848412E0));
#2497=VERTEX_POINT('',#2496);
#2498=CARTESIAN_POINT('',(-1.6E1,2.230941669171E1,0.E0));
#2499=CARTESIAN_POINT('',(1.6E1,2.230941669171E1,0.E0));
#2500=VERTEX_POINT('',#2498);
#2501=VERTEX_POINT('',#2499);
#2502=CARTESIAN_POINT('',(-1.641317591117E1,2.181701281521E1,0.E0));
#2503=CARTESIAN_POINT('',(1.641317591117E1,2.181701281521E1,0.E0));
#2504=VERTEX_POINT('',#2502);
#2505=VERTEX_POINT('',#2503);
#2506=CARTESIAN_POINT('',(1.6E1,2.333976310702E1,1.051365938753E-11));
#2507=VERTEX_POINT('',#2506);
#2508=CARTESIAN_POINT('',(-1.6E1,2.333976310702E1,-1.051352407910E-11));
#2509=VERTEX_POINT('',#2508);
#2510=CARTESIAN_POINT('',(-1.632898992834E1,2.380960941741E1,0.E0));
#2511=CARTESIAN_POINT('',(1.632898992834E1,2.380960941741E1,0.E0));
#2512=VERTEX_POINT('',#2510);
#2513=VERTEX_POINT('',#2511);
#2514=CARTESIAN_POINT('',(-1.425E1,2.390703447717E1,0.E0));
#2515=CARTESIAN_POINT('',(1.425E1,2.390703447717E1,0.E0));
#2516=VERTEX_POINT('',#2514);
#2517=VERTEX_POINT('',#2515);
#2518=CARTESIAN_POINT('',(-1.444739395700E1,2.418894226341E1,0.E0));
#2519=CARTESIAN_POINT('',(1.444739395700E1,2.418894226341E1,0.E0));
#2520=VERTEX_POINT('',#2518);
#2521=VERTEX_POINT('',#2519);
#2522=CARTESIAN_POINT('',(-1.449790554670E1,2.087338430208E1,0.E0));
#2523=CARTESIAN_POINT('',(1.449790554670E1,2.087338430208E1,0.E0));
#2524=VERTEX_POINT('',#2522);
#2525=VERTEX_POINT('',#2523);
#2526=CARTESIAN_POINT('',(-1.425E1,2.116882662799E1,0.E0));
#2527=CARTESIAN_POINT('',(1.425E1,2.116882662799E1,0.E0));
#2528=VERTEX_POINT('',#2526);
#2529=VERTEX_POINT('',#2527);
#2530=CARTESIAN_POINT('',(1.425E1,2.351709673863E1,0.E0));
#2531=VERTEX_POINT('',#2530);
#2532=CARTESIAN_POINT('',(-1.425E1,2.351709673863E1,0.E0));
#2533=VERTEX_POINT('',#2532);
#2534=CARTESIAN_POINT('',(1.266116240483E1,-2.457655424621E-1,0.E0));
#2535=VERTEX_POINT('',#2534);
#2536=CARTESIAN_POINT('',(-1.266116240483E1,-2.457655424621E-1,0.E0));
#2537=VERTEX_POINT('',#2536);
#2538=CARTESIAN_POINT('',(1.131504684913E1,7.E-1,2.017970720471E-1));
#2539=VERTEX_POINT('',#2538);
#2540=CARTESIAN_POINT('',(1.131504684913E1,7.E-1,-2.017970720471E-1));
#2541=VERTEX_POINT('',#2540);
#2542=CARTESIAN_POINT('',(5.832284815368E0,7.E-1,-9.698219480335E0));
#2543=VERTEX_POINT('',#2542);
#2544=CARTESIAN_POINT('',(5.482762033764E0,7.E-1,-9.900016552382E0));
#2545=VERTEX_POINT('',#2544);
#2546=CARTESIAN_POINT('',(-5.482762033764E0,7.E-1,-9.900016552382E0));
#2547=VERTEX_POINT('',#2546);
#2548=CARTESIAN_POINT('',(-5.832284815368E0,7.E-1,-9.698219480335E0));
#2549=VERTEX_POINT('',#2548);
#2550=CARTESIAN_POINT('',(-1.131504684913E1,7.E-1,-2.017970720471E-1));
#2551=VERTEX_POINT('',#2550);
#2552=CARTESIAN_POINT('',(-1.131504684913E1,7.E-1,2.017970720471E-1));
#2553=VERTEX_POINT('',#2552);
#2554=CARTESIAN_POINT('',(-5.832284815368E0,7.E-1,9.698219480335E0));
#2555=VERTEX_POINT('',#2554);
#2556=CARTESIAN_POINT('',(-5.482762033764E0,7.E-1,9.900016552382E0));
#2557=VERTEX_POINT('',#2556);
#2558=CARTESIAN_POINT('',(5.482762033764E0,7.E-1,9.900016552382E0));
#2559=VERTEX_POINT('',#2558);
#2560=CARTESIAN_POINT('',(5.832284815368E0,7.E-1,9.698219480335E0));
#2561=VERTEX_POINT('',#2560);
#2562=CARTESIAN_POINT('',(1.125E1,1.3E0,0.E0));
#2563=VERTEX_POINT('',#2562);
#2564=CARTESIAN_POINT('',(1.131684771739E1,6.999999999976E-1,0.E0));
#2565=VERTEX_POINT('',#2564);
#2566=CARTESIAN_POINT('',(-1.125E1,1.3E0,0.E0));
#2567=VERTEX_POINT('',#2566);
#2568=CARTESIAN_POINT('',(-1.131684617092E1,7.E-1,0.E0));
#2569=VERTEX_POINT('',#2568);
#2570=CARTESIAN_POINT('',(1.455E1,2.321709673863E1,0.E0));
#2571=VERTEX_POINT('',#2570);
#2572=CARTESIAN_POINT('',(-1.455E1,2.321709673863E1,0.E0));
#2573=VERTEX_POINT('',#2572);
#2574=CARTESIAN_POINT('',(9.288564782576E0,3.427876096865E-1,0.E0));
#2575=CARTESIAN_POINT('',(-9.288564782576E0,3.427876096865E-1,0.E0));
#2576=VERTEX_POINT('',#2574);
#2577=VERTEX_POINT('',#2575);
#2578=CARTESIAN_POINT('',(8.522520339457E0,7.E-1,0.E0));
#2579=CARTESIAN_POINT('',(-8.522520339457E0,7.E-1,0.E0));
#2580=VERTEX_POINT('',#2578);
#2581=VERTEX_POINT('',#2579);
#2582=CARTESIAN_POINT('',(8.824295168107E0,4.5E0,0.E0));
#2583=CARTESIAN_POINT('',(-8.824295168107E0,4.5E0,0.E0));
#2584=VERTEX_POINT('',#2582);
#2585=VERTEX_POINT('',#2583);
#2586=CARTESIAN_POINT('',(7.05E0,4.5E0,0.E0));
#2587=CARTESIAN_POINT('',(6.75E0,4.1E0,0.E0));
#2588=VERTEX_POINT('',#2586);
#2589=VERTEX_POINT('',#2587);
#2590=CARTESIAN_POINT('',(6.75E0,3.5E0,0.E0));
#2591=VERTEX_POINT('',#2590);
#2592=CARTESIAN_POINT('',(7.230117687997E0,3.374286538337E0,0.E0));
#2593=VERTEX_POINT('',#2592);
#2594=CARTESIAN_POINT('',(7.282067430027E0,3.109136905629E0,0.E0));
#2595=VERTEX_POINT('',#2594);
#2596=CARTESIAN_POINT('',(6.925179641598E0,2.841727909622E0,0.E0));
#2597=VERTEX_POINT('',#2596);
#2598=CARTESIAN_POINT('',(6.926755356750E0,2.360389471004E0,0.E0));
#2599=VERTEX_POINT('',#2598);
#2600=CARTESIAN_POINT('',(7.289992086675E0,2.091918608746E0,0.E0));
#2601=VERTEX_POINT('',#2600);
#2602=CARTESIAN_POINT('',(7.238325861981E0,1.826051546951E0,0.E0));
#2603=VERTEX_POINT('',#2602);
#2604=CARTESIAN_POINT('',(6.75E0,1.7E0,0.E0));
#2605=VERTEX_POINT('',#2604);
#2606=CARTESIAN_POINT('',(-7.05E0,4.5E0,0.E0));
#2607=CARTESIAN_POINT('',(-6.75E0,4.1E0,0.E0));
#2608=VERTEX_POINT('',#2606);
#2609=VERTEX_POINT('',#2607);
#2610=CARTESIAN_POINT('',(-6.75E0,3.5E0,0.E0));
#2611=VERTEX_POINT('',#2610);
#2612=CARTESIAN_POINT('',(-7.230117687997E0,3.374286538337E0,0.E0));
#2613=VERTEX_POINT('',#2612);
#2614=CARTESIAN_POINT('',(-7.282067430027E0,3.109136905629E0,0.E0));
#2615=VERTEX_POINT('',#2614);
#2616=CARTESIAN_POINT('',(-6.925179641598E0,2.841727909622E0,0.E0));
#2617=VERTEX_POINT('',#2616);
#2618=CARTESIAN_POINT('',(-6.926755356750E0,2.360389471004E0,0.E0));
#2619=VERTEX_POINT('',#2618);
#2620=CARTESIAN_POINT('',(-7.289992086675E0,2.091918608746E0,0.E0));
#2621=VERTEX_POINT('',#2620);
#2622=CARTESIAN_POINT('',(-7.238325861981E0,1.826051546951E0,0.E0));
#2623=VERTEX_POINT('',#2622);
#2624=CARTESIAN_POINT('',(-6.75E0,1.7E0,0.E0));
#2625=VERTEX_POINT('',#2624);
#2626=CARTESIAN_POINT('',(0.E0,7.868122910652E0,0.E0));
#2627=DIRECTION('',(0.E0,1.E0,0.E0));
#2628=DIRECTION('',(1.E0,0.E0,0.E0));
#2629=AXIS2_PLACEMENT_3D('',#2626,#2627,#2628);
#2630=CONICAL_SURFACE('',#2629,1.579913253387E1,3.473092247516E1);
#2632=ORIENTED_EDGE('',*,*,#2631,.T.);
#2634=ORIENTED_EDGE('',*,*,#2633,.T.);
#2636=ORIENTED_EDGE('',*,*,#2635,.F.);
#2638=ORIENTED_EDGE('',*,*,#2637,.F.);
#2639=EDGE_LOOP('',(#2632,#2634,#2636,#2638));
#2640=FACE_OUTER_BOUND('',#2639,.F.);
#2642=CARTESIAN_POINT('',(0.E0,7.868122910652E0,0.E0));
#2643=DIRECTION('',(0.E0,1.E0,0.E0));
#2644=DIRECTION('',(1.E0,0.E0,0.E0));
#2645=AXIS2_PLACEMENT_3D('',#2642,#2643,#2644);
#2646=CONICAL_SURFACE('',#2645,1.579913253387E1,3.473092247516E1);
#2647=ORIENTED_EDGE('',*,*,#2631,.F.);
#2649=ORIENTED_EDGE('',*,*,#2648,.T.);
#2650=ORIENTED_EDGE('',*,*,#2635,.T.);
#2652=ORIENTED_EDGE('',*,*,#2651,.F.);
#2653=EDGE_LOOP('',(#2647,#2649,#2650,#2652));
#2654=FACE_OUTER_BOUND('',#2653,.F.);
#2656=CARTESIAN_POINT('',(0.E0,2.7E0,0.E0));
#2657=DIRECTION('',(0.E0,1.E0,0.E0));
#2658=DIRECTION('',(1.E0,0.E0,0.E0));
#2659=AXIS2_PLACEMENT_3D('',#2656,#2657,#2658);
#2660=TOROIDAL_SURFACE('',#2659,1.465E1,2.E0);
#2662=ORIENTED_EDGE('',*,*,#2661,.F.);
#2664=ORIENTED_EDGE('',*,*,#2663,.T.);
#2666=ORIENTED_EDGE('',*,*,#2665,.T.);
#2667=ORIENTED_EDGE('',*,*,#2648,.F.);
#2668=EDGE_LOOP('',(#2662,#2664,#2666,#2667));
#2669=FACE_OUTER_BOUND('',#2668,.F.);
#2671=CARTESIAN_POINT('',(0.E0,2.7E0,0.E0));
#2672=DIRECTION('',(0.E0,1.E0,0.E0));
#2673=DIRECTION('',(1.E0,0.E0,0.E0));
#2674=AXIS2_PLACEMENT_3D('',#2671,#2672,#2673);
#2675=TOROIDAL_SURFACE('',#2674,1.465E1,2.E0);
#2676=ORIENTED_EDGE('',*,*,#2661,.T.);
#2677=ORIENTED_EDGE('',*,*,#2637,.T.);
#2678=ORIENTED_EDGE('',*,*,#2665,.F.);
#2680=ORIENTED_EDGE('',*,*,#2679,.F.);
#2681=EDGE_LOOP('',(#2676,#2677,#2678,#2680));
#2682=FACE_OUTER_BOUND('',#2681,.F.);
#2684=CARTESIAN_POINT('',(0.E0,1.226499290678E0,0.E0));
#2685=DIRECTION('',(0.E0,-1.E0,0.E0));
#2686=DIRECTION('',(-1.E0,0.E0,0.E0));
#2687=AXIS2_PLACEMENT_3D('',#2684,#2685,#2686);
#2688=CONICAL_SURFACE('',#2687,1.281795311846E1,7.094181874990E0);
#2690=ORIENTED_EDGE('',*,*,#2689,.T.);
#2691=ORIENTED_EDGE('',*,*,#2679,.T.);
#2693=ORIENTED_EDGE('',*,*,#2692,.F.);
#2695=ORIENTED_EDGE('',*,*,#2694,.F.);
#2696=EDGE_LOOP('',(#2690,#2691,#2693,#2695));
#2697=FACE_OUTER_BOUND('',#2696,.F.);
#2699=CARTESIAN_POINT('',(0.E0,1.226499290678E0,0.E0));
#2700=DIRECTION('',(0.E0,-1.E0,0.E0));
#2701=DIRECTION('',(-1.E0,0.E0,0.E0));
#2702=AXIS2_PLACEMENT_3D('',#2699,#2700,#2701);
#2703=CONICAL_SURFACE('',#2702,1.281795311846E1,7.094181874990E0);
#2704=ORIENTED_EDGE('',*,*,#2689,.F.);
#2706=ORIENTED_EDGE('',*,*,#2705,.T.);
#2707=ORIENTED_EDGE('',*,*,#2692,.T.);
#2708=ORIENTED_EDGE('',*,*,#2663,.F.);
#2709=EDGE_LOOP('',(#2704,#2706,#2707,#2708));
#2710=FACE_OUTER_BOUND('',#2709,.F.);
#2712=CARTESIAN_POINT('',(0.E0,-1.228827712310E-1,0.E0));
#2713=DIRECTION('',(0.E0,1.E0,0.E0));
#2714=DIRECTION('',(1.E0,0.E0,0.E0));
#2715=AXIS2_PLACEMENT_3D('',#2712,#2713,#2714);
#2716=CONICAL_SURFACE('',#2715,1.281587880481E1,5.154180619326E1);
#2718=ORIENTED_EDGE('',*,*,#2717,.F.);
#2720=ORIENTED_EDGE('',*,*,#2719,.T.);
#2722=ORIENTED_EDGE('',*,*,#2721,.T.);
#2723=ORIENTED_EDGE('',*,*,#2705,.F.);
#2724=EDGE_LOOP('',(#2718,#2720,#2722,#2723));
#2725=FACE_OUTER_BOUND('',#2724,.F.);
#2727=CARTESIAN_POINT('',(0.E0,-1.228827712310E-1,0.E0));
#2728=DIRECTION('',(0.E0,1.E0,0.E0));
#2729=DIRECTION('',(1.E0,0.E0,0.E0));
#2730=AXIS2_PLACEMENT_3D('',#2727,#2728,#2729);
#2731=CONICAL_SURFACE('',#2730,1.281587880481E1,5.154180619326E1);
#2732=ORIENTED_EDGE('',*,*,#2717,.T.);
#2733=ORIENTED_EDGE('',*,*,#2694,.T.);
#2734=ORIENTED_EDGE('',*,*,#2721,.F.);
#2736=ORIENTED_EDGE('',*,*,#2735,.F.);
#2737=EDGE_LOOP('',(#2732,#2733,#2734,#2736));
#2738=FACE_OUTER_BOUND('',#2737,.F.);
#2740=CARTESIAN_POINT('',(0.E0,-5.E-2,0.E0));
#2741=DIRECTION('',(0.E0,1.E0,0.E0));
#2742=DIRECTION('',(1.E0,0.E0,0.E0));
#2743=AXIS2_PLACEMENT_3D('',#2740,#2741,#2742);
#2744=TOROIDAL_SURFACE('',#2743,1.250567654572E1,2.5E-1);
#2746=ORIENTED_EDGE('',*,*,#2745,.T.);
#2747=ORIENTED_EDGE('',*,*,#2735,.T.);
#2749=ORIENTED_EDGE('',*,*,#2748,.F.);
#2751=ORIENTED_EDGE('',*,*,#2750,.F.);
#2752=EDGE_LOOP('',(#2746,#2747,#2749,#2751));
#2753=FACE_OUTER_BOUND('',#2752,.F.);
#2755=CARTESIAN_POINT('',(0.E0,-5.E-2,0.E0));
#2756=DIRECTION('',(0.E0,1.E0,0.E0));
#2757=DIRECTION('',(1.E0,0.E0,0.E0));
#2758=AXIS2_PLACEMENT_3D('',#2755,#2756,#2757);
#2759=TOROIDAL_SURFACE('',#2758,1.250567654572E1,2.5E-1);
#2760=ORIENTED_EDGE('',*,*,#2745,.F.);
#2762=ORIENTED_EDGE('',*,*,#2761,.T.);
#2763=ORIENTED_EDGE('',*,*,#2748,.T.);
#2764=ORIENTED_EDGE('',*,*,#2719,.F.);
#2765=EDGE_LOOP('',(#2760,#2762,#2763,#2764));
#2766=FACE_OUTER_BOUND('',#2765,.F.);
#2768=CARTESIAN_POINT('',(0.E0,1.553484512108E-1,0.E0));
#2769=DIRECTION('',(0.E0,-1.E0,0.E0));
#2770=DIRECTION('',(-1.E0,0.E0,0.E0));
#2771=AXIS2_PLACEMENT_3D('',#2768,#2769,#2770);
#2772=CONICAL_SURFACE('',#2771,1.200701691371E1,4.E1);
#2774=ORIENTED_EDGE('',*,*,#2773,.F.);
#2776=ORIENTED_EDGE('',*,*,#2775,.T.);
#2778=ORIENTED_EDGE('',*,*,#2777,.T.);
#2779=ORIENTED_EDGE('',*,*,#2761,.F.);
#2780=EDGE_LOOP('',(#2774,#2776,#2778,#2779));
#2781=FACE_OUTER_BOUND('',#2780,.F.);
#2783=CARTESIAN_POINT('',(0.E0,1.553484512108E-1,0.E0));
#2784=DIRECTION('',(0.E0,-1.E0,0.E0));
#2785=DIRECTION('',(-1.E0,0.E0,0.E0));
#2786=AXIS2_PLACEMENT_3D('',#2783,#2784,#2785);
#2787=CONICAL_SURFACE('',#2786,1.200701691371E1,4.E1);
#2788=ORIENTED_EDGE('',*,*,#2773,.T.);
#2789=ORIENTED_EDGE('',*,*,#2750,.T.);
#2790=ORIENTED_EDGE('',*,*,#2777,.F.);
#2792=ORIENTED_EDGE('',*,*,#2791,.F.);
#2793=EDGE_LOOP('',(#2788,#2789,#2790,#2792));
#2794=FACE_OUTER_BOUND('',#2793,.F.);
#2796=CARTESIAN_POINT('',(0.E0,2.E-1,0.E0));
#2797=DIRECTION('',(0.E0,1.E0,0.E0));
#2798=DIRECTION('',(1.E0,0.E0,0.E0));
#2799=AXIS2_PLACEMENT_3D('',#2796,#2797,#2798);
#2800=TOROIDAL_SURFACE('',#2799,1.131684617092E1,5.E-1);
#2802=ORIENTED_EDGE('',*,*,#2801,.F.);
#2804=ORIENTED_EDGE('',*,*,#2803,.F.);
#2806=ORIENTED_EDGE('',*,*,#2805,.F.);
#2808=ORIENTED_EDGE('',*,*,#2807,.F.);
#2810=ORIENTED_EDGE('',*,*,#2809,.F.);
#2812=ORIENTED_EDGE('',*,*,#2811,.F.);
#2814=ORIENTED_EDGE('',*,*,#2813,.F.);
#2816=ORIENTED_EDGE('',*,*,#2815,.F.);
#2818=ORIENTED_EDGE('',*,*,#2817,.T.);
#2819=ORIENTED_EDGE('',*,*,#2791,.T.);
#2820=EDGE_LOOP('',(#2802,#2804,#2806,#2808,#2810,#2812,#2814,#2816,#2818,
#2819));
#2821=FACE_OUTER_BOUND('',#2820,.F.);
#2823=CARTESIAN_POINT('',(0.E0,2.E-1,0.E0));
#2824=DIRECTION('',(0.E0,1.E0,0.E0));
#2825=DIRECTION('',(1.E0,0.E0,0.E0));
#2826=AXIS2_PLACEMENT_3D('',#2823,#2824,#2825);
#2827=TOROIDAL_SURFACE('',#2826,1.131684617092E1,5.E-1);
#2829=ORIENTED_EDGE('',*,*,#2828,.T.);
#2831=ORIENTED_EDGE('',*,*,#2830,.F.);
#2833=ORIENTED_EDGE('',*,*,#2832,.T.);
#2835=ORIENTED_EDGE('',*,*,#2834,.F.);
#2837=ORIENTED_EDGE('',*,*,#2836,.T.);
#2839=ORIENTED_EDGE('',*,*,#2838,.F.);
#2840=ORIENTED_EDGE('',*,*,#2801,.T.);
#2841=ORIENTED_EDGE('',*,*,#2775,.F.);
#2842=ORIENTED_EDGE('',*,*,#2817,.F.);
#2844=ORIENTED_EDGE('',*,*,#2843,.F.);
#2845=EDGE_LOOP('',(#2829,#2831,#2833,#2835,#2837,#2839,#2840,#2841,#2842,
#2844));
#2846=FACE_OUTER_BOUND('',#2845,.F.);
#2848=CARTESIAN_POINT('',(0.E0,7.E-1,0.E0));
#2849=DIRECTION('',(0.E0,1.E0,0.E0));
#2850=DIRECTION('',(1.E0,0.E0,0.E0));
#2851=AXIS2_PLACEMENT_3D('',#2848,#2849,#2850);
#2852=PLANE('',#2851);
#2854=ORIENTED_EDGE('',*,*,#2853,.F.);
#2856=ORIENTED_EDGE('',*,*,#2855,.F.);
#2857=ORIENTED_EDGE('',*,*,#2828,.F.);
#2859=ORIENTED_EDGE('',*,*,#2858,.F.);
#2861=ORIENTED_EDGE('',*,*,#2860,.F.);
#2862=ORIENTED_EDGE('',*,*,#2813,.T.);
#2864=ORIENTED_EDGE('',*,*,#2863,.F.);
#2866=ORIENTED_EDGE('',*,*,#2865,.F.);
#2867=ORIENTED_EDGE('',*,*,#2809,.T.);
#2869=ORIENTED_EDGE('',*,*,#2868,.F.);
#2871=ORIENTED_EDGE('',*,*,#2870,.F.);
#2872=ORIENTED_EDGE('',*,*,#2805,.T.);
#2874=ORIENTED_EDGE('',*,*,#2873,.F.);
#2876=ORIENTED_EDGE('',*,*,#2875,.F.);
#2877=ORIENTED_EDGE('',*,*,#2836,.F.);
#2879=ORIENTED_EDGE('',*,*,#2878,.F.);
#2881=ORIENTED_EDGE('',*,*,#2880,.F.);
#2882=ORIENTED_EDGE('',*,*,#2832,.F.);
#2883=EDGE_LOOP('',(#2854,#2856,#2857,#2859,#2861,#2862,#2864,#2866,#2867,#2869,
#2871,#2872,#2874,#2876,#2877,#2879,#2881,#2882));
#2884=FACE_OUTER_BOUND('',#2883,.F.);
#2886=ORIENTED_EDGE('',*,*,#2885,.F.);
#2888=ORIENTED_EDGE('',*,*,#2887,.T.);
#2889=EDGE_LOOP('',(#2886,#2888));
#2890=FACE_BOUND('',#2889,.F.);
#2892=CARTESIAN_POINT('',(0.E0,-1.58E0,0.E0));
#2893=DIRECTION('',(0.E0,1.E0,0.E0));
#2894=DIRECTION('',(1.E0,0.E0,0.E0));
#2895=AXIS2_PLACEMENT_3D('',#2892,#2893,#2894);
#2896=CYLINDRICAL_SURFACE('',#2895,1.01E1);
#2898=ORIENTED_EDGE('',*,*,#2897,.T.);
#2899=ORIENTED_EDGE('',*,*,#2885,.T.);
#2901=ORIENTED_EDGE('',*,*,#2900,.F.);
#2903=ORIENTED_EDGE('',*,*,#2902,.F.);
#2904=EDGE_LOOP('',(#2898,#2899,#2901,#2903));
#2905=FACE_OUTER_BOUND('',#2904,.F.);
#2907=CARTESIAN_POINT('',(0.E0,-1.58E0,0.E0));
#2908=DIRECTION('',(0.E0,1.E0,0.E0));
#2909=DIRECTION('',(1.E0,0.E0,0.E0));
#2910=AXIS2_PLACEMENT_3D('',#2907,#2908,#2909);
#2911=CYLINDRICAL_SURFACE('',#2910,1.01E1);
#2912=ORIENTED_EDGE('',*,*,#2897,.F.);
#2914=ORIENTED_EDGE('',*,*,#2913,.T.);
#2915=ORIENTED_EDGE('',*,*,#2900,.T.);
#2916=ORIENTED_EDGE('',*,*,#2887,.F.);
#2917=EDGE_LOOP('',(#2912,#2914,#2915,#2916));
#2918=FACE_OUTER_BOUND('',#2917,.F.);
#2920=CARTESIAN_POINT('',(0.E0,2.E-1,0.E0));
#2921=DIRECTION('',(0.E0,1.E0,0.E0));
#2922=DIRECTION('',(1.E0,0.E0,0.E0));
#2923=AXIS2_PLACEMENT_3D('',#2920,#2921,#2922);
#2924=TOROIDAL_SURFACE('',#2923,9.8E0,3.E-1);
#2926=ORIENTED_EDGE('',*,*,#2925,.F.);
#2928=ORIENTED_EDGE('',*,*,#2927,.T.);
#2930=ORIENTED_EDGE('',*,*,#2929,.T.);
#2931=ORIENTED_EDGE('',*,*,#2913,.F.);
#2932=EDGE_LOOP('',(#2926,#2928,#2930,#2931));
#2933=FACE_OUTER_BOUND('',#2932,.F.);
#2935=CARTESIAN_POINT('',(0.E0,2.E-1,0.E0));
#2936=DIRECTION('',(0.E0,1.E0,0.E0));
#2937=DIRECTION('',(1.E0,0.E0,0.E0));
#2938=AXIS2_PLACEMENT_3D('',#2935,#2936,#2937);
#2939=TOROIDAL_SURFACE('',#2938,9.8E0,3.E-1);
#2940=ORIENTED_EDGE('',*,*,#2925,.T.);
#2941=ORIENTED_EDGE('',*,*,#2902,.T.);
#2942=ORIENTED_EDGE('',*,*,#2929,.F.);
#2944=ORIENTED_EDGE('',*,*,#2943,.F.);
#2945=EDGE_LOOP('',(#2940,#2941,#2942,#2944));
#2946=FACE_OUTER_BOUND('',#2945,.F.);
#2948=CARTESIAN_POINT('',(0.E0,1.749756633903E-1,0.E0));
#2949=DIRECTION('',(0.E0,-1.E0,0.E0));
#2950=DIRECTION('',(-1.E0,0.E0,0.E0));
#2951=AXIS2_PLACEMENT_3D('',#2948,#2949,#2950);
#2952=CONICAL_SURFACE('',#2951,9.429375724820E0,4.E1);
#2954=ORIENTED_EDGE('',*,*,#2953,.T.);
#2956=ORIENTED_EDGE('',*,*,#2955,.T.);
#2957=ORIENTED_EDGE('',*,*,#2943,.T.);
#2959=ORIENTED_EDGE('',*,*,#2958,.F.);
#2960=EDGE_LOOP('',(#2954,#2956,#2957,#2959));
#2961=FACE_OUTER_BOUND('',#2960,.F.);
#2963=CARTESIAN_POINT('',(0.E0,-3.E-1,0.E0));
#2964=DIRECTION('',(0.E0,1.E0,0.E0));
#2965=DIRECTION('',(-9.999520760901E-1,0.E0,9.790072683550E-3));
#2966=AXIS2_PLACEMENT_3D('',#2963,#2964,#2965);
#2967=TOROIDAL_SURFACE('',#2966,8.522520339457E0,1.E0);
#2968=ORIENTED_EDGE('',*,*,#2953,.F.);
#2970=ORIENTED_EDGE('',*,*,#2969,.T.);
#2972=ORIENTED_EDGE('',*,*,#2971,.T.);
#2974=ORIENTED_EDGE('',*,*,#2973,.F.);
#2975=EDGE_LOOP('',(#2968,#2970,#2972,#2974));
#2976=FACE_OUTER_BOUND('',#2975,.F.);
#2978=CARTESIAN_POINT('',(0.E0,-3.E-1,0.E0));
#2979=DIRECTION('',(0.E0,1.E0,0.E0));
#2980=DIRECTION('',(9.999520760901E-1,0.E0,-9.790072683550E-3));
#2981=AXIS2_PLACEMENT_3D('',#2978,#2979,#2980);
#2982=TOROIDAL_SURFACE('',#2981,8.522520339457E0,1.E0);
#2984=ORIENTED_EDGE('',*,*,#2983,.F.);
#2985=ORIENTED_EDGE('',*,*,#2973,.T.);
#2987=ORIENTED_EDGE('',*,*,#2986,.T.);
#2988=ORIENTED_EDGE('',*,*,#2969,.F.);
#2989=EDGE_LOOP('',(#2984,#2985,#2987,#2988));
#2990=FACE_OUTER_BOUND('',#2989,.F.);
#2992=CARTESIAN_POINT('',(0.E0,1.749756633903E-1,0.E0));
#2993=DIRECTION('',(0.E0,-1.E0,0.E0));
#2994=DIRECTION('',(-1.E0,0.E0,0.E0));
#2995=AXIS2_PLACEMENT_3D('',#2992,#2993,#2994);
#2996=CONICAL_SURFACE('',#2995,9.429375724820E0,4.E1);
#2997=ORIENTED_EDGE('',*,*,#2983,.T.);
#2998=ORIENTED_EDGE('',*,*,#2958,.T.);
#2999=ORIENTED_EDGE('',*,*,#2927,.F.);
#3000=ORIENTED_EDGE('',*,*,#2955,.F.);
#3001=EDGE_LOOP('',(#2997,#2998,#2999,#3000));
#3002=FACE_OUTER_BOUND('',#3001,.F.);
#3004=CARTESIAN_POINT('',(0.E0,7.E-1,0.E0));
#3005=DIRECTION('',(0.E0,1.E0,0.E0));
#3006=DIRECTION('',(1.E0,0.E0,0.E0));
#3007=AXIS2_PLACEMENT_3D('',#3004,#3005,#3006);
#3008=PLANE('',#3007);
#3009=ORIENTED_EDGE('',*,*,#2986,.F.);
#3010=ORIENTED_EDGE('',*,*,#2971,.F.);
#3011=EDGE_LOOP('',(#3009,#3010));
#3012=FACE_OUTER_BOUND('',#3011,.F.);
#3014=ORIENTED_EDGE('',*,*,#3013,.F.);
#3016=ORIENTED_EDGE('',*,*,#3015,.T.);
#3017=EDGE_LOOP('',(#3014,#3016));
#3018=FACE_BOUND('',#3017,.F.);
#3020=CARTESIAN_POINT('',(0.E0,9.E-1,0.E0));
#3021=DIRECTION('',(0.E0,-1.E0,0.E0));
#3022=DIRECTION('',(-1.E0,0.E0,0.E0));
#3023=AXIS2_PLACEMENT_3D('',#3020,#3021,#3022);
#3024=CONICAL_SURFACE('',#3023,7.05E0,5.630993247402E1);
#3026=ORIENTED_EDGE('',*,*,#3025,.T.);
#3027=ORIENTED_EDGE('',*,*,#3013,.T.);
#3029=ORIENTED_EDGE('',*,*,#3028,.F.);
#3031=ORIENTED_EDGE('',*,*,#3030,.F.);
#3032=EDGE_LOOP('',(#3026,#3027,#3029,#3031));
#3033=FACE_OUTER_BOUND('',#3032,.F.);
#3035=CARTESIAN_POINT('',(0.E0,9.E-1,0.E0));
#3036=DIRECTION('',(0.E0,-1.E0,0.E0));
#3037=DIRECTION('',(-1.E0,0.E0,0.E0));
#3038=AXIS2_PLACEMENT_3D('',#3035,#3036,#3037);
#3039=CONICAL_SURFACE('',#3038,7.05E0,5.630993247402E1);
#3040=ORIENTED_EDGE('',*,*,#3025,.F.);
#3042=ORIENTED_EDGE('',*,*,#3041,.T.);
#3043=ORIENTED_EDGE('',*,*,#3028,.T.);
#3044=ORIENTED_EDGE('',*,*,#3015,.F.);
#3045=EDGE_LOOP('',(#3040,#3042,#3043,#3044));
#3046=FACE_OUTER_BOUND('',#3045,.F.);
#3048=CARTESIAN_POINT('',(0.E0,-1.58E0,0.E0));
#3049=DIRECTION('',(0.E0,1.E0,0.E0));
#3050=DIRECTION('',(1.E0,0.E0,0.E0));
#3051=AXIS2_PLACEMENT_3D('',#3048,#3049,#3050);
#3052=CYLINDRICAL_SURFACE('',#3051,6.75E0);
#3054=ORIENTED_EDGE('',*,*,#3053,.F.);
#3056=ORIENTED_EDGE('',*,*,#3055,.T.);
#3058=ORIENTED_EDGE('',*,*,#3057,.T.);
#3059=ORIENTED_EDGE('',*,*,#3041,.F.);
#3060=EDGE_LOOP('',(#3054,#3056,#3058,#3059));
#3061=FACE_OUTER_BOUND('',#3060,.F.);
#3063=CARTESIAN_POINT('',(0.E0,-1.58E0,0.E0));
#3064=DIRECTION('',(0.E0,1.E0,0.E0));
#3065=DIRECTION('',(1.E0,0.E0,0.E0));
#3066=AXIS2_PLACEMENT_3D('',#3063,#3064,#3065);
#3067=CYLINDRICAL_SURFACE('',#3066,6.75E0);
#3068=ORIENTED_EDGE('',*,*,#3053,.T.);
#3069=ORIENTED_EDGE('',*,*,#3030,.T.);
#3070=ORIENTED_EDGE('',*,*,#3057,.F.);
#3072=ORIENTED_EDGE('',*,*,#3071,.F.);
#3073=EDGE_LOOP('',(#3068,#3069,#3070,#3072));
#3074=FACE_OUTER_BOUND('',#3073,.F.);
#3076=CARTESIAN_POINT('',(0.E0,1.763025773475E0,0.E0));
#3077=DIRECTION('',(0.E0,1.E0,0.E0));
#3078=DIRECTION('',(1.E0,0.E0,0.E0));
#3079=AXIS2_PLACEMENT_3D('',#3076,#3077,#3078);
#3080=CONICAL_SURFACE('',#3079,6.994162930990E0,7.552618913255E1);
#3082=ORIENTED_EDGE('',*,*,#3081,.T.);
#3083=ORIENTED_EDGE('',*,*,#3071,.T.);
#3085=ORIENTED_EDGE('',*,*,#3084,.F.);
#3087=ORIENTED_EDGE('',*,*,#3086,.F.);
#3088=EDGE_LOOP('',(#3082,#3083,#3085,#3087));
#3089=FACE_OUTER_BOUND('',#3088,.F.);
#3091=CARTESIAN_POINT('',(0.E0,1.763025773475E0,0.E0));
#3092=DIRECTION('',(0.E0,1.E0,0.E0));
#3093=DIRECTION('',(1.E0,0.E0,0.E0));
#3094=AXIS2_PLACEMENT_3D('',#3091,#3092,#3093);
#3095=CONICAL_SURFACE('',#3094,6.994162930990E0,7.552618913255E1);
#3096=ORIENTED_EDGE('',*,*,#3081,.F.);
#3098=ORIENTED_EDGE('',*,*,#3097,.T.);
#3099=ORIENTED_EDGE('',*,*,#3084,.T.);
#3100=ORIENTED_EDGE('',*,*,#3055,.F.);
#3101=EDGE_LOOP('',(#3096,#3098,#3099,#3100));
#3102=FACE_OUTER_BOUND('',#3101,.F.);
#3104=CARTESIAN_POINT('',(0.E0,1.971290844638E0,0.E0));
#3105=DIRECTION('',(0.E0,1.E0,0.E0));
#3106=DIRECTION('',(1.E0,0.E0,0.E0));
#3107=AXIS2_PLACEMENT_3D('',#3104,#3105,#3106);
#3108=TOROIDAL_SURFACE('',#3107,7.200835244389E0,1.5E-1);
#3110=ORIENTED_EDGE('',*,*,#3109,.F.);
#3112=ORIENTED_EDGE('',*,*,#3111,.T.);
#3114=ORIENTED_EDGE('',*,*,#3113,.T.);
#3115=ORIENTED_EDGE('',*,*,#3097,.F.);
#3116=EDGE_LOOP('',(#3110,#3112,#3114,#3115));
#3117=FACE_OUTER_BOUND('',#3116,.F.);
#3119=CARTESIAN_POINT('',(0.E0,1.971290844638E0,0.E0));
#3120=DIRECTION('',(0.E0,1.E0,0.E0));
#3121=DIRECTION('',(1.E0,0.E0,0.E0));
#3122=AXIS2_PLACEMENT_3D('',#3119,#3120,#3121);
#3123=TOROIDAL_SURFACE('',#3122,7.200835244389E0,1.5E-1);
#3124=ORIENTED_EDGE('',*,*,#3109,.T.);
#3125=ORIENTED_EDGE('',*,*,#3086,.T.);
#3126=ORIENTED_EDGE('',*,*,#3113,.F.);
#3128=ORIENTED_EDGE('',*,*,#3127,.F.);
#3129=EDGE_LOOP('',(#3124,#3125,#3126,#3128));
#3130=FACE_OUTER_BOUND('',#3129,.F.);
#3132=CARTESIAN_POINT('',(0.E0,2.226154039875E0,0.E0));
#3133=DIRECTION('',(0.E0,-1.E0,0.E0));
#3134=DIRECTION('',(-1.E0,0.E0,0.E0));
#3135=AXIS2_PLACEMENT_3D('',#3132,#3133,#3134);
#3136=CONICAL_SURFACE('',#3135,7.108373721712E0,5.353162859496E1);
#3138=ORIENTED_EDGE('',*,*,#3137,.T.);
#3139=ORIENTED_EDGE('',*,*,#3127,.T.);
#3141=ORIENTED_EDGE('',*,*,#3140,.F.);
#3143=ORIENTED_EDGE('',*,*,#3142,.F.);
#3144=EDGE_LOOP('',(#3138,#3139,#3141,#3143));
#3145=FACE_OUTER_BOUND('',#3144,.F.);
#3147=CARTESIAN_POINT('',(0.E0,2.226154039875E0,0.E0));
#3148=DIRECTION('',(0.E0,-1.E0,0.E0));
#3149=DIRECTION('',(-1.E0,0.E0,0.E0));
#3150=AXIS2_PLACEMENT_3D('',#3147,#3148,#3149);
#3151=CONICAL_SURFACE('',#3150,7.108373721712E0,5.353162859496E1);
#3152=ORIENTED_EDGE('',*,*,#3137,.F.);
#3154=ORIENTED_EDGE('',*,*,#3153,.T.);
#3155=ORIENTED_EDGE('',*,*,#3140,.T.);
#3156=ORIENTED_EDGE('',*,*,#3111,.F.);
#3157=EDGE_LOOP('',(#3152,#3154,#3155,#3156));
#3158=FACE_OUTER_BOUND('',#3157,.F.);
#3160=CARTESIAN_POINT('',(0.E0,2.601644999220E0,0.E0));
#3161=DIRECTION('',(0.E0,1.E0,0.E0));
#3162=DIRECTION('',(1.E0,0.E0,0.E0));
#3163=AXIS2_PLACEMENT_3D('',#3160,#3161,#3162);
#3164=TOROIDAL_SURFACE('',#3163,7.105069041321E0,3.E-1);
#3166=ORIENTED_EDGE('',*,*,#3165,.F.);
#3168=ORIENTED_EDGE('',*,*,#3167,.T.);
#3170=ORIENTED_EDGE('',*,*,#3169,.T.);
#3171=ORIENTED_EDGE('',*,*,#3153,.F.);
#3172=EDGE_LOOP('',(#3166,#3168,#3170,#3171));
#3173=FACE_OUTER_BOUND('',#3172,.F.);
#3175=CARTESIAN_POINT('',(0.E0,2.601644999220E0,0.E0));
#3176=DIRECTION('',(0.E0,1.E0,0.E0));
#3177=DIRECTION('',(1.E0,0.E0,0.E0));
#3178=AXIS2_PLACEMENT_3D('',#3175,#3176,#3177);
#3179=TOROIDAL_SURFACE('',#3178,7.105069041321E0,3.E-1);
#3180=ORIENTED_EDGE('',*,*,#3165,.T.);
#3181=ORIENTED_EDGE('',*,*,#3142,.T.);
#3182=ORIENTED_EDGE('',*,*,#3169,.F.);
#3184=ORIENTED_EDGE('',*,*,#3183,.F.);
#3185=EDGE_LOOP('',(#3180,#3181,#3182,#3184));
#3186=FACE_OUTER_BOUND('',#3185,.F.);
#3188=CARTESIAN_POINT('',(0.E0,2.975432407626E0,0.E0));
#3189=DIRECTION('',(0.E0,1.E0,0.E0));
#3190=DIRECTION('',(1.E0,0.E0,0.E0));
#3191=AXIS2_PLACEMENT_3D('',#3188,#3189,#3190);
#3192=CONICAL_SURFACE('',#3191,7.103623535812E0,5.315650166480E1);
#3194=ORIENTED_EDGE('',*,*,#3193,.T.);
#3195=ORIENTED_EDGE('',*,*,#3183,.T.);
#3197=ORIENTED_EDGE('',*,*,#3196,.F.);
#3199=ORIENTED_EDGE('',*,*,#3198,.F.);
#3200=EDGE_LOOP('',(#3194,#3195,#3197,#3199));
#3201=FACE_OUTER_BOUND('',#3200,.F.);
#3203=CARTESIAN_POINT('',(0.E0,2.975432407626E0,0.E0));
#3204=DIRECTION('',(0.E0,1.E0,0.E0));
#3205=DIRECTION('',(1.E0,0.E0,0.E0));
#3206=AXIS2_PLACEMENT_3D('',#3203,#3204,#3205);
#3207=CONICAL_SURFACE('',#3206,7.103623535812E0,5.315650166480E1);
#3208=ORIENTED_EDGE('',*,*,#3193,.F.);
#3210=ORIENTED_EDGE('',*,*,#3209,.T.);
#3211=ORIENTED_EDGE('',*,*,#3196,.T.);
#3212=ORIENTED_EDGE('',*,*,#3167,.F.);
#3213=EDGE_LOOP('',(#3208,#3210,#3211,#3212));
#3214=FACE_OUTER_BOUND('',#3213,.F.);
#3216=CARTESIAN_POINT('',(0.E0,3.229178360830E0,0.E0));
#3217=DIRECTION('',(0.E0,1.E0,0.E0));
#3218=DIRECTION('',(1.E0,0.E0,0.E0));
#3219=AXIS2_PLACEMENT_3D('',#3216,#3217,#3218);
#3220=TOROIDAL_SURFACE('',#3219,7.192122730165E0,1.5E-1);
#3222=ORIENTED_EDGE('',*,*,#3221,.F.);
#3224=ORIENTED_EDGE('',*,*,#3223,.T.);
#3226=ORIENTED_EDGE('',*,*,#3225,.T.);
#3227=ORIENTED_EDGE('',*,*,#3209,.F.);
#3228=EDGE_LOOP('',(#3222,#3224,#3226,#3227));
#3229=FACE_OUTER_BOUND('',#3228,.F.);
#3231=CARTESIAN_POINT('',(0.E0,3.229178360830E0,0.E0));
#3232=DIRECTION('',(0.E0,1.E0,0.E0));
#3233=DIRECTION('',(1.E0,0.E0,0.E0));
#3234=AXIS2_PLACEMENT_3D('',#3231,#3232,#3233);
#3235=TOROIDAL_SURFACE('',#3234,7.192122730165E0,1.5E-1);
#3236=ORIENTED_EDGE('',*,*,#3221,.T.);
#3237=ORIENTED_EDGE('',*,*,#3198,.T.);
#3238=ORIENTED_EDGE('',*,*,#3225,.F.);
#3240=ORIENTED_EDGE('',*,*,#3239,.F.);
#3241=EDGE_LOOP('',(#3236,#3237,#3238,#3240));
#3242=FACE_OUTER_BOUND('',#3241,.F.);
#3244=CARTESIAN_POINT('',(0.E0,3.437143269169E0,0.E0));
#3245=DIRECTION('',(0.E0,-1.E0,0.E0));
#3246=DIRECTION('',(-1.E0,0.E0,0.E0));
#3247=AXIS2_PLACEMENT_3D('',#3244,#3245,#3246);
#3248=CONICAL_SURFACE('',#3247,6.990058843999E0,7.532714115972E1);
#3250=ORIENTED_EDGE('',*,*,#3249,.T.);
#3251=ORIENTED_EDGE('',*,*,#3239,.T.);
#3253=ORIENTED_EDGE('',*,*,#3252,.F.);
#3255=ORIENTED_EDGE('',*,*,#3254,.F.);
#3256=EDGE_LOOP('',(#3250,#3251,#3253,#3255));
#3257=FACE_OUTER_BOUND('',#3256,.F.);
#3259=CARTESIAN_POINT('',(0.E0,3.437143269169E0,0.E0));
#3260=DIRECTION('',(0.E0,-1.E0,0.E0));
#3261=DIRECTION('',(-1.E0,0.E0,0.E0));
#3262=AXIS2_PLACEMENT_3D('',#3259,#3260,#3261);
#3263=CONICAL_SURFACE('',#3262,6.990058843999E0,7.532714115972E1);
#3264=ORIENTED_EDGE('',*,*,#3249,.F.);
#3266=ORIENTED_EDGE('',*,*,#3265,.T.);
#3267=ORIENTED_EDGE('',*,*,#3252,.T.);
#3268=ORIENTED_EDGE('',*,*,#3223,.F.);
#3269=EDGE_LOOP('',(#3264,#3266,#3267,#3268));
#3270=FACE_OUTER_BOUND('',#3269,.F.);
#3272=CARTESIAN_POINT('',(0.E0,-1.58E0,0.E0));
#3273=DIRECTION('',(0.E0,1.E0,0.E0));
#3274=DIRECTION('',(1.E0,0.E0,0.E0));
#3275=AXIS2_PLACEMENT_3D('',#3272,#3273,#3274);
#3276=CYLINDRICAL_SURFACE('',#3275,6.75E0);
#3278=ORIENTED_EDGE('',*,*,#3277,.F.);
#3280=ORIENTED_EDGE('',*,*,#3279,.T.);
#3282=ORIENTED_EDGE('',*,*,#3281,.T.);
#3283=ORIENTED_EDGE('',*,*,#3265,.F.);
#3284=EDGE_LOOP('',(#3278,#3280,#3282,#3283));
#3285=FACE_OUTER_BOUND('',#3284,.F.);
#3287=CARTESIAN_POINT('',(0.E0,-1.58E0,0.E0));
#3288=DIRECTION('',(0.E0,1.E0,0.E0));
#3289=DIRECTION('',(1.E0,0.E0,0.E0));
#3290=AXIS2_PLACEMENT_3D('',#3287,#3288,#3289);
#3291=CYLINDRICAL_SURFACE('',#3290,6.75E0);
#3292=ORIENTED_EDGE('',*,*,#3277,.T.);
#3293=ORIENTED_EDGE('',*,*,#3254,.T.);
#3294=ORIENTED_EDGE('',*,*,#3281,.F.);
#3296=ORIENTED_EDGE('',*,*,#3295,.F.);
#3297=EDGE_LOOP('',(#3292,#3293,#3294,#3296));
#3298=FACE_OUTER_BOUND('',#3297,.F.);
#3300=CARTESIAN_POINT('',(0.E0,4.3E0,0.E0));
#3301=DIRECTION('',(0.E0,1.E0,0.E0));
#3302=DIRECTION('',(1.E0,0.E0,0.E0));
#3303=AXIS2_PLACEMENT_3D('',#3300,#3301,#3302);
#3304=CONICAL_SURFACE('',#3303,6.9E0,3.686989764584E1);
#3306=ORIENTED_EDGE('',*,*,#3305,.T.);
#3307=ORIENTED_EDGE('',*,*,#3295,.T.);
#3309=ORIENTED_EDGE('',*,*,#3308,.F.);
#3311=ORIENTED_EDGE('',*,*,#3310,.F.);
#3312=EDGE_LOOP('',(#3306,#3307,#3309,#3311));
#3313=FACE_OUTER_BOUND('',#3312,.F.);
#3315=CARTESIAN_POINT('',(0.E0,4.3E0,0.E0));
#3316=DIRECTION('',(0.E0,1.E0,0.E0));
#3317=DIRECTION('',(1.E0,0.E0,0.E0));
#3318=AXIS2_PLACEMENT_3D('',#3315,#3316,#3317);
#3319=CONICAL_SURFACE('',#3318,6.9E0,3.686989764584E1);
#3320=ORIENTED_EDGE('',*,*,#3305,.F.);
#3322=ORIENTED_EDGE('',*,*,#3321,.T.);
#3323=ORIENTED_EDGE('',*,*,#3308,.T.);
#3324=ORIENTED_EDGE('',*,*,#3279,.F.);
#3325=EDGE_LOOP('',(#3320,#3322,#3323,#3324));
#3326=FACE_OUTER_BOUND('',#3325,.F.);
#3328=CARTESIAN_POINT('',(0.E0,4.5E0,0.E0));
#3329=DIRECTION('',(0.E0,1.E0,0.E0));
#3330=DIRECTION('',(1.E0,0.E0,0.E0));
#3331=AXIS2_PLACEMENT_3D('',#3328,#3329,#3330);
#3332=PLANE('',#3331);
#3334=ORIENTED_EDGE('',*,*,#3333,.F.);
#3336=ORIENTED_EDGE('',*,*,#3335,.T.);
#3337=EDGE_LOOP('',(#3334,#3336));
#3338=FACE_OUTER_BOUND('',#3337,.F.);
#3339=ORIENTED_EDGE('',*,*,#3321,.F.);
#3340=ORIENTED_EDGE('',*,*,#3310,.T.);
#3341=EDGE_LOOP('',(#3339,#3340));
#3342=FACE_BOUND('',#3341,.F.);
#3344=CARTESIAN_POINT('',(0.E0,7.5E0,0.E0));
#3345=DIRECTION('',(0.E0,1.E0,0.E0));
#3346=DIRECTION('',(1.E0,0.E0,0.E0));
#3347=AXIS2_PLACEMENT_3D('',#3344,#3345,#3346);
#3348=TOROIDAL_SURFACE('',#3347,8.824295168107E0,3.E0);
#3350=ORIENTED_EDGE('',*,*,#3349,.F.);
#3352=ORIENTED_EDGE('',*,*,#3351,.F.);
#3354=ORIENTED_EDGE('',*,*,#3353,.F.);
#3356=ORIENTED_EDGE('',*,*,#3355,.F.);
#3358=ORIENTED_EDGE('',*,*,#3357,.F.);
#3360=ORIENTED_EDGE('',*,*,#3359,.F.);
#3362=ORIENTED_EDGE('',*,*,#3361,.F.);
#3364=ORIENTED_EDGE('',*,*,#3363,.F.);
#3366=ORIENTED_EDGE('',*,*,#3365,.F.);
#3368=ORIENTED_EDGE('',*,*,#3367,.T.);
#3369=ORIENTED_EDGE('',*,*,#3333,.T.);
#3371=ORIENTED_EDGE('',*,*,#3370,.F.);
#3372=EDGE_LOOP('',(#3350,#3352,#3354,#3356,#3358,#3360,#3362,#3364,#3366,#3368,
#3369,#3371));
#3373=FACE_OUTER_BOUND('',#3372,.F.);
#3375=CARTESIAN_POINT('',(-1.05E1,1.768936555377E0,0.E0));
#3376=DIRECTION('',(0.E0,1.E0,0.E0));
#3377=DIRECTION('',(-1.E0,0.E0,0.E0));
#3378=AXIS2_PLACEMENT_3D('',#3375,#3376,#3377);
#3379=CYLINDRICAL_SURFACE('',#3378,1.E0);
#3381=ORIENTED_EDGE('',*,*,#3380,.F.);
#3382=ORIENTED_EDGE('',*,*,#3349,.T.);
#3384=ORIENTED_EDGE('',*,*,#3383,.T.);
#3386=ORIENTED_EDGE('',*,*,#3385,.T.);
#3388=ORIENTED_EDGE('',*,*,#3387,.T.);
#3390=ORIENTED_EDGE('',*,*,#3389,.T.);
#3392=ORIENTED_EDGE('',*,*,#3391,.F.);
#3393=EDGE_LOOP('',(#3381,#3382,#3384,#3386,#3388,#3390,#3392));
#3394=FACE_OUTER_BOUND('',#3393,.F.);
#3396=CARTESIAN_POINT('',(0.E0,9.281787580168E0,0.E0));
#3397=DIRECTION('',(0.E0,1.E0,0.E0));
#3398=DIRECTION('',(1.E0,0.E0,0.E0));
#3399=AXIS2_PLACEMENT_3D('',#3396,#3397,#3398);
#3400=CONICAL_SURFACE('',#3399,1.414473592055E1,3.916259936099E1);
#3401=ORIENTED_EDGE('',*,*,#3380,.T.);
#3403=ORIENTED_EDGE('',*,*,#3402,.F.);
#3405=ORIENTED_EDGE('',*,*,#3404,.F.);
#3407=ORIENTED_EDGE('',*,*,#3406,.T.);
#3409=ORIENTED_EDGE('',*,*,#3408,.T.);
#3410=ORIENTED_EDGE('',*,*,#3363,.T.);
#3412=ORIENTED_EDGE('',*,*,#3411,.T.);
#3414=ORIENTED_EDGE('',*,*,#3413,.T.);
#3415=ORIENTED_EDGE('',*,*,#3357,.T.);
#3417=ORIENTED_EDGE('',*,*,#3416,.T.);
#3419=ORIENTED_EDGE('',*,*,#3418,.T.);
#3420=ORIENTED_EDGE('',*,*,#3351,.T.);
#3421=EDGE_LOOP('',(#3401,#3403,#3405,#3407,#3409,#3410,#3412,#3414,#3415,#3417,
#3419,#3420));
#3422=FACE_OUTER_BOUND('',#3421,.F.);
#3424=CARTESIAN_POINT('',(0.E0,9.281787580168E0,0.E0));
#3425=DIRECTION('',(0.E0,1.E0,0.E0));
#3426=DIRECTION('',(1.E0,0.E0,0.E0));
#3427=AXIS2_PLACEMENT_3D('',#3424,#3425,#3426);
#3428=CONICAL_SURFACE('',#3427,1.414473592055E1,3.916259936099E1);
#3430=ORIENTED_EDGE('',*,*,#3429,.T.);
#3432=ORIENTED_EDGE('',*,*,#3431,.T.);
#3434=ORIENTED_EDGE('',*,*,#3433,.F.);
#3436=ORIENTED_EDGE('',*,*,#3435,.T.);
#3437=ORIENTED_EDGE('',*,*,#3406,.F.);
#3439=ORIENTED_EDGE('',*,*,#3438,.T.);
#3440=ORIENTED_EDGE('',*,*,#3402,.T.);
#3442=ORIENTED_EDGE('',*,*,#3441,.T.);
#3444=ORIENTED_EDGE('',*,*,#3443,.F.);
#3446=ORIENTED_EDGE('',*,*,#3445,.T.);
#3448=ORIENTED_EDGE('',*,*,#3447,.T.);
#3450=ORIENTED_EDGE('',*,*,#3449,.F.);
#3451=EDGE_LOOP('',(#3430,#3432,#3434,#3436,#3437,#3439,#3440,#3442,#3444,#3446,
#3448,#3450));
#3452=FACE_OUTER_BOUND('',#3451,.F.);
#3454=CARTESIAN_POINT('',(5.25E0,1.768936555377E0,9.093266739737E0));
#3455=DIRECTION('',(0.E0,1.E0,0.E0));
#3456=DIRECTION('',(5.E-1,0.E0,8.660254037844E-1));
#3457=AXIS2_PLACEMENT_3D('',#3454,#3455,#3456);
#3458=CYLINDRICAL_SURFACE('',#3457,1.E0);
#3459=ORIENTED_EDGE('',*,*,#3429,.F.);
#3461=ORIENTED_EDGE('',*,*,#3460,.T.);
#3463=ORIENTED_EDGE('',*,*,#3462,.T.);
#3465=ORIENTED_EDGE('',*,*,#3464,.T.);
#3467=ORIENTED_EDGE('',*,*,#3466,.T.);
#3469=ORIENTED_EDGE('',*,*,#3468,.T.);
#3471=ORIENTED_EDGE('',*,*,#3470,.F.);
#3472=EDGE_LOOP('',(#3459,#3461,#3463,#3465,#3467,#3469,#3471));
#3473=FACE_OUTER_BOUND('',#3472,.F.);
#3475=CARTESIAN_POINT('',(0.E0,7.5E0,0.E0));
#3476=DIRECTION('',(0.E0,1.E0,0.E0));
#3477=DIRECTION('',(1.E0,0.E0,0.E0));
#3478=AXIS2_PLACEMENT_3D('',#3475,#3476,#3477);
#3479=TOROIDAL_SURFACE('',#3478,8.824295168107E0,3.E0);
#3480=ORIENTED_EDGE('',*,*,#3460,.F.);
#3481=ORIENTED_EDGE('',*,*,#3449,.T.);
#3483=ORIENTED_EDGE('',*,*,#3482,.F.);
#3485=ORIENTED_EDGE('',*,*,#3484,.F.);
#3486=ORIENTED_EDGE('',*,*,#3443,.T.);
#3488=ORIENTED_EDGE('',*,*,#3487,.F.);
#3489=ORIENTED_EDGE('',*,*,#3370,.T.);
#3490=ORIENTED_EDGE('',*,*,#3335,.F.);
#3491=ORIENTED_EDGE('',*,*,#3367,.F.);
#3493=ORIENTED_EDGE('',*,*,#3492,.F.);
#3494=ORIENTED_EDGE('',*,*,#3433,.T.);
#3496=ORIENTED_EDGE('',*,*,#3495,.F.);
#3497=EDGE_LOOP('',(#3480,#3481,#3483,#3485,#3486,#3488,#3489,#3490,#3491,#3493,
#3494,#3496));
#3498=FACE_OUTER_BOUND('',#3497,.F.);
#3500=CARTESIAN_POINT('',(-5.25E0,1.768936555377E0,9.093266739737E0));
#3501=DIRECTION('',(0.E0,1.E0,0.E0));
#3502=DIRECTION('',(-5.E-1,0.E0,8.660254037844E-1));
#3503=AXIS2_PLACEMENT_3D('',#3500,#3501,#3502);
#3504=CYLINDRICAL_SURFACE('',#3503,1.E0);
#3505=ORIENTED_EDGE('',*,*,#3447,.F.);
#3507=ORIENTED_EDGE('',*,*,#3506,.T.);
#3509=ORIENTED_EDGE('',*,*,#3508,.F.);
#3511=ORIENTED_EDGE('',*,*,#3510,.T.);
#3513=ORIENTED_EDGE('',*,*,#3512,.T.);
#3515=ORIENTED_EDGE('',*,*,#3514,.F.);
#3516=ORIENTED_EDGE('',*,*,#3482,.T.);
#3517=EDGE_LOOP('',(#3505,#3507,#3509,#3511,#3513,#3515,#3516));
#3518=FACE_OUTER_BOUND('',#3517,.F.);
#3520=CARTESIAN_POINT('',(-5.25E0,1.768936555377E0,9.093266739737E0));
#3521=DIRECTION('',(0.E0,1.E0,0.E0));
#3522=DIRECTION('',(-5.E-1,0.E0,8.660254037844E-1));
#3523=AXIS2_PLACEMENT_3D('',#3520,#3521,#3522);
#3524=CYLINDRICAL_SURFACE('',#3523,1.E0);
#3525=ORIENTED_EDGE('',*,*,#3445,.F.);
#3526=ORIENTED_EDGE('',*,*,#3484,.T.);
#3527=ORIENTED_EDGE('',*,*,#3514,.T.);
#3529=ORIENTED_EDGE('',*,*,#3528,.T.);
#3531=ORIENTED_EDGE('',*,*,#3530,.T.);
#3533=ORIENTED_EDGE('',*,*,#3532,.T.);
#3534=ORIENTED_EDGE('',*,*,#3506,.F.);
#3535=EDGE_LOOP('',(#3525,#3526,#3527,#3529,#3531,#3533,#3534));
#3536=FACE_OUTER_BOUND('',#3535,.F.);
#3538=CARTESIAN_POINT('',(0.E0,2.52E0,0.E0));
#3539=DIRECTION('',(0.E0,1.E0,0.E0));
#3540=DIRECTION('',(1.E0,0.E0,0.E0));
#3541=AXIS2_PLACEMENT_3D('',#3538,#3539,#3540);
#3542=TOROIDAL_SURFACE('',#3541,9.77E0,5.E-1);
#3543=ORIENTED_EDGE('',*,*,#3464,.F.);
#3545=ORIENTED_EDGE('',*,*,#3544,.F.);
#3547=ORIENTED_EDGE('',*,*,#3546,.F.);
#3549=ORIENTED_EDGE('',*,*,#3548,.F.);
#3551=ORIENTED_EDGE('',*,*,#3550,.T.);
#3553=ORIENTED_EDGE('',*,*,#3552,.T.);
#3555=ORIENTED_EDGE('',*,*,#3554,.F.);
#3557=ORIENTED_EDGE('',*,*,#3556,.F.);
#3559=ORIENTED_EDGE('',*,*,#3558,.F.);
#3560=ORIENTED_EDGE('',*,*,#3528,.F.);
#3561=ORIENTED_EDGE('',*,*,#3512,.F.);
#3563=ORIENTED_EDGE('',*,*,#3562,.F.);
#3564=EDGE_LOOP('',(#3543,#3545,#3547,#3549,#3551,#3553,#3555,#3557,#3559,#3560,
#3561,#3563));
#3565=FACE_OUTER_BOUND('',#3564,.F.);
#3567=CARTESIAN_POINT('',(5.25E0,1.768936555377E0,9.093266739737E0));
#3568=DIRECTION('',(0.E0,1.E0,0.E0));
#3569=DIRECTION('',(5.E-1,0.E0,8.660254037844E-1));
#3570=AXIS2_PLACEMENT_3D('',#3567,#3568,#3569);
#3571=CYLINDRICAL_SURFACE('',#3570,1.E0);
#3572=ORIENTED_EDGE('',*,*,#3431,.F.);
#3573=ORIENTED_EDGE('',*,*,#3470,.T.);
#3575=ORIENTED_EDGE('',*,*,#3574,.F.);
#3577=ORIENTED_EDGE('',*,*,#3576,.T.);
#3578=ORIENTED_EDGE('',*,*,#3544,.T.);
#3579=ORIENTED_EDGE('',*,*,#3462,.F.);
#3580=ORIENTED_EDGE('',*,*,#3495,.T.);
#3581=EDGE_LOOP('',(#3572,#3573,#3575,#3577,#3578,#3579,#3580));
#3582=FACE_OUTER_BOUND('',#3581,.F.);
#3584=CARTESIAN_POINT('',(5.25E0,2.02E0,9.093266739737E0));
#3585=DIRECTION('',(0.E0,1.E0,0.E0));
#3586=DIRECTION('',(5.E-1,0.E0,8.660254037844E-1));
#3587=AXIS2_PLACEMENT_3D('',#3584,#3585,#3586);
#3588=PLANE('',#3587);
#3590=ORIENTED_EDGE('',*,*,#3589,.T.);
#3591=ORIENTED_EDGE('',*,*,#3574,.T.);
#3592=ORIENTED_EDGE('',*,*,#3468,.F.);
#3593=EDGE_LOOP('',(#3590,#3591,#3592));
#3594=FACE_OUTER_BOUND('',#3593,.F.);
#3596=CARTESIAN_POINT('',(0.E0,1.165E0,0.E0));
#3597=DIRECTION('',(0.E0,1.E0,0.E0));
#3598=DIRECTION('',(1.E0,0.E0,0.E0));
#3599=AXIS2_PLACEMENT_3D('',#3596,#3597,#3598);
#3600=CYLINDRICAL_SURFACE('',#3599,1.125E1);
#3602=ORIENTED_EDGE('',*,*,#3601,.T.);
#3604=ORIENTED_EDGE('',*,*,#3603,.F.);
#3606=ORIENTED_EDGE('',*,*,#3605,.T.);
#3608=ORIENTED_EDGE('',*,*,#3607,.T.);
#3610=ORIENTED_EDGE('',*,*,#3609,.F.);
#3612=ORIENTED_EDGE('',*,*,#3611,.T.);
#3613=ORIENTED_EDGE('',*,*,#3589,.F.);
#3615=ORIENTED_EDGE('',*,*,#3614,.T.);
#3617=ORIENTED_EDGE('',*,*,#3616,.F.);
#3619=ORIENTED_EDGE('',*,*,#3618,.T.);
#3621=ORIENTED_EDGE('',*,*,#3620,.F.);
#3623=ORIENTED_EDGE('',*,*,#3622,.F.);
#3625=ORIENTED_EDGE('',*,*,#3624,.T.);
#3627=ORIENTED_EDGE('',*,*,#3626,.F.);
#3629=ORIENTED_EDGE('',*,*,#3628,.T.);
#3631=ORIENTED_EDGE('',*,*,#3630,.F.);
#3632=EDGE_LOOP('',(#3602,#3604,#3606,#3608,#3610,#3612,#3613,#3615,#3617,#3619,
#3621,#3623,#3625,#3627,#3629,#3631));
#3633=FACE_OUTER_BOUND('',#3632,.F.);
#3635=CARTESIAN_POINT('',(5.375E0,1.3E0,9.309773090683E0));
#3636=DIRECTION('',(0.E0,1.E0,0.E0));
#3637=DIRECTION('',(5.E-1,0.E0,8.660254037844E-1));
#3638=AXIS2_PLACEMENT_3D('',#3635,#3636,#3637);
#3639=PLANE('',#3638);
#3641=ORIENTED_EDGE('',*,*,#3640,.T.);
#3643=ORIENTED_EDGE('',*,*,#3642,.F.);
#3644=ORIENTED_EDGE('',*,*,#3601,.F.);
#3645=EDGE_LOOP('',(#3641,#3643,#3644));
#3646=FACE_OUTER_BOUND('',#3645,.F.);
#3648=CARTESIAN_POINT('',(5.375E0,6.7E-1,9.309773090683E0));
#3649=DIRECTION('',(0.E0,1.E0,0.E0));
#3650=DIRECTION('',(5.E-1,0.E0,8.660254037844E-1));
#3651=AXIS2_PLACEMENT_3D('',#3648,#3649,#3650);
#3652=CYLINDRICAL_SURFACE('',#3651,6.E-1);
#3654=ORIENTED_EDGE('',*,*,#3653,.F.);
#3656=ORIENTED_EDGE('',*,*,#3655,.T.);
#3657=ORIENTED_EDGE('',*,*,#2853,.T.);
#3659=ORIENTED_EDGE('',*,*,#3658,.T.);
#3661=ORIENTED_EDGE('',*,*,#3660,.F.);
#3662=ORIENTED_EDGE('',*,*,#3640,.F.);
#3663=EDGE_LOOP('',(#3654,#3656,#3657,#3659,#3661,#3662));
#3664=FACE_OUTER_BOUND('',#3663,.F.);
#3666=CARTESIAN_POINT('',(0.E0,1.3E0,0.E0));
#3667=DIRECTION('',(0.E0,1.E0,0.E0));
#3668=DIRECTION('',(1.E0,0.E0,0.E0));
#3669=AXIS2_PLACEMENT_3D('',#3666,#3667,#3668);
#3670=PLANE('',#3669);
#3671=ORIENTED_EDGE('',*,*,#3653,.T.);
#3672=ORIENTED_EDGE('',*,*,#3630,.T.);
#3674=ORIENTED_EDGE('',*,*,#3673,.T.);
#3676=ORIENTED_EDGE('',*,*,#3675,.T.);
#3677=ORIENTED_EDGE('',*,*,#3626,.T.);
#3679=ORIENTED_EDGE('',*,*,#3678,.T.);
#3681=ORIENTED_EDGE('',*,*,#3680,.T.);
#3683=ORIENTED_EDGE('',*,*,#3682,.F.);
#3685=ORIENTED_EDGE('',*,*,#3684,.T.);
#3687=ORIENTED_EDGE('',*,*,#3686,.T.);
#3689=ORIENTED_EDGE('',*,*,#3688,.F.);
#3691=ORIENTED_EDGE('',*,*,#3690,.T.);
#3693=ORIENTED_EDGE('',*,*,#3692,.T.);
#3695=ORIENTED_EDGE('',*,*,#3694,.F.);
#3697=ORIENTED_EDGE('',*,*,#3696,.T.);
#3699=ORIENTED_EDGE('',*,*,#3698,.T.);
#3700=ORIENTED_EDGE('',*,*,#3603,.T.);
#3702=ORIENTED_EDGE('',*,*,#3701,.T.);
#3703=EDGE_LOOP('',(#3671,#3672,#3674,#3676,#3677,#3679,#3681,#3683,#3685,#3687,
#3689,#3691,#3693,#3695,#3697,#3699,#3700,#3702));
#3704=FACE_OUTER_BOUND('',#3703,.F.);
#3706=ORIENTED_EDGE('',*,*,#3705,.T.);
#3708=ORIENTED_EDGE('',*,*,#3707,.F.);
#3709=EDGE_LOOP('',(#3706,#3708));
#3710=FACE_BOUND('',#3709,.F.);
#3712=CARTESIAN_POINT('',(0.E0,2.52E0,0.E0));
#3713=DIRECTION('',(0.E0,1.E0,0.E0));
#3714=DIRECTION('',(1.E0,0.E0,0.E0));
#3715=AXIS2_PLACEMENT_3D('',#3712,#3713,#3714);
#3716=TOROIDAL_SURFACE('',#3715,9.77E0,1.22E0);
#3718=ORIENTED_EDGE('',*,*,#3717,.F.);
#3720=ORIENTED_EDGE('',*,*,#3719,.T.);
#3722=ORIENTED_EDGE('',*,*,#3721,.T.);
#3723=ORIENTED_EDGE('',*,*,#3705,.F.);
#3724=EDGE_LOOP('',(#3718,#3720,#3722,#3723));
#3725=FACE_OUTER_BOUND('',#3724,.F.);
#3727=CARTESIAN_POINT('',(0.E0,2.52E0,0.E0));
#3728=DIRECTION('',(0.E0,1.E0,0.E0));
#3729=DIRECTION('',(1.E0,0.E0,0.E0));
#3730=AXIS2_PLACEMENT_3D('',#3727,#3728,#3729);
#3731=TOROIDAL_SURFACE('',#3730,9.77E0,1.22E0);
#3732=ORIENTED_EDGE('',*,*,#3717,.T.);
#3733=ORIENTED_EDGE('',*,*,#3707,.T.);
#3734=ORIENTED_EDGE('',*,*,#3721,.F.);
#3736=ORIENTED_EDGE('',*,*,#3735,.F.);
#3737=EDGE_LOOP('',(#3732,#3733,#3734,#3736));
#3738=FACE_OUTER_BOUND('',#3737,.F.);
#3740=CARTESIAN_POINT('',(0.E0,1.165E0,0.E0));
#3741=DIRECTION('',(0.E0,1.E0,0.E0));
#3742=DIRECTION('',(1.E0,0.E0,0.E0));
#3743=AXIS2_PLACEMENT_3D('',#3740,#3741,#3742);
#3744=CYLINDRICAL_SURFACE('',#3743,8.55E0);
#3746=ORIENTED_EDGE('',*,*,#3745,.T.);
#3747=ORIENTED_EDGE('',*,*,#3735,.T.);
#3749=ORIENTED_EDGE('',*,*,#3748,.F.);
#3751=ORIENTED_EDGE('',*,*,#3750,.F.);
#3752=EDGE_LOOP('',(#3746,#3747,#3749,#3751));
#3753=FACE_OUTER_BOUND('',#3752,.F.);
#3755=CARTESIAN_POINT('',(0.E0,1.165E0,0.E0));
#3756=DIRECTION('',(0.E0,1.E0,0.E0));
#3757=DIRECTION('',(1.E0,0.E0,0.E0));
#3758=AXIS2_PLACEMENT_3D('',#3755,#3756,#3757);
#3759=CYLINDRICAL_SURFACE('',#3758,8.55E0);
#3760=ORIENTED_EDGE('',*,*,#3745,.F.);
#3762=ORIENTED_EDGE('',*,*,#3761,.T.);
#3763=ORIENTED_EDGE('',*,*,#3748,.T.);
#3764=ORIENTED_EDGE('',*,*,#3719,.F.);
#3765=EDGE_LOOP('',(#3760,#3762,#3763,#3764));
#3766=FACE_OUTER_BOUND('',#3765,.F.);
#3768=CARTESIAN_POINT('',(0.E0,4.E0,0.E0));
#3769=DIRECTION('',(0.E0,1.E0,0.E0));
#3770=DIRECTION('',(1.E0,0.E0,0.E0));
#3771=AXIS2_PLACEMENT_3D('',#3768,#3769,#3770);
#3772=PLANE('',#3771);
#3774=ORIENTED_EDGE('',*,*,#3773,.T.);
#3776=ORIENTED_EDGE('',*,*,#3775,.F.);
#3777=EDGE_LOOP('',(#3774,#3776));
#3778=FACE_OUTER_BOUND('',#3777,.F.);
#3779=ORIENTED_EDGE('',*,*,#3750,.T.);
#3780=ORIENTED_EDGE('',*,*,#3761,.F.);
#3781=EDGE_LOOP('',(#3779,#3780));
#3782=FACE_BOUND('',#3781,.F.);
#3784=CARTESIAN_POINT('',(0.E0,1.165E0,0.E0));
#3785=DIRECTION('',(0.E0,1.E0,0.E0));
#3786=DIRECTION('',(1.E0,0.E0,0.E0));
#3787=AXIS2_PLACEMENT_3D('',#3784,#3785,#3786);
#3788=CYLINDRICAL_SURFACE('',#3787,9.27E0);
#3790=ORIENTED_EDGE('',*,*,#3789,.F.);
#3792=ORIENTED_EDGE('',*,*,#3791,.T.);
#3794=ORIENTED_EDGE('',*,*,#3793,.T.);
#3795=ORIENTED_EDGE('',*,*,#3773,.F.);
#3796=EDGE_LOOP('',(#3790,#3792,#3794,#3795));
#3797=FACE_OUTER_BOUND('',#3796,.F.);
#3799=CARTESIAN_POINT('',(0.E0,1.165E0,0.E0));
#3800=DIRECTION('',(0.E0,1.E0,0.E0));
#3801=DIRECTION('',(1.E0,0.E0,0.E0));
#3802=AXIS2_PLACEMENT_3D('',#3799,#3800,#3801);
#3803=CYLINDRICAL_SURFACE('',#3802,9.27E0);
#3804=ORIENTED_EDGE('',*,*,#3789,.T.);
#3805=ORIENTED_EDGE('',*,*,#3775,.T.);
#3806=ORIENTED_EDGE('',*,*,#3793,.F.);
#3807=ORIENTED_EDGE('',*,*,#3552,.F.);
#3808=EDGE_LOOP('',(#3804,#3805,#3806,#3807));
#3809=FACE_OUTER_BOUND('',#3808,.F.);
#3811=CARTESIAN_POINT('',(0.E0,2.52E0,0.E0));
#3812=DIRECTION('',(0.E0,1.E0,0.E0));
#3813=DIRECTION('',(1.E0,0.E0,0.E0));
#3814=AXIS2_PLACEMENT_3D('',#3811,#3812,#3813);
#3815=TOROIDAL_SURFACE('',#3814,9.77E0,5.E-1);
#3816=ORIENTED_EDGE('',*,*,#3385,.F.);
#3817=ORIENTED_EDGE('',*,*,#3554,.T.);
#3818=ORIENTED_EDGE('',*,*,#3791,.F.);
#3819=ORIENTED_EDGE('',*,*,#3550,.F.);
#3821=ORIENTED_EDGE('',*,*,#3820,.F.);
#3823=ORIENTED_EDGE('',*,*,#3822,.T.);
#3825=ORIENTED_EDGE('',*,*,#3824,.F.);
#3827=ORIENTED_EDGE('',*,*,#3826,.F.);
#3829=ORIENTED_EDGE('',*,*,#3828,.T.);
#3831=ORIENTED_EDGE('',*,*,#3830,.F.);
#3833=ORIENTED_EDGE('',*,*,#3832,.F.);
#3835=ORIENTED_EDGE('',*,*,#3834,.T.);
#3836=EDGE_LOOP('',(#3816,#3817,#3818,#3819,#3821,#3823,#3825,#3827,#3829,#3831,
#3833,#3835));
#3837=FACE_OUTER_BOUND('',#3836,.F.);
#3839=CARTESIAN_POINT('',(1.05E1,1.768936555377E0,0.E0));
#3840=DIRECTION('',(0.E0,1.E0,0.E0));
#3841=DIRECTION('',(1.E0,0.E0,0.E0));
#3842=AXIS2_PLACEMENT_3D('',#3839,#3840,#3841);
#3843=CYLINDRICAL_SURFACE('',#3842,1.E0);
#3844=ORIENTED_EDGE('',*,*,#3408,.F.);
#3846=ORIENTED_EDGE('',*,*,#3845,.T.);
#3848=ORIENTED_EDGE('',*,*,#3847,.F.);
#3850=ORIENTED_EDGE('',*,*,#3849,.T.);
#3851=ORIENTED_EDGE('',*,*,#3820,.T.);
#3853=ORIENTED_EDGE('',*,*,#3852,.F.);
#3854=ORIENTED_EDGE('',*,*,#3365,.T.);
#3855=EDGE_LOOP('',(#3844,#3846,#3848,#3850,#3851,#3853,#3854));
#3856=FACE_OUTER_BOUND('',#3855,.F.);
#3858=CARTESIAN_POINT('',(1.05E1,1.768936555377E0,0.E0));
#3859=DIRECTION('',(0.E0,1.E0,0.E0));
#3860=DIRECTION('',(1.E0,0.E0,0.E0));
#3861=AXIS2_PLACEMENT_3D('',#3858,#3859,#3860);
#3862=CYLINDRICAL_SURFACE('',#3861,1.E0);
#3863=ORIENTED_EDGE('',*,*,#3435,.F.);
#3864=ORIENTED_EDGE('',*,*,#3492,.T.);
#3865=ORIENTED_EDGE('',*,*,#3852,.T.);
#3866=ORIENTED_EDGE('',*,*,#3548,.T.);
#3868=ORIENTED_EDGE('',*,*,#3867,.T.);
#3870=ORIENTED_EDGE('',*,*,#3869,.T.);
#3871=ORIENTED_EDGE('',*,*,#3845,.F.);
#3872=EDGE_LOOP('',(#3863,#3864,#3865,#3866,#3868,#3870,#3871));
#3873=FACE_OUTER_BOUND('',#3872,.F.);
#3875=CARTESIAN_POINT('',(0.E0,2.02E0,0.E0));
#3876=DIRECTION('',(0.E0,1.E0,0.E0));
#3877=DIRECTION('',(1.E0,0.E0,0.E0));
#3878=AXIS2_PLACEMENT_3D('',#3875,#3876,#3877);
#3879=PLANE('',#3878);
#3881=ORIENTED_EDGE('',*,*,#3880,.F.);
#3882=ORIENTED_EDGE('',*,*,#3822,.F.);
#3883=ORIENTED_EDGE('',*,*,#3849,.F.);
#3885=ORIENTED_EDGE('',*,*,#3884,.T.);
#3886=EDGE_LOOP('',(#3881,#3882,#3883,#3885));
#3887=FACE_OUTER_BOUND('',#3886,.F.);
#3889=CARTESIAN_POINT('',(0.E0,2.02E0,0.E0));
#3890=DIRECTION('',(0.E0,1.E0,0.E0));
#3891=DIRECTION('',(1.E0,0.E0,0.E0));
#3892=AXIS2_PLACEMENT_3D('',#3889,#3890,#3891);
#3893=PLANE('',#3892);
#3895=ORIENTED_EDGE('',*,*,#3894,.F.);
#3896=ORIENTED_EDGE('',*,*,#3828,.F.);
#3898=ORIENTED_EDGE('',*,*,#3897,.F.);
#3900=ORIENTED_EDGE('',*,*,#3899,.T.);
#3901=EDGE_LOOP('',(#3895,#3896,#3898,#3900));
#3902=FACE_OUTER_BOUND('',#3901,.F.);
#3904=CARTESIAN_POINT('',(0.E0,2.02E0,0.E0));
#3905=DIRECTION('',(0.E0,1.E0,0.E0));
#3906=DIRECTION('',(1.E0,0.E0,0.E0));
#3907=AXIS2_PLACEMENT_3D('',#3904,#3905,#3906);
#3908=PLANE('',#3907);
#3909=ORIENTED_EDGE('',*,*,#3387,.F.);
#3910=ORIENTED_EDGE('',*,*,#3834,.F.);
#3912=ORIENTED_EDGE('',*,*,#3911,.F.);
#3914=ORIENTED_EDGE('',*,*,#3913,.T.);
#3915=EDGE_LOOP('',(#3909,#3910,#3912,#3914));
#3916=FACE_OUTER_BOUND('',#3915,.F.);
#3918=CARTESIAN_POINT('',(0.E0,2.02E0,0.E0));
#3919=DIRECTION('',(0.E0,1.E0,0.E0));
#3920=DIRECTION('',(1.E0,0.E0,0.E0));
#3921=AXIS2_PLACEMENT_3D('',#3918,#3919,#3920);
#3922=PLANE('',#3921);
#3923=ORIENTED_EDGE('',*,*,#3530,.F.);
#3924=ORIENTED_EDGE('',*,*,#3558,.T.);
#3926=ORIENTED_EDGE('',*,*,#3925,.F.);
#3927=ORIENTED_EDGE('',*,*,#3618,.F.);
#3928=EDGE_LOOP('',(#3923,#3924,#3926,#3927));
#3929=FACE_OUTER_BOUND('',#3928,.F.);
#3931=CARTESIAN_POINT('',(0.E0,2.02E0,0.E0));
#3932=DIRECTION('',(0.E0,1.E0,0.E0));
#3933=DIRECTION('',(1.E0,0.E0,0.E0));
#3934=AXIS2_PLACEMENT_3D('',#3931,#3932,#3933);
#3935=PLANE('',#3934);
#3936=ORIENTED_EDGE('',*,*,#3466,.F.);
#3937=ORIENTED_EDGE('',*,*,#3562,.T.);
#3938=ORIENTED_EDGE('',*,*,#3510,.F.);
#3939=ORIENTED_EDGE('',*,*,#3614,.F.);
#3940=EDGE_LOOP('',(#3936,#3937,#3938,#3939));
#3941=FACE_OUTER_BOUND('',#3940,.F.);
#3943=CARTESIAN_POINT('',(0.E0,2.02E0,0.E0));
#3944=DIRECTION('',(0.E0,1.E0,0.E0));
#3945=DIRECTION('',(1.E0,0.E0,0.E0));
#3946=AXIS2_PLACEMENT_3D('',#3943,#3944,#3945);
#3947=PLANE('',#3946);
#3948=ORIENTED_EDGE('',*,*,#3576,.F.);
#3949=ORIENTED_EDGE('',*,*,#3611,.F.);
#3950=ORIENTED_EDGE('',*,*,#3867,.F.);
#3951=ORIENTED_EDGE('',*,*,#3546,.T.);
#3952=EDGE_LOOP('',(#3948,#3949,#3950,#3951));
#3953=FACE_OUTER_BOUND('',#3952,.F.);
#3955=CARTESIAN_POINT('',(5.25E0,1.768936555377E0,-9.093266739737E0));
#3956=DIRECTION('',(0.E0,1.E0,0.E0));
#3957=DIRECTION('',(5.E-1,0.E0,-8.660254037844E-1));
#3958=AXIS2_PLACEMENT_3D('',#3955,#3956,#3957);
#3959=CYLINDRICAL_SURFACE('',#3958,1.E0);
#3960=ORIENTED_EDGE('',*,*,#3411,.F.);
#3961=ORIENTED_EDGE('',*,*,#3361,.T.);
#3963=ORIENTED_EDGE('',*,*,#3962,.T.);
#3964=ORIENTED_EDGE('',*,*,#3824,.T.);
#3965=ORIENTED_EDGE('',*,*,#3880,.T.);
#3967=ORIENTED_EDGE('',*,*,#3966,.T.);
#3969=ORIENTED_EDGE('',*,*,#3968,.F.);
#3970=EDGE_LOOP('',(#3960,#3961,#3963,#3964,#3965,#3967,#3969));
#3971=FACE_OUTER_BOUND('',#3970,.F.);
#3973=CARTESIAN_POINT('',(5.25E0,1.768936555377E0,-9.093266739737E0));
#3974=DIRECTION('',(0.E0,1.E0,0.E0));
#3975=DIRECTION('',(5.E-1,0.E0,-8.660254037844E-1));
#3976=AXIS2_PLACEMENT_3D('',#3973,#3974,#3975);
#3977=CYLINDRICAL_SURFACE('',#3976,1.E0);
#3978=ORIENTED_EDGE('',*,*,#3413,.F.);
#3979=ORIENTED_EDGE('',*,*,#3968,.T.);
#3981=ORIENTED_EDGE('',*,*,#3980,.F.);
#3982=ORIENTED_EDGE('',*,*,#3897,.T.);
#3983=ORIENTED_EDGE('',*,*,#3826,.T.);
#3984=ORIENTED_EDGE('',*,*,#3962,.F.);
#3985=ORIENTED_EDGE('',*,*,#3359,.T.);
#3986=EDGE_LOOP('',(#3978,#3979,#3981,#3982,#3983,#3984,#3985));
#3987=FACE_OUTER_BOUND('',#3986,.F.);
#3989=CARTESIAN_POINT('',(5.25E0,2.02E0,-9.093266739737E0));
#3990=DIRECTION('',(0.E0,1.E0,0.E0));
#3991=DIRECTION('',(5.E-1,0.E0,-8.660254037844E-1));
#3992=AXIS2_PLACEMENT_3D('',#3989,#3990,#3991);
#3993=PLANE('',#3992);
#3995=ORIENTED_EDGE('',*,*,#3994,.T.);
#3996=ORIENTED_EDGE('',*,*,#3980,.T.);
#3997=ORIENTED_EDGE('',*,*,#3966,.F.);
#3998=EDGE_LOOP('',(#3995,#3996,#3997));
#3999=FACE_OUTER_BOUND('',#3998,.F.);
#4001=CARTESIAN_POINT('',(0.E0,1.165E0,0.E0));
#4002=DIRECTION('',(0.E0,1.E0,0.E0));
#4003=DIRECTION('',(1.E0,0.E0,0.E0));
#4004=AXIS2_PLACEMENT_3D('',#4001,#4002,#4003);
#4005=CYLINDRICAL_SURFACE('',#4004,1.125E1);
#4007=ORIENTED_EDGE('',*,*,#4006,.T.);
#4008=ORIENTED_EDGE('',*,*,#3622,.T.);
#4010=ORIENTED_EDGE('',*,*,#4009,.F.);
#4011=ORIENTED_EDGE('',*,*,#3913,.F.);
#4013=ORIENTED_EDGE('',*,*,#4012,.F.);
#4014=ORIENTED_EDGE('',*,*,#3899,.F.);
#4015=ORIENTED_EDGE('',*,*,#3994,.F.);
#4016=ORIENTED_EDGE('',*,*,#3884,.F.);
#4018=ORIENTED_EDGE('',*,*,#4017,.F.);
#4019=ORIENTED_EDGE('',*,*,#3607,.F.);
#4021=ORIENTED_EDGE('',*,*,#4020,.T.);
#4022=ORIENTED_EDGE('',*,*,#3694,.T.);
#4024=ORIENTED_EDGE('',*,*,#4023,.T.);
#4025=ORIENTED_EDGE('',*,*,#3688,.T.);
#4027=ORIENTED_EDGE('',*,*,#4026,.T.);
#4028=ORIENTED_EDGE('',*,*,#3682,.T.);
#4029=EDGE_LOOP('',(#4007,#4008,#4010,#4011,#4013,#4014,#4015,#4016,#4018,#4019,
#4021,#4022,#4024,#4025,#4027,#4028));
#4030=FACE_OUTER_BOUND('',#4029,.F.);
#4032=CARTESIAN_POINT('',(-1.075E1,1.3E0,0.E0));
#4033=DIRECTION('',(0.E0,1.E0,0.E0));
#4034=DIRECTION('',(-1.E0,0.E0,0.E0));
#4035=AXIS2_PLACEMENT_3D('',#4032,#4033,#4034);
#4036=PLANE('',#4035);
#4038=ORIENTED_EDGE('',*,*,#4037,.T.);
#4040=ORIENTED_EDGE('',*,*,#4039,.F.);
#4041=ORIENTED_EDGE('',*,*,#3624,.F.);
#4042=ORIENTED_EDGE('',*,*,#4006,.F.);
#4043=EDGE_LOOP('',(#4038,#4040,#4041,#4042));
#4044=FACE_OUTER_BOUND('',#4043,.F.);
#4046=CARTESIAN_POINT('',(-1.075E1,6.7E-1,0.E0));
#4047=DIRECTION('',(0.E0,1.E0,0.E0));
#4048=DIRECTION('',(-1.E0,0.E0,0.E0));
#4049=AXIS2_PLACEMENT_3D('',#4046,#4047,#4048);
#4050=CYLINDRICAL_SURFACE('',#4049,6.E-1);
#4051=ORIENTED_EDGE('',*,*,#3680,.F.);
#4053=ORIENTED_EDGE('',*,*,#4052,.T.);
#4054=ORIENTED_EDGE('',*,*,#2873,.T.);
#4056=ORIENTED_EDGE('',*,*,#4055,.T.);
#4058=ORIENTED_EDGE('',*,*,#4057,.F.);
#4059=ORIENTED_EDGE('',*,*,#4037,.F.);
#4060=EDGE_LOOP('',(#4051,#4053,#4054,#4056,#4058,#4059));
#4061=FACE_OUTER_BOUND('',#4060,.F.);
#4063=CARTESIAN_POINT('',(-1.075E1,6.7E-1,0.E0));
#4064=DIRECTION('',(0.E0,1.E0,0.E0));
#4065=DIRECTION('',(-1.E0,0.E0,0.E0));
#4066=AXIS2_PLACEMENT_3D('',#4063,#4064,#4065);
#4067=CYLINDRICAL_SURFACE('',#4066,6.E-1);
#4068=ORIENTED_EDGE('',*,*,#3678,.F.);
#4069=ORIENTED_EDGE('',*,*,#4039,.T.);
#4070=ORIENTED_EDGE('',*,*,#4057,.T.);
#4072=ORIENTED_EDGE('',*,*,#4071,.F.);
#4073=ORIENTED_EDGE('',*,*,#2875,.T.);
#4074=ORIENTED_EDGE('',*,*,#4052,.F.);
#4075=EDGE_LOOP('',(#4068,#4069,#4070,#4072,#4073,#4074));
#4076=FACE_OUTER_BOUND('',#4075,.F.);
#4078=CARTESIAN_POINT('',(-1.075E1,7.E-1,0.E0));
#4079=DIRECTION('',(0.E0,1.E0,0.E0));
#4080=DIRECTION('',(-1.E0,0.E0,0.E0));
#4081=AXIS2_PLACEMENT_3D('',#4078,#4079,#4080);
#4082=PLANE('',#4081);
#4083=ORIENTED_EDGE('',*,*,#4055,.F.);
#4084=ORIENTED_EDGE('',*,*,#2803,.T.);
#4085=ORIENTED_EDGE('',*,*,#2838,.T.);
#4086=ORIENTED_EDGE('',*,*,#4071,.T.);
#4087=EDGE_LOOP('',(#4083,#4084,#4085,#4086));
#4088=FACE_OUTER_BOUND('',#4087,.F.);
#4090=CARTESIAN_POINT('',(-1.05E1,2.02E0,0.E0));
#4091=DIRECTION('',(0.E0,1.E0,0.E0));
#4092=DIRECTION('',(-1.E0,0.E0,0.E0));
#4093=AXIS2_PLACEMENT_3D('',#4090,#4091,#4092);
#4094=PLANE('',#4093);
#4095=ORIENTED_EDGE('',*,*,#4009,.T.);
#4096=ORIENTED_EDGE('',*,*,#3620,.T.);
#4098=ORIENTED_EDGE('',*,*,#4097,.T.);
#4099=ORIENTED_EDGE('',*,*,#3389,.F.);
#4100=EDGE_LOOP('',(#4095,#4096,#4098,#4099));
#4101=FACE_OUTER_BOUND('',#4100,.F.);
#4103=CARTESIAN_POINT('',(-1.05E1,1.768936555377E0,0.E0));
#4104=DIRECTION('',(0.E0,1.E0,0.E0));
#4105=DIRECTION('',(-1.E0,0.E0,0.E0));
#4106=AXIS2_PLACEMENT_3D('',#4103,#4104,#4105);
#4107=CYLINDRICAL_SURFACE('',#4106,1.E0);
#4108=ORIENTED_EDGE('',*,*,#3441,.F.);
#4109=ORIENTED_EDGE('',*,*,#3391,.T.);
#4110=ORIENTED_EDGE('',*,*,#4097,.F.);
#4111=ORIENTED_EDGE('',*,*,#3925,.T.);
#4112=ORIENTED_EDGE('',*,*,#3556,.T.);
#4113=ORIENTED_EDGE('',*,*,#3383,.F.);
#4114=ORIENTED_EDGE('',*,*,#3487,.T.);
#4115=EDGE_LOOP('',(#4108,#4109,#4110,#4111,#4112,#4113,#4114));
#4116=FACE_OUTER_BOUND('',#4115,.F.);
#4118=CARTESIAN_POINT('',(-5.25E0,2.02E0,-9.093266739737E0));
#4119=DIRECTION('',(0.E0,1.E0,0.E0));
#4120=DIRECTION('',(-5.E-1,0.E0,-8.660254037844E-1));
#4121=AXIS2_PLACEMENT_3D('',#4118,#4119,#4120);
#4122=PLANE('',#4121);
#4123=ORIENTED_EDGE('',*,*,#4012,.T.);
#4125=ORIENTED_EDGE('',*,*,#4124,.T.);
#4127=ORIENTED_EDGE('',*,*,#4126,.F.);
#4128=EDGE_LOOP('',(#4123,#4125,#4127));
#4129=FACE_OUTER_BOUND('',#4128,.F.);
#4131=CARTESIAN_POINT('',(-5.25E0,1.768936555377E0,-9.093266739737E0));
#4132=DIRECTION('',(0.E0,1.E0,0.E0));
#4133=DIRECTION('',(-5.E-1,0.E0,-8.660254037844E-1));
#4134=AXIS2_PLACEMENT_3D('',#4131,#4132,#4133);
#4135=CYLINDRICAL_SURFACE('',#4134,1.E0);
#4136=ORIENTED_EDGE('',*,*,#3418,.F.);
#4138=ORIENTED_EDGE('',*,*,#4137,.T.);
#4139=ORIENTED_EDGE('',*,*,#4124,.F.);
#4140=ORIENTED_EDGE('',*,*,#3911,.T.);
#4141=ORIENTED_EDGE('',*,*,#3832,.T.);
#4143=ORIENTED_EDGE('',*,*,#4142,.F.);
#4144=ORIENTED_EDGE('',*,*,#3353,.T.);
#4145=EDGE_LOOP('',(#4136,#4138,#4139,#4140,#4141,#4143,#4144));
#4146=FACE_OUTER_BOUND('',#4145,.F.);
#4148=CARTESIAN_POINT('',(-5.25E0,1.768936555377E0,-9.093266739737E0));
#4149=DIRECTION('',(0.E0,1.E0,0.E0));
#4150=DIRECTION('',(-5.E-1,0.E0,-8.660254037844E-1));
#4151=AXIS2_PLACEMENT_3D('',#4148,#4149,#4150);
#4152=CYLINDRICAL_SURFACE('',#4151,1.E0);
#4153=ORIENTED_EDGE('',*,*,#3416,.F.);
#4154=ORIENTED_EDGE('',*,*,#3355,.T.);
#4155=ORIENTED_EDGE('',*,*,#4142,.T.);
#4156=ORIENTED_EDGE('',*,*,#3830,.T.);
#4157=ORIENTED_EDGE('',*,*,#3894,.T.);
#4158=ORIENTED_EDGE('',*,*,#4126,.T.);
#4159=ORIENTED_EDGE('',*,*,#4137,.F.);
#4160=EDGE_LOOP('',(#4153,#4154,#4155,#4156,#4157,#4158,#4159));
#4161=FACE_OUTER_BOUND('',#4160,.F.);
#4163=CARTESIAN_POINT('',(1.05E1,2.02E0,0.E0));
#4164=DIRECTION('',(0.E0,1.E0,0.E0));
#4165=DIRECTION('',(1.E0,0.E0,0.E0));
#4166=AXIS2_PLACEMENT_3D('',#4163,#4164,#4165);
#4167=PLANE('',#4166);
#4168=ORIENTED_EDGE('',*,*,#4017,.T.);
#4169=ORIENTED_EDGE('',*,*,#3847,.T.);
#4170=ORIENTED_EDGE('',*,*,#3869,.F.);
#4171=ORIENTED_EDGE('',*,*,#3609,.T.);
#4172=EDGE_LOOP('',(#4168,#4169,#4170,#4171));
#4173=FACE_OUTER_BOUND('',#4172,.F.);
#4175=CARTESIAN_POINT('',(1.075E1,1.3E0,0.E0));
#4176=DIRECTION('',(0.E0,1.E0,0.E0));
#4177=DIRECTION('',(1.E0,0.E0,0.E0));
#4178=AXIS2_PLACEMENT_3D('',#4175,#4176,#4177);
#4179=PLANE('',#4178);
#4181=ORIENTED_EDGE('',*,*,#4180,.T.);
#4183=ORIENTED_EDGE('',*,*,#4182,.F.);
#4184=ORIENTED_EDGE('',*,*,#4020,.F.);
#4185=ORIENTED_EDGE('',*,*,#3605,.F.);
#4186=EDGE_LOOP('',(#4181,#4183,#4184,#4185));
#4187=FACE_OUTER_BOUND('',#4186,.F.);
#4189=CARTESIAN_POINT('',(1.075E1,6.7E-1,0.E0));
#4190=DIRECTION('',(0.E0,1.E0,0.E0));
#4191=DIRECTION('',(1.E0,0.E0,0.E0));
#4192=AXIS2_PLACEMENT_3D('',#4189,#4190,#4191);
#4193=CYLINDRICAL_SURFACE('',#4192,6.E-1);
#4194=ORIENTED_EDGE('',*,*,#3698,.F.);
#4196=ORIENTED_EDGE('',*,*,#4195,.T.);
#4197=ORIENTED_EDGE('',*,*,#2858,.T.);
#4199=ORIENTED_EDGE('',*,*,#4198,.T.);
#4201=ORIENTED_EDGE('',*,*,#4200,.F.);
#4202=ORIENTED_EDGE('',*,*,#4180,.F.);
#4203=EDGE_LOOP('',(#4194,#4196,#4197,#4199,#4201,#4202));
#4204=FACE_OUTER_BOUND('',#4203,.F.);
#4206=CARTESIAN_POINT('',(1.075E1,6.7E-1,0.E0));
#4207=DIRECTION('',(0.E0,1.E0,0.E0));
#4208=DIRECTION('',(1.E0,0.E0,0.E0));
#4209=AXIS2_PLACEMENT_3D('',#4206,#4207,#4208);
#4210=CYLINDRICAL_SURFACE('',#4209,6.E-1);
#4211=ORIENTED_EDGE('',*,*,#3696,.F.);
#4212=ORIENTED_EDGE('',*,*,#4182,.T.);
#4213=ORIENTED_EDGE('',*,*,#4200,.T.);
#4215=ORIENTED_EDGE('',*,*,#4214,.F.);
#4216=ORIENTED_EDGE('',*,*,#2860,.T.);
#4217=ORIENTED_EDGE('',*,*,#4195,.F.);
#4218=EDGE_LOOP('',(#4211,#4212,#4213,#4215,#4216,#4217));
#4219=FACE_OUTER_BOUND('',#4218,.F.);
#4221=CARTESIAN_POINT('',(1.075E1,7.E-1,0.E0));
#4222=DIRECTION('',(0.E0,1.E0,0.E0));
#4223=DIRECTION('',(1.E0,0.E0,0.E0));
#4224=AXIS2_PLACEMENT_3D('',#4221,#4222,#4223);
#4225=PLANE('',#4224);
#4226=ORIENTED_EDGE('',*,*,#4198,.F.);
#4227=ORIENTED_EDGE('',*,*,#2843,.T.);
#4228=ORIENTED_EDGE('',*,*,#2815,.T.);
#4229=ORIENTED_EDGE('',*,*,#4214,.T.);
#4230=EDGE_LOOP('',(#4226,#4227,#4228,#4229));
#4231=FACE_OUTER_BOUND('',#4230,.F.);
#4233=CARTESIAN_POINT('',(5.375E0,1.3E0,-9.309773090683E0));
#4234=DIRECTION('',(0.E0,1.E0,0.E0));
#4235=DIRECTION('',(5.E-1,0.E0,-8.660254037844E-1));
#4236=AXIS2_PLACEMENT_3D('',#4233,#4234,#4235);
#4237=PLANE('',#4236);
#4239=ORIENTED_EDGE('',*,*,#4238,.T.);
#4241=ORIENTED_EDGE('',*,*,#4240,.F.);
#4242=ORIENTED_EDGE('',*,*,#4023,.F.);
#4243=EDGE_LOOP('',(#4239,#4241,#4242));
#4244=FACE_OUTER_BOUND('',#4243,.F.);
#4246=CARTESIAN_POINT('',(5.375E0,6.7E-1,-9.309773090683E0));
#4247=DIRECTION('',(0.E0,1.E0,0.E0));
#4248=DIRECTION('',(5.E-1,0.E0,-8.660254037844E-1));
#4249=AXIS2_PLACEMENT_3D('',#4246,#4247,#4248);
#4250=CYLINDRICAL_SURFACE('',#4249,6.E-1);
#4251=ORIENTED_EDGE('',*,*,#3692,.F.);
#4253=ORIENTED_EDGE('',*,*,#4252,.T.);
#4254=ORIENTED_EDGE('',*,*,#2863,.T.);
#4256=ORIENTED_EDGE('',*,*,#4255,.T.);
#4258=ORIENTED_EDGE('',*,*,#4257,.F.);
#4259=ORIENTED_EDGE('',*,*,#4238,.F.);
#4260=EDGE_LOOP('',(#4251,#4253,#4254,#4256,#4258,#4259));
#4261=FACE_OUTER_BOUND('',#4260,.F.);
#4263=CARTESIAN_POINT('',(5.375E0,6.7E-1,-9.309773090683E0));
#4264=DIRECTION('',(0.E0,1.E0,0.E0));
#4265=DIRECTION('',(5.E-1,0.E0,-8.660254037844E-1));
#4266=AXIS2_PLACEMENT_3D('',#4263,#4264,#4265);
#4267=CYLINDRICAL_SURFACE('',#4266,6.E-1);
#4268=ORIENTED_EDGE('',*,*,#3690,.F.);
#4269=ORIENTED_EDGE('',*,*,#4240,.T.);
#4270=ORIENTED_EDGE('',*,*,#4257,.T.);
#4272=ORIENTED_EDGE('',*,*,#4271,.F.);
#4273=ORIENTED_EDGE('',*,*,#2865,.T.);
#4274=ORIENTED_EDGE('',*,*,#4252,.F.);
#4275=EDGE_LOOP('',(#4268,#4269,#4270,#4272,#4273,#4274));
#4276=FACE_OUTER_BOUND('',#4275,.F.);
#4278=CARTESIAN_POINT('',(5.375E0,7.E-1,-9.309773090683E0));
#4279=DIRECTION('',(0.E0,1.E0,0.E0));
#4280=DIRECTION('',(5.E-1,0.E0,-8.660254037844E-1));
#4281=AXIS2_PLACEMENT_3D('',#4278,#4279,#4280);
#4282=PLANE('',#4281);
#4283=ORIENTED_EDGE('',*,*,#4255,.F.);
#4284=ORIENTED_EDGE('',*,*,#2811,.T.);
#4285=ORIENTED_EDGE('',*,*,#4271,.T.);
#4286=EDGE_LOOP('',(#4283,#4284,#4285));
#4287=FACE_OUTER_BOUND('',#4286,.F.);
#4289=CARTESIAN_POINT('',(-5.375E0,1.3E0,-9.309773090683E0));
#4290=DIRECTION('',(0.E0,1.E0,0.E0));
#4291=DIRECTION('',(-5.E-1,0.E0,-8.660254037844E-1));
#4292=AXIS2_PLACEMENT_3D('',#4289,#4290,#4291);
#4293=PLANE('',#4292);
#4295=ORIENTED_EDGE('',*,*,#4294,.T.);
#4297=ORIENTED_EDGE('',*,*,#4296,.F.);
#4298=ORIENTED_EDGE('',*,*,#4026,.F.);
#4299=EDGE_LOOP('',(#4295,#4297,#4298));
#4300=FACE_OUTER_BOUND('',#4299,.F.);
#4302=CARTESIAN_POINT('',(-5.375E0,6.7E-1,-9.309773090683E0));
#4303=DIRECTION('',(0.E0,1.E0,0.E0));
#4304=DIRECTION('',(-5.E-1,0.E0,-8.660254037844E-1));
#4305=AXIS2_PLACEMENT_3D('',#4302,#4303,#4304);
#4306=CYLINDRICAL_SURFACE('',#4305,6.E-1);
#4307=ORIENTED_EDGE('',*,*,#3686,.F.);
#4309=ORIENTED_EDGE('',*,*,#4308,.T.);
#4310=ORIENTED_EDGE('',*,*,#2868,.T.);
#4312=ORIENTED_EDGE('',*,*,#4311,.T.);
#4314=ORIENTED_EDGE('',*,*,#4313,.F.);
#4315=ORIENTED_EDGE('',*,*,#4294,.F.);
#4316=EDGE_LOOP('',(#4307,#4309,#4310,#4312,#4314,#4315));
#4317=FACE_OUTER_BOUND('',#4316,.F.);
#4319=CARTESIAN_POINT('',(-5.375E0,6.7E-1,-9.309773090683E0));
#4320=DIRECTION('',(0.E0,1.E0,0.E0));
#4321=DIRECTION('',(-5.E-1,0.E0,-8.660254037844E-1));
#4322=AXIS2_PLACEMENT_3D('',#4319,#4320,#4321);
#4323=CYLINDRICAL_SURFACE('',#4322,6.E-1);
#4324=ORIENTED_EDGE('',*,*,#3684,.F.);
#4325=ORIENTED_EDGE('',*,*,#4296,.T.);
#4326=ORIENTED_EDGE('',*,*,#4313,.T.);
#4328=ORIENTED_EDGE('',*,*,#4327,.F.);
#4329=ORIENTED_EDGE('',*,*,#2870,.T.);
#4330=ORIENTED_EDGE('',*,*,#4308,.F.);
#4331=EDGE_LOOP('',(#4324,#4325,#4326,#4328,#4329,#4330));
#4332=FACE_OUTER_BOUND('',#4331,.F.);
#4334=CARTESIAN_POINT('',(-5.375E0,7.E-1,-9.309773090683E0));
#4335=DIRECTION('',(0.E0,1.E0,0.E0));
#4336=DIRECTION('',(-5.E-1,0.E0,-8.660254037844E-1));
#4337=AXIS2_PLACEMENT_3D('',#4334,#4335,#4336);
#4338=PLANE('',#4337);
#4339=ORIENTED_EDGE('',*,*,#4311,.F.);
#4340=ORIENTED_EDGE('',*,*,#2807,.T.);
#4341=ORIENTED_EDGE('',*,*,#4327,.T.);
#4342=EDGE_LOOP('',(#4339,#4340,#4341));
#4343=FACE_OUTER_BOUND('',#4342,.F.);
#4345=CARTESIAN_POINT('',(-5.375E0,6.7E-1,9.309773090683E0));
#4346=DIRECTION('',(0.E0,1.E0,0.E0));
#4347=DIRECTION('',(-5.E-1,0.E0,8.660254037844E-1));
#4348=AXIS2_PLACEMENT_3D('',#4345,#4346,#4347);
#4349=CYLINDRICAL_SURFACE('',#4348,6.E-1);
#4350=ORIENTED_EDGE('',*,*,#3673,.F.);
#4352=ORIENTED_EDGE('',*,*,#4351,.T.);
#4354=ORIENTED_EDGE('',*,*,#4353,.T.);
#4356=ORIENTED_EDGE('',*,*,#4355,.F.);
#4357=ORIENTED_EDGE('',*,*,#2880,.T.);
#4359=ORIENTED_EDGE('',*,*,#4358,.F.);
#4360=EDGE_LOOP('',(#4350,#4352,#4354,#4356,#4357,#4359));
#4361=FACE_OUTER_BOUND('',#4360,.F.);
#4363=CARTESIAN_POINT('',(-5.375E0,1.3E0,9.309773090683E0));
#4364=DIRECTION('',(0.E0,1.E0,0.E0));
#4365=DIRECTION('',(-5.E-1,0.E0,8.660254037844E-1));
#4366=AXIS2_PLACEMENT_3D('',#4363,#4364,#4365);
#4367=PLANE('',#4366);
#4369=ORIENTED_EDGE('',*,*,#4368,.T.);
#4370=ORIENTED_EDGE('',*,*,#4351,.F.);
#4371=ORIENTED_EDGE('',*,*,#3628,.F.);
#4372=EDGE_LOOP('',(#4369,#4370,#4371));
#4373=FACE_OUTER_BOUND('',#4372,.F.);
#4375=CARTESIAN_POINT('',(-5.375E0,6.7E-1,9.309773090683E0));
#4376=DIRECTION('',(0.E0,1.E0,0.E0));
#4377=DIRECTION('',(-5.E-1,0.E0,8.660254037844E-1));
#4378=AXIS2_PLACEMENT_3D('',#4375,#4376,#4377);
#4379=CYLINDRICAL_SURFACE('',#4378,6.E-1);
#4380=ORIENTED_EDGE('',*,*,#3675,.F.);
#4381=ORIENTED_EDGE('',*,*,#4358,.T.);
#4382=ORIENTED_EDGE('',*,*,#2878,.T.);
#4384=ORIENTED_EDGE('',*,*,#4383,.T.);
#4385=ORIENTED_EDGE('',*,*,#4353,.F.);
#4386=ORIENTED_EDGE('',*,*,#4368,.F.);
#4387=EDGE_LOOP('',(#4380,#4381,#4382,#4384,#4385,#4386));
#4388=FACE_OUTER_BOUND('',#4387,.F.);
#4390=CARTESIAN_POINT('',(-5.375E0,7.E-1,9.309773090683E0));
#4391=DIRECTION('',(0.E0,1.E0,0.E0));
#4392=DIRECTION('',(-5.E-1,0.E0,8.660254037844E-1));
#4393=AXIS2_PLACEMENT_3D('',#4390,#4391,#4392);
#4394=PLANE('',#4393);
#4395=ORIENTED_EDGE('',*,*,#4383,.F.);
#4396=ORIENTED_EDGE('',*,*,#2834,.T.);
#4397=ORIENTED_EDGE('',*,*,#4355,.T.);
#4398=EDGE_LOOP('',(#4395,#4396,#4397));
#4399=FACE_OUTER_BOUND('',#4398,.F.);
#4401=CARTESIAN_POINT('',(5.375E0,6.7E-1,9.309773090683E0));
#4402=DIRECTION('',(0.E0,1.E0,0.E0));
#4403=DIRECTION('',(5.E-1,0.E0,8.660254037844E-1));
#4404=AXIS2_PLACEMENT_3D('',#4401,#4402,#4403);
#4405=CYLINDRICAL_SURFACE('',#4404,6.E-1);
#4406=ORIENTED_EDGE('',*,*,#3701,.F.);
#4407=ORIENTED_EDGE('',*,*,#3642,.T.);
#4408=ORIENTED_EDGE('',*,*,#3660,.T.);
#4410=ORIENTED_EDGE('',*,*,#4409,.F.);
#4411=ORIENTED_EDGE('',*,*,#2855,.T.);
#4412=ORIENTED_EDGE('',*,*,#3655,.F.);
#4413=EDGE_LOOP('',(#4406,#4407,#4408,#4410,#4411,#4412));
#4414=FACE_OUTER_BOUND('',#4413,.F.);
#4416=CARTESIAN_POINT('',(5.375E0,7.E-1,9.309773090683E0));
#4417=DIRECTION('',(0.E0,1.E0,0.E0));
#4418=DIRECTION('',(5.E-1,0.E0,8.660254037844E-1));
#4419=AXIS2_PLACEMENT_3D('',#4416,#4417,#4418);
#4420=PLANE('',#4419);
#4421=ORIENTED_EDGE('',*,*,#3658,.F.);
#4422=ORIENTED_EDGE('',*,*,#2830,.T.);
#4423=ORIENTED_EDGE('',*,*,#4409,.T.);
#4424=EDGE_LOOP('',(#4421,#4422,#4423));
#4425=FACE_OUTER_BOUND('',#4424,.F.);
#4427=CARTESIAN_POINT('',(-5.25E0,2.02E0,9.093266739737E0));
#4428=DIRECTION('',(0.E0,1.E0,0.E0));
#4429=DIRECTION('',(-5.E-1,0.E0,8.660254037844E-1));
#4430=AXIS2_PLACEMENT_3D('',#4427,#4428,#4429);
#4431=PLANE('',#4430);
#4432=ORIENTED_EDGE('',*,*,#3616,.T.);
#4433=ORIENTED_EDGE('',*,*,#3508,.T.);
#4434=ORIENTED_EDGE('',*,*,#3532,.F.);
#4435=EDGE_LOOP('',(#4432,#4433,#4434));
#4436=FACE_OUTER_BOUND('',#4435,.F.);
#4438=CARTESIAN_POINT('',(0.E0,1.58E1,0.E0));
#4439=DIRECTION('',(0.E0,1.E0,0.E0));
#4440=DIRECTION('',(1.E0,0.E0,0.E0));
#4441=AXIS2_PLACEMENT_3D('',#4438,#4439,#4440);
#4442=TOROIDAL_SURFACE('',#4441,1.365E1,4.5E0);
#4444=ORIENTED_EDGE('',*,*,#4443,.F.);
#4446=ORIENTED_EDGE('',*,*,#4445,.T.);
#4448=ORIENTED_EDGE('',*,*,#4447,.T.);
#4449=ORIENTED_EDGE('',*,*,#3438,.F.);
#4450=EDGE_LOOP('',(#4444,#4446,#4448,#4449));
#4451=FACE_OUTER_BOUND('',#4450,.F.);
#4453=CARTESIAN_POINT('',(0.E0,1.58E1,0.E0));
#4454=DIRECTION('',(0.E0,1.E0,0.E0));
#4455=DIRECTION('',(1.E0,0.E0,0.E0));
#4456=AXIS2_PLACEMENT_3D('',#4453,#4454,#4455);
#4457=TOROIDAL_SURFACE('',#4456,1.365E1,4.5E0);
#4458=ORIENTED_EDGE('',*,*,#4443,.T.);
#4459=ORIENTED_EDGE('',*,*,#3404,.T.);
#4460=ORIENTED_EDGE('',*,*,#4447,.F.);
#4462=ORIENTED_EDGE('',*,*,#4461,.F.);
#4463=EDGE_LOOP('',(#4458,#4459,#4460,#4462));
#4464=FACE_OUTER_BOUND('',#4463,.F.);
#4466=CARTESIAN_POINT('',(0.E0,1.947058537660E1,0.E0));
#4467=DIRECTION('',(0.E0,-1.E0,0.E0));
#4468=DIRECTION('',(-1.E0,0.E0,0.E0));
#4469=AXIS2_PLACEMENT_3D('',#4466,#4467,#4468);
#4470=CONICAL_SURFACE('',#4469,1.649763261058E1,3.780998185482E1);
#4472=ORIENTED_EDGE('',*,*,#4471,.T.);
#4473=ORIENTED_EDGE('',*,*,#4461,.T.);
#4475=ORIENTED_EDGE('',*,*,#4474,.F.);
#4477=ORIENTED_EDGE('',*,*,#4476,.F.);
#4478=EDGE_LOOP('',(#4472,#4473,#4475,#4477));
#4479=FACE_OUTER_BOUND('',#4478,.F.);
#4481=CARTESIAN_POINT('',(0.E0,1.947058537660E1,0.E0));
#4482=DIRECTION('',(0.E0,-1.E0,0.E0));
#4483=DIRECTION('',(-1.E0,0.E0,0.E0));
#4484=AXIS2_PLACEMENT_3D('',#4481,#4482,#4483);
#4485=CONICAL_SURFACE('',#4484,1.649763261058E1,3.780998185482E1);
#4486=ORIENTED_EDGE('',*,*,#4471,.F.);
#4488=ORIENTED_EDGE('',*,*,#4487,.T.);
#4489=ORIENTED_EDGE('',*,*,#4474,.T.);
#4490=ORIENTED_EDGE('',*,*,#4445,.F.);
#4491=EDGE_LOOP('',(#4486,#4488,#4489,#4490));
#4492=FACE_OUTER_BOUND('',#4491,.F.);
#4494=CARTESIAN_POINT('',(0.E0,1.976942489122E1,0.E0));
#4495=DIRECTION('',(0.E0,1.E0,0.E0));
#4496=DIRECTION('',(1.E0,0.E0,0.E0));
#4497=AXIS2_PLACEMENT_3D('',#4494,#4495,#4496);
#4498=TOROIDAL_SURFACE('',#4497,1.5E1,1.E0);
#4500=ORIENTED_EDGE('',*,*,#4499,.F.);
#4502=ORIENTED_EDGE('',*,*,#4501,.T.);
#4504=ORIENTED_EDGE('',*,*,#4503,.T.);
#4505=ORIENTED_EDGE('',*,*,#4487,.F.);
#4506=EDGE_LOOP('',(#4500,#4502,#4504,#4505));
#4507=FACE_OUTER_BOUND('',#4506,.F.);
#4509=CARTESIAN_POINT('',(0.E0,1.976942489122E1,0.E0));
#4510=DIRECTION('',(0.E0,1.E0,0.E0));
#4511=DIRECTION('',(1.E0,0.E0,0.E0));
#4512=AXIS2_PLACEMENT_3D('',#4509,#4510,#4511);
#4513=TOROIDAL_SURFACE('',#4512,1.5E1,1.E0);
#4514=ORIENTED_EDGE('',*,*,#4499,.T.);
#4515=ORIENTED_EDGE('',*,*,#4476,.T.);
#4516=ORIENTED_EDGE('',*,*,#4503,.F.);
#4518=ORIENTED_EDGE('',*,*,#4517,.F.);
#4519=EDGE_LOOP('',(#4514,#4515,#4516,#4518));
#4520=FACE_OUTER_BOUND('',#4519,.F.);
#4522=CARTESIAN_POINT('',(0.E0,2.081380847316E1,0.E0));
#4523=DIRECTION('',(0.E0,-1.E0,0.E0));
#4524=DIRECTION('',(-1.E0,0.E0,0.E0));
#4525=AXIS2_PLACEMENT_3D('',#4522,#4523,#4524);
#4526=CONICAL_SURFACE('',#4525,1.483577686218E1,8.E1);
#4528=ORIENTED_EDGE('',*,*,#4527,.F.);
#4530=ORIENTED_EDGE('',*,*,#4529,.T.);
#4531=ORIENTED_EDGE('',*,*,#4517,.T.);
#4533=ORIENTED_EDGE('',*,*,#4532,.F.);
#4534=EDGE_LOOP('',(#4528,#4530,#4531,#4533));
#4535=FACE_OUTER_BOUND('',#4534,.F.);
#4537=CARTESIAN_POINT('',(0.E0,2.116882662799E1,0.E0));
#4538=DIRECTION('',(0.E0,1.E0,0.E0));
#4539=DIRECTION('',(9.999780187819E-1,0.E0,6.630381059244E-3));
#4540=AXIS2_PLACEMENT_3D('',#4537,#4538,#4539);
#4541=TOROIDAL_SURFACE('',#4540,1.455E1,3.E-1);
#4542=ORIENTED_EDGE('',*,*,#4527,.T.);
#4544=ORIENTED_EDGE('',*,*,#4543,.T.);
#4546=ORIENTED_EDGE('',*,*,#4545,.F.);
#4548=ORIENTED_EDGE('',*,*,#4547,.F.);
#4549=EDGE_LOOP('',(#4542,#4544,#4546,#4548));
#4550=FACE_OUTER_BOUND('',#4549,.F.);
#4552=CARTESIAN_POINT('',(0.E0,2.116882662799E1,0.E0));
#4553=DIRECTION('',(0.E0,1.E0,0.E0));
#4554=DIRECTION('',(-9.999780187819E-1,0.E0,-6.630381059244E-3));
#4555=AXIS2_PLACEMENT_3D('',#4552,#4553,#4554);
#4556=TOROIDAL_SURFACE('',#4555,1.455E1,3.E-1);
#4558=ORIENTED_EDGE('',*,*,#4557,.T.);
#4559=ORIENTED_EDGE('',*,*,#4547,.T.);
#4561=ORIENTED_EDGE('',*,*,#4560,.F.);
#4562=ORIENTED_EDGE('',*,*,#4543,.F.);
#4563=EDGE_LOOP('',(#4558,#4559,#4561,#4562));
#4564=FACE_OUTER_BOUND('',#4563,.F.);
#4566=CARTESIAN_POINT('',(0.E0,2.081380847316E1,0.E0));
#4567=DIRECTION('',(0.E0,-1.E0,0.E0));
#4568=DIRECTION('',(-1.E0,0.E0,0.E0));
#4569=AXIS2_PLACEMENT_3D('',#4566,#4567,#4568);
#4570=CONICAL_SURFACE('',#4569,1.483577686218E1,8.E1);
#4571=ORIENTED_EDGE('',*,*,#4557,.F.);
#4572=ORIENTED_EDGE('',*,*,#4532,.T.);
#4573=ORIENTED_EDGE('',*,*,#4501,.F.);
#4574=ORIENTED_EDGE('',*,*,#4529,.F.);
#4575=EDGE_LOOP('',(#4571,#4572,#4573,#4574));
#4576=FACE_OUTER_BOUND('',#4575,.F.);
#4578=CARTESIAN_POINT('',(0.E0,-1.58E0,0.E0));
#4579=DIRECTION('',(0.E0,1.E0,0.E0));
#4580=DIRECTION('',(1.E0,0.E0,0.E0));
#4581=AXIS2_PLACEMENT_3D('',#4578,#4579,#4580);
#4582=CYLINDRICAL_SURFACE('',#4581,1.425E1);
#4583=ORIENTED_EDGE('',*,*,#4560,.T.);
#4585=ORIENTED_EDGE('',*,*,#4584,.F.);
#4587=ORIENTED_EDGE('',*,*,#4586,.T.);
#4589=ORIENTED_EDGE('',*,*,#4588,.T.);
#4590=EDGE_LOOP('',(#4583,#4585,#4587,#4589));
#4591=FACE_OUTER_BOUND('',#4590,.F.);
#4593=CARTESIAN_POINT('',(0.E0,-1.58E0,0.E0));
#4594=DIRECTION('',(0.E0,1.E0,0.E0));
#4595=DIRECTION('',(1.E0,0.E0,0.E0));
#4596=AXIS2_PLACEMENT_3D('',#4593,#4594,#4595);
#4597=CYLINDRICAL_SURFACE('',#4596,1.425E1);
#4598=ORIENTED_EDGE('',*,*,#4545,.T.);
#4599=ORIENTED_EDGE('',*,*,#4588,.F.);
#4601=ORIENTED_EDGE('',*,*,#4600,.F.);
#4602=ORIENTED_EDGE('',*,*,#4584,.T.);
#4603=EDGE_LOOP('',(#4598,#4599,#4601,#4602));
#4604=FACE_OUTER_BOUND('',#4603,.F.);
#4606=CARTESIAN_POINT('',(0.E0,2.166709673863E1,0.E0));
#4607=DIRECTION('',(0.E0,1.E0,0.E0));
#4608=DIRECTION('',(1.E0,0.E0,0.E0));
#4609=AXIS2_PLACEMENT_3D('',#4606,#4607,#4608);
#4610=CONICAL_SURFACE('',#4609,1.44E1,4.5E1);
#4612=ORIENTED_EDGE('',*,*,#4611,.T.);
#4613=ORIENTED_EDGE('',*,*,#4600,.T.);
#4615=ORIENTED_EDGE('',*,*,#4614,.F.);
#4617=ORIENTED_EDGE('',*,*,#4616,.F.);
#4618=EDGE_LOOP('',(#4612,#4613,#4615,#4617));
#4619=FACE_OUTER_BOUND('',#4618,.F.);
#4621=CARTESIAN_POINT('',(0.E0,2.166709673863E1,0.E0));
#4622=DIRECTION('',(0.E0,1.E0,0.E0));
#4623=DIRECTION('',(1.E0,0.E0,0.E0));
#4624=AXIS2_PLACEMENT_3D('',#4621,#4622,#4623);
#4625=CONICAL_SURFACE('',#4624,1.44E1,4.5E1);
#4626=ORIENTED_EDGE('',*,*,#4611,.F.);
#4628=ORIENTED_EDGE('',*,*,#4627,.T.);
#4629=ORIENTED_EDGE('',*,*,#4614,.T.);
#4630=ORIENTED_EDGE('',*,*,#4586,.F.);
#4631=EDGE_LOOP('',(#4626,#4628,#4629,#4630));
#4632=FACE_OUTER_BOUND('',#4631,.F.);
#4634=CARTESIAN_POINT('',(0.E0,2.191709673863E1,0.E0));
#4635=DIRECTION('',(0.E0,-1.E0,0.E0));
#4636=DIRECTION('',(-1.E0,0.E0,0.E0));
#4637=AXIS2_PLACEMENT_3D('',#4634,#4635,#4636);
#4638=CONICAL_SURFACE('',#4637,1.44E1,5.630993247402E1);
#4640=ORIENTED_EDGE('',*,*,#4639,.F.);
#4642=ORIENTED_EDGE('',*,*,#4641,.T.);
#4644=ORIENTED_EDGE('',*,*,#4643,.T.);
#4645=ORIENTED_EDGE('',*,*,#4627,.F.);
#4646=EDGE_LOOP('',(#4640,#4642,#4644,#4645));
#4647=FACE_OUTER_BOUND('',#4646,.F.);
#4649=CARTESIAN_POINT('',(0.E0,2.191709673863E1,0.E0));
#4650=DIRECTION('',(0.E0,-1.E0,0.E0));
#4651=DIRECTION('',(-1.E0,0.E0,0.E0));
#4652=AXIS2_PLACEMENT_3D('',#4649,#4650,#4651);
#4653=CONICAL_SURFACE('',#4652,1.44E1,5.630993247402E1);
#4654=ORIENTED_EDGE('',*,*,#4639,.T.);
#4655=ORIENTED_EDGE('',*,*,#4616,.T.);
#4656=ORIENTED_EDGE('',*,*,#4643,.F.);
#4658=ORIENTED_EDGE('',*,*,#4657,.F.);
#4659=EDGE_LOOP('',(#4654,#4655,#4656,#4658));
#4660=FACE_OUTER_BOUND('',#4659,.F.);
#4662=CARTESIAN_POINT('',(0.E0,2.211709673863E1,0.E0));
#4663=DIRECTION('',(0.E0,1.E0,0.E0));
#4664=DIRECTION('',(1.E0,0.E0,0.E0));
#4665=AXIS2_PLACEMENT_3D('',#4662,#4663,#4664);
#4666=CONICAL_SURFACE('',#4665,1.44E1,5.630993247402E1);
#4668=ORIENTED_EDGE('',*,*,#4667,.T.);
#4669=ORIENTED_EDGE('',*,*,#4657,.T.);
#4671=ORIENTED_EDGE('',*,*,#4670,.F.);
#4673=ORIENTED_EDGE('',*,*,#4672,.F.);
#4674=EDGE_LOOP('',(#4668,#4669,#4671,#4673));
#4675=FACE_OUTER_BOUND('',#4674,.F.);
#4677=CARTESIAN_POINT('',(0.E0,2.211709673863E1,0.E0));
#4678=DIRECTION('',(0.E0,1.E0,0.E0));
#4679=DIRECTION('',(1.E0,0.E0,0.E0));
#4680=AXIS2_PLACEMENT_3D('',#4677,#4678,#4679);
#4681=CONICAL_SURFACE('',#4680,1.44E1,5.630993247402E1);
#4682=ORIENTED_EDGE('',*,*,#4667,.F.);
#4684=ORIENTED_EDGE('',*,*,#4683,.T.);
#4685=ORIENTED_EDGE('',*,*,#4670,.T.);
#4686=ORIENTED_EDGE('',*,*,#4641,.F.);
#4687=EDGE_LOOP('',(#4682,#4684,#4685,#4686));
#4688=FACE_OUTER_BOUND('',#4687,.F.);
#4690=CARTESIAN_POINT('',(0.E0,2.236709673863E1,0.E0));
#4691=DIRECTION('',(0.E0,-1.E0,0.E0));
#4692=DIRECTION('',(-1.E0,0.E0,0.E0));
#4693=AXIS2_PLACEMENT_3D('',#4690,#4691,#4692);
#4694=CONICAL_SURFACE('',#4693,1.44E1,4.5E1);
#4696=ORIENTED_EDGE('',*,*,#4695,.F.);
#4698=ORIENTED_EDGE('',*,*,#4697,.T.);
#4700=ORIENTED_EDGE('',*,*,#4699,.T.);
#4701=ORIENTED_EDGE('',*,*,#4683,.F.);
#4702=EDGE_LOOP('',(#4696,#4698,#4700,#4701));
#4703=FACE_OUTER_BOUND('',#4702,.F.);
#4705=CARTESIAN_POINT('',(0.E0,2.236709673863E1,0.E0));
#4706=DIRECTION('',(0.E0,-1.E0,0.E0));
#4707=DIRECTION('',(-1.E0,0.E0,0.E0));
#4708=AXIS2_PLACEMENT_3D('',#4705,#4706,#4707);
#4709=CONICAL_SURFACE('',#4708,1.44E1,4.5E1);
#4710=ORIENTED_EDGE('',*,*,#4695,.T.);
#4711=ORIENTED_EDGE('',*,*,#4672,.T.);
#4712=ORIENTED_EDGE('',*,*,#4699,.F.);
#4714=ORIENTED_EDGE('',*,*,#4713,.F.);
#4715=EDGE_LOOP('',(#4710,#4711,#4712,#4714));
#4716=FACE_OUTER_BOUND('',#4715,.F.);
#4718=CARTESIAN_POINT('',(0.E0,2.266709673863E1,0.E0));
#4719=DIRECTION('',(0.E0,1.E0,0.E0));
#4720=DIRECTION('',(1.E0,0.E0,0.E0));
#4721=AXIS2_PLACEMENT_3D('',#4718,#4719,#4720);
#4722=CONICAL_SURFACE('',#4721,1.44E1,4.5E1);
#4724=ORIENTED_EDGE('',*,*,#4723,.T.);
#4725=ORIENTED_EDGE('',*,*,#4713,.T.);
#4727=ORIENTED_EDGE('',*,*,#4726,.F.);
#4729=ORIENTED_EDGE('',*,*,#4728,.F.);
#4730=EDGE_LOOP('',(#4724,#4725,#4727,#4729));
#4731=FACE_OUTER_BOUND('',#4730,.F.);
#4733=CARTESIAN_POINT('',(0.E0,2.266709673863E1,0.E0));
#4734=DIRECTION('',(0.E0,1.E0,0.E0));
#4735=DIRECTION('',(1.E0,0.E0,0.E0));
#4736=AXIS2_PLACEMENT_3D('',#4733,#4734,#4735);
#4737=CONICAL_SURFACE('',#4736,1.44E1,4.5E1);
#4738=ORIENTED_EDGE('',*,*,#4723,.F.);
#4740=ORIENTED_EDGE('',*,*,#4739,.T.);
#4741=ORIENTED_EDGE('',*,*,#4726,.T.);
#4742=ORIENTED_EDGE('',*,*,#4697,.F.);
#4743=EDGE_LOOP('',(#4738,#4740,#4741,#4742));
#4744=FACE_OUTER_BOUND('',#4743,.F.);
#4746=CARTESIAN_POINT('',(0.E0,2.291709673863E1,0.E0));
#4747=DIRECTION('',(0.E0,-1.E0,0.E0));
#4748=DIRECTION('',(-1.E0,0.E0,0.E0));
#4749=AXIS2_PLACEMENT_3D('',#4746,#4747,#4748);
#4750=CONICAL_SURFACE('',#4749,1.445E1,4.5E1);
#4752=ORIENTED_EDGE('',*,*,#4751,.F.);
#4754=ORIENTED_EDGE('',*,*,#4753,.T.);
#4756=ORIENTED_EDGE('',*,*,#4755,.T.);
#4757=ORIENTED_EDGE('',*,*,#4739,.F.);
#4758=EDGE_LOOP('',(#4752,#4754,#4756,#4757));
#4759=FACE_OUTER_BOUND('',#4758,.F.);
#4761=CARTESIAN_POINT('',(0.E0,2.291709673863E1,0.E0));
#4762=DIRECTION('',(0.E0,-1.E0,0.E0));
#4763=DIRECTION('',(-1.E0,0.E0,0.E0));
#4764=AXIS2_PLACEMENT_3D('',#4761,#4762,#4763);
#4765=CONICAL_SURFACE('',#4764,1.445E1,4.5E1);
#4766=ORIENTED_EDGE('',*,*,#4751,.T.);
#4767=ORIENTED_EDGE('',*,*,#4728,.T.);
#4768=ORIENTED_EDGE('',*,*,#4755,.F.);
#4770=ORIENTED_EDGE('',*,*,#4769,.F.);
#4771=EDGE_LOOP('',(#4766,#4767,#4768,#4770));
#4772=FACE_OUTER_BOUND('',#4771,.F.);
#4774=CARTESIAN_POINT('',(0.E0,2.311709673863E1,0.E0));
#4775=DIRECTION('',(0.E0,1.E0,0.E0));
#4776=DIRECTION('',(1.E0,0.E0,0.E0));
#4777=AXIS2_PLACEMENT_3D('',#4774,#4775,#4776);
#4778=CONICAL_SURFACE('',#4777,1.445E1,4.5E1);
#4780=ORIENTED_EDGE('',*,*,#4779,.T.);
#4781=ORIENTED_EDGE('',*,*,#4769,.T.);
#4783=ORIENTED_EDGE('',*,*,#4782,.F.);
#4785=ORIENTED_EDGE('',*,*,#4784,.F.);
#4786=EDGE_LOOP('',(#4780,#4781,#4783,#4785));
#4787=FACE_OUTER_BOUND('',#4786,.F.);
#4789=CARTESIAN_POINT('',(0.E0,2.311709673863E1,0.E0));
#4790=DIRECTION('',(0.E0,1.E0,0.E0));
#4791=DIRECTION('',(1.E0,0.E0,0.E0));
#4792=AXIS2_PLACEMENT_3D('',#4789,#4790,#4791);
#4793=CONICAL_SURFACE('',#4792,1.445E1,4.5E1);
#4794=ORIENTED_EDGE('',*,*,#4779,.F.);
#4796=ORIENTED_EDGE('',*,*,#4795,.T.);
#4797=ORIENTED_EDGE('',*,*,#4782,.T.);
#4798=ORIENTED_EDGE('',*,*,#4753,.F.);
#4799=EDGE_LOOP('',(#4794,#4796,#4797,#4798));
#4800=FACE_OUTER_BOUND('',#4799,.F.);
#4802=CARTESIAN_POINT('',(0.E0,2.336709673863E1,0.E0));
#4803=DIRECTION('',(0.E0,-1.E0,0.E0));
#4804=DIRECTION('',(-1.E0,0.E0,0.E0));
#4805=AXIS2_PLACEMENT_3D('',#4802,#4803,#4804);
#4806=CONICAL_SURFACE('',#4805,1.44E1,4.5E1);
#4808=ORIENTED_EDGE('',*,*,#4807,.F.);
#4810=ORIENTED_EDGE('',*,*,#4809,.T.);
#4812=ORIENTED_EDGE('',*,*,#4811,.T.);
#4813=ORIENTED_EDGE('',*,*,#4795,.F.);
#4814=EDGE_LOOP('',(#4808,#4810,#4812,#4813));
#4815=FACE_OUTER_BOUND('',#4814,.F.);
#4817=CARTESIAN_POINT('',(0.E0,2.336709673863E1,0.E0));
#4818=DIRECTION('',(0.E0,-1.E0,0.E0));
#4819=DIRECTION('',(-1.E0,0.E0,0.E0));
#4820=AXIS2_PLACEMENT_3D('',#4817,#4818,#4819);
#4821=CONICAL_SURFACE('',#4820,1.44E1,4.5E1);
#4822=ORIENTED_EDGE('',*,*,#4807,.T.);
#4823=ORIENTED_EDGE('',*,*,#4784,.T.);
#4824=ORIENTED_EDGE('',*,*,#4811,.F.);
#4826=ORIENTED_EDGE('',*,*,#4825,.F.);
#4827=EDGE_LOOP('',(#4822,#4823,#4824,#4826));
#4828=FACE_OUTER_BOUND('',#4827,.F.);
#4830=CARTESIAN_POINT('',(0.E0,-1.58E0,0.E0));
#4831=DIRECTION('',(0.E0,1.E0,0.E0));
#4832=DIRECTION('',(1.E0,0.E0,0.E0));
#4833=AXIS2_PLACEMENT_3D('',#4830,#4831,#4832);
#4834=CYLINDRICAL_SURFACE('',#4833,1.425E1);
#4836=ORIENTED_EDGE('',*,*,#4835,.F.);
#4838=ORIENTED_EDGE('',*,*,#4837,.T.);
#4839=ORIENTED_EDGE('',*,*,#4825,.T.);
#4841=ORIENTED_EDGE('',*,*,#4840,.F.);
#4842=EDGE_LOOP('',(#4836,#4838,#4839,#4841));
#4843=FACE_OUTER_BOUND('',#4842,.F.);
#4845=CARTESIAN_POINT('',(0.E0,2.390703447717E1,0.E0));
#4846=DIRECTION('',(0.E0,1.E0,0.E0));
#4847=DIRECTION('',(9.999822885415E-1,0.E0,5.951689106690E-3));
#4848=AXIS2_PLACEMENT_3D('',#4845,#4846,#4847);
#4849=TOROIDAL_SURFACE('',#4848,1.455E1,3.E-1);
#4850=ORIENTED_EDGE('',*,*,#4835,.T.);
#4852=ORIENTED_EDGE('',*,*,#4851,.T.);
#4854=ORIENTED_EDGE('',*,*,#4853,.F.);
#4856=ORIENTED_EDGE('',*,*,#4855,.F.);
#4857=EDGE_LOOP('',(#4850,#4852,#4854,#4856));
#4858=FACE_OUTER_BOUND('',#4857,.F.);
#4860=CARTESIAN_POINT('',(0.E0,2.390703447717E1,0.E0));
#4861=DIRECTION('',(0.E0,1.E0,0.E0));
#4862=DIRECTION('',(-9.999822885415E-1,0.E0,-5.951689106690E-3));
#4863=AXIS2_PLACEMENT_3D('',#4860,#4861,#4862);
#4864=TOROIDAL_SURFACE('',#4863,1.455E1,3.E-1);
#4866=ORIENTED_EDGE('',*,*,#4865,.T.);
#4867=ORIENTED_EDGE('',*,*,#4855,.T.);
#4869=ORIENTED_EDGE('',*,*,#4868,.F.);
#4870=ORIENTED_EDGE('',*,*,#4851,.F.);
#4871=EDGE_LOOP('',(#4866,#4867,#4869,#4870));
#4872=FACE_OUTER_BOUND('',#4871,.F.);
#4874=CARTESIAN_POINT('',(0.E0,-1.58E0,0.E0));
#4875=DIRECTION('',(0.E0,1.E0,0.E0));
#4876=DIRECTION('',(1.E0,0.E0,0.E0));
#4877=AXIS2_PLACEMENT_3D('',#4874,#4875,#4876);
#4878=CYLINDRICAL_SURFACE('',#4877,1.425E1);
#4879=ORIENTED_EDGE('',*,*,#4865,.F.);
#4880=ORIENTED_EDGE('',*,*,#4840,.T.);
#4881=ORIENTED_EDGE('',*,*,#4809,.F.);
#4882=ORIENTED_EDGE('',*,*,#4837,.F.);
#4883=EDGE_LOOP('',(#4879,#4880,#4881,#4882));
#4884=FACE_OUTER_BOUND('',#4883,.F.);
#4886=CARTESIAN_POINT('',(0.E0,2.474447113170E1,0.E0));
#4887=DIRECTION('',(0.E0,1.E0,0.E0));
#4888=DIRECTION('',(1.E0,0.E0,0.E0));
#4889=AXIS2_PLACEMENT_3D('',#4886,#4887,#4888);
#4890=CONICAL_SURFACE('',#4889,1.597369697850E1,7.E1);
#4891=ORIENTED_EDGE('',*,*,#4868,.T.);
#4893=ORIENTED_EDGE('',*,*,#4892,.F.);
#4895=ORIENTED_EDGE('',*,*,#4894,.T.);
#4897=ORIENTED_EDGE('',*,*,#4896,.T.);
#4898=EDGE_LOOP('',(#4891,#4893,#4895,#4897));
#4899=FACE_OUTER_BOUND('',#4898,.F.);
#4901=CARTESIAN_POINT('',(0.E0,2.474447113170E1,0.E0));
#4902=DIRECTION('',(0.E0,1.E0,0.E0));
#4903=DIRECTION('',(1.E0,0.E0,0.E0));
#4904=AXIS2_PLACEMENT_3D('',#4901,#4902,#4903);
#4905=CONICAL_SURFACE('',#4904,1.597369697850E1,7.E1);
#4906=ORIENTED_EDGE('',*,*,#4853,.T.);
#4907=ORIENTED_EDGE('',*,*,#4896,.F.);
#4909=ORIENTED_EDGE('',*,*,#4908,.F.);
#4910=ORIENTED_EDGE('',*,*,#4892,.T.);
#4911=EDGE_LOOP('',(#4906,#4907,#4909,#4910));
#4912=FACE_OUTER_BOUND('',#4911,.F.);
#4914=CARTESIAN_POINT('',(0.E0,-1.58E0,0.E0));
#4915=DIRECTION('',(0.E0,1.E0,0.E0));
#4916=DIRECTION('',(1.E0,0.E0,0.E0));
#4917=AXIS2_PLACEMENT_3D('',#4914,#4915,#4916);
#4918=CYLINDRICAL_SURFACE('',#4917,1.75E1);
#4920=ORIENTED_EDGE('',*,*,#4919,.T.);
#4921=ORIENTED_EDGE('',*,*,#4908,.T.);
#4923=ORIENTED_EDGE('',*,*,#4922,.F.);
#4925=ORIENTED_EDGE('',*,*,#4924,.F.);
#4926=EDGE_LOOP('',(#4920,#4921,#4923,#4925));
#4927=FACE_OUTER_BOUND('',#4926,.F.);
#4929=CARTESIAN_POINT('',(0.E0,-1.58E0,0.E0));
#4930=DIRECTION('',(0.E0,1.E0,0.E0));
#4931=DIRECTION('',(1.E0,0.E0,0.E0));
#4932=AXIS2_PLACEMENT_3D('',#4929,#4930,#4931);
#4933=CYLINDRICAL_SURFACE('',#4932,1.75E1);
#4934=ORIENTED_EDGE('',*,*,#4919,.F.);
#4936=ORIENTED_EDGE('',*,*,#4935,.T.);
#4937=ORIENTED_EDGE('',*,*,#4922,.T.);
#4938=ORIENTED_EDGE('',*,*,#4894,.F.);
#4939=EDGE_LOOP('',(#4934,#4936,#4937,#4938));
#4940=FACE_OUTER_BOUND('',#4939,.F.);
#4942=CARTESIAN_POINT('',(0.E0,2.402271582247E1,0.E0));
#4943=DIRECTION('',(0.E0,1.E0,0.E0));
#4944=DIRECTION('',(1.E0,0.E0,0.E0));
#4945=AXIS2_PLACEMENT_3D('',#4942,#4943,#4944);
#4946=CONICAL_SURFACE('',#4945,1.691449496417E1,7.E1);
#4948=ORIENTED_EDGE('',*,*,#4947,.T.);
#4950=ORIENTED_EDGE('',*,*,#4949,.T.);
#4951=ORIENTED_EDGE('',*,*,#4935,.F.);
#4953=ORIENTED_EDGE('',*,*,#4952,.F.);
#4954=EDGE_LOOP('',(#4948,#4950,#4951,#4953));
#4955=FACE_OUTER_BOUND('',#4954,.F.);
#4957=CARTESIAN_POINT('',(0.E0,2.333976310702E1,0.E0));
#4958=DIRECTION('',(0.E0,1.E0,0.E0));
#4959=DIRECTION('',(9.999852912806E-1,0.E0,-5.423764603310E-3));
#4960=AXIS2_PLACEMENT_3D('',#4957,#4958,#4959);
#4961=TOROIDAL_SURFACE('',#4960,1.65E1,5.E-1);
#4962=ORIENTED_EDGE('',*,*,#4947,.F.);
#4964=ORIENTED_EDGE('',*,*,#4963,.T.);
#4966=ORIENTED_EDGE('',*,*,#4965,.T.);
#4968=ORIENTED_EDGE('',*,*,#4967,.F.);
#4969=EDGE_LOOP('',(#4962,#4964,#4966,#4968));
#4970=FACE_OUTER_BOUND('',#4969,.F.);
#4972=CARTESIAN_POINT('',(0.E0,2.333976310702E1,0.E0));
#4973=DIRECTION('',(0.E0,1.E0,0.E0));
#4974=DIRECTION('',(-9.999852912806E-1,0.E0,5.423764603309E-3));
#4975=AXIS2_PLACEMENT_3D('',#4972,#4973,#4974);
#4976=TOROIDAL_SURFACE('',#4975,1.65E1,5.E-1);
#4978=ORIENTED_EDGE('',*,*,#4977,.F.);
#4979=ORIENTED_EDGE('',*,*,#4967,.T.);
#4981=ORIENTED_EDGE('',*,*,#4980,.T.);
#4982=ORIENTED_EDGE('',*,*,#4963,.F.);
#4983=EDGE_LOOP('',(#4978,#4979,#4981,#4982));
#4984=FACE_OUTER_BOUND('',#4983,.F.);
#4986=CARTESIAN_POINT('',(0.E0,2.402271582247E1,0.E0));
#4987=DIRECTION('',(0.E0,1.E0,0.E0));
#4988=DIRECTION('',(1.E0,0.E0,0.E0));
#4989=AXIS2_PLACEMENT_3D('',#4986,#4987,#4988);
#4990=CONICAL_SURFACE('',#4989,1.691449496417E1,7.E1);
#4991=ORIENTED_EDGE('',*,*,#4977,.T.);
#4992=ORIENTED_EDGE('',*,*,#4952,.T.);
#4993=ORIENTED_EDGE('',*,*,#4924,.T.);
#4994=ORIENTED_EDGE('',*,*,#4949,.F.);
#4995=EDGE_LOOP('',(#4991,#4992,#4993,#4994));
#4996=FACE_OUTER_BOUND('',#4995,.F.);
#4998=CARTESIAN_POINT('',(0.E0,-1.58E0,0.E0));
#4999=DIRECTION('',(0.E0,1.E0,0.E0));
#5000=DIRECTION('',(1.E0,0.E0,0.E0));
#5001=AXIS2_PLACEMENT_3D('',#4998,#4999,#5000);
#5002=CYLINDRICAL_SURFACE('',#5001,1.6E1);
#5004=ORIENTED_EDGE('',*,*,#5003,.T.);
#5006=ORIENTED_EDGE('',*,*,#5005,.T.);
#5007=ORIENTED_EDGE('',*,*,#4980,.F.);
#5009=ORIENTED_EDGE('',*,*,#5008,.F.);
#5010=EDGE_LOOP('',(#5004,#5006,#5007,#5009));
#5011=FACE_OUTER_BOUND('',#5010,.F.);
#5013=CARTESIAN_POINT('',(0.E0,2.230941669171E1,0.E0));
#5014=DIRECTION('',(0.E0,1.E0,0.E0));
#5015=DIRECTION('',(-9.999838800230E-1,0.E0,5.678000898029E-3));
#5016=AXIS2_PLACEMENT_3D('',#5013,#5014,#5015);
#5017=TOROIDAL_SURFACE('',#5016,1.65E1,5.E-1);
#5018=ORIENTED_EDGE('',*,*,#5003,.F.);
#5020=ORIENTED_EDGE('',*,*,#5019,.T.);
#5022=ORIENTED_EDGE('',*,*,#5021,.T.);
#5024=ORIENTED_EDGE('',*,*,#5023,.F.);
#5025=EDGE_LOOP('',(#5018,#5020,#5022,#5024));
#5026=FACE_OUTER_BOUND('',#5025,.F.);
#5028=CARTESIAN_POINT('',(0.E0,2.230941669171E1,0.E0));
#5029=DIRECTION('',(0.E0,1.E0,0.E0));
#5030=DIRECTION('',(9.999838800230E-1,0.E0,-5.678000898029E-3));
#5031=AXIS2_PLACEMENT_3D('',#5028,#5029,#5030);
#5032=TOROIDAL_SURFACE('',#5031,1.65E1,5.E-1);
#5034=ORIENTED_EDGE('',*,*,#5033,.F.);
#5035=ORIENTED_EDGE('',*,*,#5023,.T.);
#5037=ORIENTED_EDGE('',*,*,#5036,.T.);
#5038=ORIENTED_EDGE('',*,*,#5019,.F.);
#5039=EDGE_LOOP('',(#5034,#5035,#5037,#5038));
#5040=FACE_OUTER_BOUND('',#5039,.F.);
#5042=CARTESIAN_POINT('',(0.E0,-1.58E0,0.E0));
#5043=DIRECTION('',(0.E0,1.E0,0.E0));
#5044=DIRECTION('',(1.E0,0.E0,0.E0));
#5045=AXIS2_PLACEMENT_3D('',#5042,#5043,#5044);
#5046=CYLINDRICAL_SURFACE('',#5045,1.6E1);
#5047=ORIENTED_EDGE('',*,*,#5033,.T.);
#5048=ORIENTED_EDGE('',*,*,#5008,.T.);
#5049=ORIENTED_EDGE('',*,*,#4965,.F.);
#5050=ORIENTED_EDGE('',*,*,#5005,.F.);
#5051=EDGE_LOOP('',(#5047,#5048,#5049,#5050));
#5052=FACE_OUTER_BOUND('',#5051,.F.);
#5054=CARTESIAN_POINT('',(0.E0,2.181590488933E1,0.E0));
#5055=DIRECTION('',(0.E0,-1.E0,0.E0));
#5056=DIRECTION('',(-1.E0,0.E0,0.E0));
#5057=AXIS2_PLACEMENT_3D('',#5054,#5055,#5056);
#5058=CONICAL_SURFACE('',#5057,1.641945927107E1,8.E1);
#5059=ORIENTED_EDGE('',*,*,#5036,.F.);
#5061=ORIENTED_EDGE('',*,*,#5060,.F.);
#5063=ORIENTED_EDGE('',*,*,#5062,.T.);
#5065=ORIENTED_EDGE('',*,*,#5064,.T.);
#5066=EDGE_LOOP('',(#5059,#5061,#5063,#5065));
#5067=FACE_OUTER_BOUND('',#5066,.F.);
#5069=CARTESIAN_POINT('',(0.E0,2.181590488933E1,0.E0));
#5070=DIRECTION('',(0.E0,-1.E0,0.E0));
#5071=DIRECTION('',(-1.E0,0.E0,0.E0));
#5072=AXIS2_PLACEMENT_3D('',#5069,#5070,#5071);
#5073=CONICAL_SURFACE('',#5072,1.641945927107E1,8.E1);
#5074=ORIENTED_EDGE('',*,*,#5021,.F.);
#5075=ORIENTED_EDGE('',*,*,#5064,.F.);
#5077=ORIENTED_EDGE('',*,*,#5076,.F.);
#5078=ORIENTED_EDGE('',*,*,#5060,.T.);
#5079=EDGE_LOOP('',(#5074,#5075,#5077,#5078));
#5080=FACE_OUTER_BOUND('',#5079,.F.);
#5082=CARTESIAN_POINT('',(0.E0,2.053454688453E1,0.E0));
#5083=DIRECTION('',(0.E0,1.E0,0.E0));
#5084=DIRECTION('',(1.E0,0.E0,0.E0));
#5085=AXIS2_PLACEMENT_3D('',#5082,#5083,#5084);
#5086=TOROIDAL_SURFACE('',#5085,1.62E1,1.3E0);
#5088=ORIENTED_EDGE('',*,*,#5087,.T.);
#5089=ORIENTED_EDGE('',*,*,#5076,.T.);
#5091=ORIENTED_EDGE('',*,*,#5090,.F.);
#5093=ORIENTED_EDGE('',*,*,#5092,.F.);
#5094=EDGE_LOOP('',(#5088,#5089,#5091,#5093));
#5095=FACE_OUTER_BOUND('',#5094,.F.);
#5097=CARTESIAN_POINT('',(0.E0,2.053454688453E1,0.E0));
#5098=DIRECTION('',(0.E0,1.E0,0.E0));
#5099=DIRECTION('',(1.E0,0.E0,0.E0));
#5100=AXIS2_PLACEMENT_3D('',#5097,#5098,#5099);
#5101=TOROIDAL_SURFACE('',#5100,1.62E1,1.3E0);
#5102=ORIENTED_EDGE('',*,*,#5087,.F.);
#5104=ORIENTED_EDGE('',*,*,#5103,.T.);
#5105=ORIENTED_EDGE('',*,*,#5090,.T.);
#5106=ORIENTED_EDGE('',*,*,#5062,.F.);
#5107=EDGE_LOOP('',(#5102,#5104,#5105,#5106));
#5108=FACE_OUTER_BOUND('',#5107,.F.);
#5110=CARTESIAN_POINT('',(0.E0,2.178443067460E1,0.E0));
#5111=DIRECTION('',(0.E0,1.E0,0.E0));
#5112=DIRECTION('',(1.E0,0.E0,0.E0));
#5113=AXIS2_PLACEMENT_3D('',#5110,#5111,#5112);
#5114=TOROIDAL_SURFACE('',#5113,1.978856385081E1,2.5E0);
#5116=ORIENTED_EDGE('',*,*,#5115,.F.);
#5118=ORIENTED_EDGE('',*,*,#5117,.T.);
#5120=ORIENTED_EDGE('',*,*,#5119,.T.);
#5121=ORIENTED_EDGE('',*,*,#5103,.F.);
#5122=EDGE_LOOP('',(#5116,#5118,#5120,#5121));
#5123=FACE_OUTER_BOUND('',#5122,.F.);
#5125=CARTESIAN_POINT('',(0.E0,2.178443067460E1,0.E0));
#5126=DIRECTION('',(0.E0,1.E0,0.E0));
#5127=DIRECTION('',(1.E0,0.E0,0.E0));
#5128=AXIS2_PLACEMENT_3D('',#5125,#5126,#5127);
#5129=TOROIDAL_SURFACE('',#5128,1.978856385081E1,2.5E0);
#5130=ORIENTED_EDGE('',*,*,#5115,.T.);
#5131=ORIENTED_EDGE('',*,*,#5092,.T.);
#5132=ORIENTED_EDGE('',*,*,#5119,.F.);
#5134=ORIENTED_EDGE('',*,*,#5133,.F.);
#5135=EDGE_LOOP('',(#5130,#5131,#5132,#5134));
#5136=FACE_OUTER_BOUND('',#5135,.F.);
#5138=CARTESIAN_POINT('',(0.E0,1.56E1,0.E0));
#5139=DIRECTION('',(0.E0,1.E0,0.E0));
#5140=DIRECTION('',(1.E0,0.E0,0.E0));
#5141=AXIS2_PLACEMENT_3D('',#5138,#5139,#5140);
#5142=TOROIDAL_SURFACE('',#5141,1.325E1,6.5E0);
#5144=ORIENTED_EDGE('',*,*,#5143,.T.);
#5145=ORIENTED_EDGE('',*,*,#5133,.T.);
#5147=ORIENTED_EDGE('',*,*,#5146,.F.);
#5148=ORIENTED_EDGE('',*,*,#2633,.F.);
#5149=EDGE_LOOP('',(#5144,#5145,#5147,#5148));
#5150=FACE_OUTER_BOUND('',#5149,.F.);
#5152=CARTESIAN_POINT('',(0.E0,1.56E1,0.E0));
#5153=DIRECTION('',(0.E0,1.E0,0.E0));
#5154=DIRECTION('',(1.E0,0.E0,0.E0));
#5155=AXIS2_PLACEMENT_3D('',#5152,#5153,#5154);
#5156=TOROIDAL_SURFACE('',#5155,1.325E1,6.5E0);
#5157=ORIENTED_EDGE('',*,*,#5143,.F.);
#5158=ORIENTED_EDGE('',*,*,#2651,.T.);
#5159=ORIENTED_EDGE('',*,*,#5146,.T.);
#5160=ORIENTED_EDGE('',*,*,#5117,.F.);
#5161=EDGE_LOOP('',(#5157,#5158,#5159,#5160));
#5162=FACE_OUTER_BOUND('',#5161,.F.);
#5168=PLANE_ANGLE_MEASURE_WITH_UNIT(PLANE_ANGLE_MEASURE(1.745329251994E-2),
#5167);
#5169=(CONVERSION_BASED_UNIT('DEGREE',#5168)NAMED_UNIT(*)PLANE_ANGLE_UNIT());
#5171=UNCERTAINTY_MEASURE_WITH_UNIT(LENGTH_MEASURE(6.144556889835E-3),#5166,
'closure',
'Maximum model space distance between geometric entities at asserted connectivities');
#5173=CARTESIAN_POINT('',(0.E0,0.E0,0.E0));
#5174=DIRECTION('',(0.E0,0.E0,1.E0));
#5175=DIRECTION('',(1.E0,0.E0,0.E0));
#5178=APPLICATION_CONTEXT('automotive design');
#5179=APPLICATION_PROTOCOL_DEFINITION('international standard',
'config_control_design',1994,#5178);
#5180=PRODUCT_DEFINITION_CONTEXT('',#5178,'design');
#5181=PRODUCT_CONTEXT('',#5178,'mechanical');
#5182=PRODUCT('3218204193_DV1','3218204193_DV1','NOT SPECIFIED',(#5181));
#5183=PRODUCT_DEFINITION_FORMATION_WITH_SPECIFIED_SOURCE('14','LAST_VERSION',
#5182,.MADE.);
#5191=DERIVED_UNIT_ELEMENT(#5190,2.E0);
#5192=AREA_UNIT((#5191));
#5193=MEASURE_REPRESENTATION_ITEM('surface area measure',AREA_MEASURE(
7.385818566150E3),#5192);
#5198=DERIVED_UNIT_ELEMENT(#5197,3.E0);
#5199=VOLUME_UNIT((#5198));
#5200=MEASURE_REPRESENTATION_ITEM('volume measure',VOLUME_MEASURE(
5.862826754839E3),#5199);
#5204=CARTESIAN_POINT('centre point',(1.440214093253E-13,1.169302668361E1,
-3.484511464949E-10));
#5209=DERIVED_UNIT_ELEMENT(#5208,2.E0);
#5210=AREA_UNIT((#5209));
#5211=MEASURE_REPRESENTATION_ITEM('surface area measure',AREA_MEASURE(
7.385818566150E3),#5210);
#5216=DERIVED_UNIT_ELEMENT(#5215,3.E0);
#5217=VOLUME_UNIT((#5216));
#5218=MEASURE_REPRESENTATION_ITEM('volume measure',VOLUME_MEASURE(
5.862826754839E3),#5217);
#5222=CARTESIAN_POINT('centre point',(1.440214093253E-13,1.169302668361E1,
-3.484511464949E-10));
#5232=CARTESIAN_POINT('centre point',(1.440214093253E-13,1.169302668361E1,
-3.484511464949E-10));
#5236=CARTESIAN_POINT('',(0.E0,0.E0,0.E0));
#5237=DIRECTION('',(0.E0,0.E0,1.E0));
#5238=DIRECTION('',(1.E0,0.E0,0.E0));
#5239=AXIS2_PLACEMENT_3D('',#5236,#5237,#5238);
#5240=ITEM_DEFINED_TRANSFORMATION('','',#5176,#5239);
#5241=(REPRESENTATION_RELATIONSHIP('','',#5177,#5229)REPRESENTATION_RELATIONSHIP_WITH_TRANSFORMATION(#5240)SHAPE_REPRESENTATION_RELATIONSHIP());
#5242=CONTEXT_DEPENDENT_SHAPE_REPRESENTATION(#5241,#5231);
#5243=CARTESIAN_POINT('',(0.E0,0.E0,0.E0));
#5244=DIRECTION('',(0.E0,-1.E0,0.E0));
#5245=DIRECTION('',(-1.E0,0.E0,0.E0));
#5246=AXIS2_PLACEMENT_3D('',#5243,#5244,#5245);
#5248=DIRECTION('',(0.E0,-1.E0,0.E0));
#5249=VECTOR('',#5248,7.2E-1);
#5250=CARTESIAN_POINT('',(-1.125E1,0.E0,0.E0));
#5251=LINE('',#5250,#5249);
#5252=CARTESIAN_POINT('',(0.E0,0.E0,0.E0));
#5253=DIRECTION('',(0.E0,1.E0,0.E0));
#5254=DIRECTION('',(-1.E0,0.E0,0.E0));
#5255=AXIS2_PLACEMENT_3D('',#5252,#5253,#5254);
#5257=DIRECTION('',(0.E0,-1.E0,0.E0));
#5258=VECTOR('',#5257,7.2E-1);
#5259=CARTESIAN_POINT('',(1.125E1,0.E0,0.E0));
#5260=LINE('',#5259,#5258);
#5261=CARTESIAN_POINT('',(0.E0,0.E0,0.E0));
#5262=DIRECTION('',(0.E0,-1.E0,0.E0));
#5263=DIRECTION('',(-1.E0,0.E0,0.E0));
#5264=AXIS2_PLACEMENT_3D('',#5261,#5262,#5263);
#5266=CARTESIAN_POINT('',(0.E0,0.E0,0.E0));
#5267=DIRECTION('',(0.E0,1.E0,0.E0));
#5268=DIRECTION('',(-1.E0,0.E0,0.E0));
#5269=AXIS2_PLACEMENT_3D('',#5266,#5267,#5268);
#5271=CARTESIAN_POINT('',(0.E0,-1.1E0,0.E0));
#5272=DIRECTION('',(0.E0,-1.E0,0.E0));
#5273=DIRECTION('',(-1.E0,0.E0,0.E0));
#5274=AXIS2_PLACEMENT_3D('',#5271,#5272,#5273);
#5276=CARTESIAN_POINT('',(-9.65E0,-1.1E0,0.E0));
#5277=DIRECTION('',(0.E0,0.E0,1.E0));
#5278=DIRECTION('',(1.E0,0.E0,0.E0));
#5279=AXIS2_PLACEMENT_3D('',#5276,#5277,#5278);
#5281=CARTESIAN_POINT('',(0.E0,-1.1E0,0.E0));
#5282=DIRECTION('',(0.E0,1.E0,0.E0));
#5283=DIRECTION('',(-1.E0,0.E0,0.E0));
#5284=AXIS2_PLACEMENT_3D('',#5281,#5282,#5283);
#5286=CARTESIAN_POINT('',(9.65E0,-1.1E0,0.E0));
#5287=DIRECTION('',(0.E0,0.E0,-1.E0));
#5288=DIRECTION('',(-1.E0,0.E0,0.E0));
#5289=AXIS2_PLACEMENT_3D('',#5286,#5287,#5288);
#5291=DIRECTION('',(0.E0,1.E0,0.E0));
#5292=VECTOR('',#5291,1.6E0);
#5293=CARTESIAN_POINT('',(-8.55E0,-2.7E0,0.E0));
#5294=LINE('',#5293,#5292);
#5295=CARTESIAN_POINT('',(0.E0,-2.7E0,0.E0));
#5296=DIRECTION('',(0.E0,1.E0,0.E0));
#5297=DIRECTION('',(-1.E0,0.E0,0.E0));
#5298=AXIS2_PLACEMENT_3D('',#5295,#5296,#5297);
#5300=DIRECTION('',(0.E0,1.E0,0.E0));
#5301=VECTOR('',#5300,1.6E0);
#5302=CARTESIAN_POINT('',(8.55E0,-2.7E0,0.E0));
#5303=LINE('',#5302,#5301);
#5304=CARTESIAN_POINT('',(0.E0,-2.7E0,0.E0));
#5305=DIRECTION('',(0.E0,-1.E0,0.E0));
#5306=DIRECTION('',(-1.E0,0.E0,0.E0));
#5307=AXIS2_PLACEMENT_3D('',#5304,#5305,#5306);
#5309=CARTESIAN_POINT('',(0.E0,-2.7E0,0.E0));
#5310=DIRECTION('',(0.E0,-1.E0,0.E0));
#5311=DIRECTION('',(-1.E0,0.E0,0.E0));
#5312=AXIS2_PLACEMENT_3D('',#5309,#5310,#5311);
#5314=CARTESIAN_POINT('',(0.E0,-2.7E0,0.E0));
#5315=DIRECTION('',(0.E0,1.E0,0.E0));
#5316=DIRECTION('',(-1.E0,0.E0,0.E0));
#5317=AXIS2_PLACEMENT_3D('',#5314,#5315,#5316);
#5319=CARTESIAN_POINT('',(0.E0,-1.22E0,0.E0));
#5320=DIRECTION('',(0.E0,-1.E0,0.E0));
#5321=DIRECTION('',(-1.E0,0.E0,0.E0));
#5322=AXIS2_PLACEMENT_3D('',#5319,#5320,#5321);
#5324=DIRECTION('',(0.E0,-1.E0,0.E0));
#5325=VECTOR('',#5324,1.48E0);
#5326=CARTESIAN_POINT('',(-9.27E0,-1.22E0,0.E0));
#5327=LINE('',#5326,#5325);
#5328=CARTESIAN_POINT('',(0.E0,-1.22E0,0.E0));
#5329=DIRECTION('',(0.E0,1.E0,0.E0));
#5330=DIRECTION('',(-1.E0,0.E0,0.E0));
#5331=AXIS2_PLACEMENT_3D('',#5328,#5329,#5330);
#5333=DIRECTION('',(0.E0,-1.E0,0.E0));
#5334=VECTOR('',#5333,1.48E0);
#5335=CARTESIAN_POINT('',(9.27E0,-1.22E0,0.E0));
#5336=LINE('',#5335,#5334);
#5337=CARTESIAN_POINT('',(-9.77E0,-1.22E0,0.E0));
#5338=DIRECTION('',(0.E0,0.E0,-1.E0));
#5339=DIRECTION('',(0.E0,1.E0,0.E0));
#5340=AXIS2_PLACEMENT_3D('',#5337,#5338,#5339);
#5342=CARTESIAN_POINT('',(0.E0,-7.2E-1,0.E0));
#5343=DIRECTION('',(0.E0,1.E0,0.E0));
#5344=DIRECTION('',(-1.E0,0.E0,0.E0));
#5345=AXIS2_PLACEMENT_3D('',#5342,#5343,#5344);
#5347=CARTESIAN_POINT('',(9.77E0,-1.22E0,0.E0));
#5348=DIRECTION('',(0.E0,0.E0,1.E0));
#5349=DIRECTION('',(0.E0,1.E0,0.E0));
#5350=AXIS2_PLACEMENT_3D('',#5347,#5348,#5349);
#5352=CARTESIAN_POINT('',(0.E0,-7.2E-1,0.E0));
#5353=DIRECTION('',(0.E0,-1.E0,0.E0));
#5354=DIRECTION('',(-1.E0,0.E0,0.E0));
#5355=AXIS2_PLACEMENT_3D('',#5352,#5353,#5354);
#5357=CARTESIAN_POINT('',(0.E0,-7.2E-1,0.E0));
#5358=DIRECTION('',(0.E0,-1.E0,0.E0));
#5359=DIRECTION('',(-1.E0,0.E0,0.E0));
#5360=AXIS2_PLACEMENT_3D('',#5357,#5358,#5359);
#5362=CARTESIAN_POINT('',(0.E0,-7.2E-1,0.E0));
#5363=DIRECTION('',(0.E0,1.E0,0.E0));
#5364=DIRECTION('',(-1.E0,0.E0,0.E0));
#5365=AXIS2_PLACEMENT_3D('',#5362,#5363,#5364);
#5367=CARTESIAN_POINT('',(-1.125E1,0.E0,0.E0));
#5368=CARTESIAN_POINT('',(-1.125E1,-7.2E-1,0.E0));
#5369=VERTEX_POINT('',#5367);
#5370=VERTEX_POINT('',#5368);
#5371=CARTESIAN_POINT('',(-9.77E0,-7.2E-1,0.E0));
#5372=CARTESIAN_POINT('',(-9.27E0,-1.22E0,0.E0));
#5373=VERTEX_POINT('',#5371);
#5374=VERTEX_POINT('',#5372);
#5375=CARTESIAN_POINT('',(-9.27E0,-2.7E0,0.E0));
#5376=VERTEX_POINT('',#5375);
#5377=CARTESIAN_POINT('',(-8.55E0,-2.7E0,0.E0));
#5378=CARTESIAN_POINT('',(-8.55E0,-1.1E0,0.E0));
#5379=VERTEX_POINT('',#5377);
#5380=VERTEX_POINT('',#5378);
#5381=CARTESIAN_POINT('',(-9.65E0,0.E0,0.E0));
#5382=VERTEX_POINT('',#5381);
#5383=CARTESIAN_POINT('',(1.125E1,0.E0,0.E0));
#5384=CARTESIAN_POINT('',(1.125E1,-7.2E-1,0.E0));
#5385=VERTEX_POINT('',#5383);
#5386=VERTEX_POINT('',#5384);
#5387=CARTESIAN_POINT('',(9.77E0,-7.2E-1,0.E0));
#5388=CARTESIAN_POINT('',(9.27E0,-1.22E0,0.E0));
#5389=VERTEX_POINT('',#5387);
#5390=VERTEX_POINT('',#5388);
#5391=CARTESIAN_POINT('',(9.27E0,-2.7E0,0.E0));
#5392=VERTEX_POINT('',#5391);
#5393=CARTESIAN_POINT('',(8.55E0,-2.7E0,0.E0));
#5394=CARTESIAN_POINT('',(8.55E0,-1.1E0,0.E0));
#5395=VERTEX_POINT('',#5393);
#5396=VERTEX_POINT('',#5394);
#5397=CARTESIAN_POINT('',(9.65E0,0.E0,0.E0));
#5398=VERTEX_POINT('',#5397);
#5399=CARTESIAN_POINT('',(0.E0,1.35E-1,0.E0));
#5400=DIRECTION('',(0.E0,-1.E0,0.E0));
#5401=DIRECTION('',(-1.E0,0.E0,0.E0));
#5402=AXIS2_PLACEMENT_3D('',#5399,#5400,#5401);
#5403=CYLINDRICAL_SURFACE('',#5402,1.125E1);
#5405=ORIENTED_EDGE('',*,*,#5404,.T.);
#5407=ORIENTED_EDGE('',*,*,#5406,.T.);
#5409=ORIENTED_EDGE('',*,*,#5408,.F.);
#5411=ORIENTED_EDGE('',*,*,#5410,.F.);
#5412=EDGE_LOOP('',(#5405,#5407,#5409,#5411));
#5413=FACE_OUTER_BOUND('',#5412,.F.);
#5415=CARTESIAN_POINT('',(0.E0,1.35E-1,0.E0));
#5416=DIRECTION('',(0.E0,-1.E0,0.E0));
#5417=DIRECTION('',(-1.E0,0.E0,0.E0));
#5418=AXIS2_PLACEMENT_3D('',#5415,#5416,#5417);
#5419=CYLINDRICAL_SURFACE('',#5418,1.125E1);
#5420=ORIENTED_EDGE('',*,*,#5404,.F.);
#5422=ORIENTED_EDGE('',*,*,#5421,.T.);
#5423=ORIENTED_EDGE('',*,*,#5408,.T.);
#5425=ORIENTED_EDGE('',*,*,#5424,.F.);
#5426=EDGE_LOOP('',(#5420,#5422,#5423,#5425));
#5427=FACE_OUTER_BOUND('',#5426,.F.);
#5429=CARTESIAN_POINT('',(0.E0,0.E0,0.E0));
#5430=DIRECTION('',(0.E0,-1.E0,0.E0));
#5431=DIRECTION('',(-1.E0,0.E0,0.E0));
#5432=AXIS2_PLACEMENT_3D('',#5429,#5430,#5431);
#5433=PLANE('',#5432);
#5434=ORIENTED_EDGE('',*,*,#5421,.F.);
#5435=ORIENTED_EDGE('',*,*,#5410,.T.);
#5436=EDGE_LOOP('',(#5434,#5435));
#5437=FACE_OUTER_BOUND('',#5436,.F.);
#5439=ORIENTED_EDGE('',*,*,#5438,.F.);
#5441=ORIENTED_EDGE('',*,*,#5440,.T.);
#5442=EDGE_LOOP('',(#5439,#5441));
#5443=FACE_BOUND('',#5442,.F.);
#5445=CARTESIAN_POINT('',(0.E0,-1.1E0,0.E0));
#5446=DIRECTION('',(0.E0,-1.E0,0.E0));
#5447=DIRECTION('',(-1.E0,0.E0,0.E0));
#5448=AXIS2_PLACEMENT_3D('',#5445,#5446,#5447);
#5449=TOROIDAL_SURFACE('',#5448,9.65E0,1.1E0);
#5451=ORIENTED_EDGE('',*,*,#5450,.T.);
#5452=ORIENTED_EDGE('',*,*,#5438,.T.);
#5454=ORIENTED_EDGE('',*,*,#5453,.F.);
#5456=ORIENTED_EDGE('',*,*,#5455,.F.);
#5457=EDGE_LOOP('',(#5451,#5452,#5454,#5456));
#5458=FACE_OUTER_BOUND('',#5457,.F.);
#5460=CARTESIAN_POINT('',(0.E0,-1.1E0,0.E0));
#5461=DIRECTION('',(0.E0,-1.E0,0.E0));
#5462=DIRECTION('',(-1.E0,0.E0,0.E0));
#5463=AXIS2_PLACEMENT_3D('',#5460,#5461,#5462);
#5464=TOROIDAL_SURFACE('',#5463,9.65E0,1.1E0);
#5465=ORIENTED_EDGE('',*,*,#5450,.F.);
#5467=ORIENTED_EDGE('',*,*,#5466,.T.);
#5468=ORIENTED_EDGE('',*,*,#5453,.T.);
#5469=ORIENTED_EDGE('',*,*,#5440,.F.);
#5470=EDGE_LOOP('',(#5465,#5467,#5468,#5469));
#5471=FACE_OUTER_BOUND('',#5470,.F.);
#5473=CARTESIAN_POINT('',(0.E0,1.35E-1,0.E0));
#5474=DIRECTION('',(0.E0,-1.E0,0.E0));
#5475=DIRECTION('',(-1.E0,0.E0,0.E0));
#5476=AXIS2_PLACEMENT_3D('',#5473,#5474,#5475);
#5477=CYLINDRICAL_SURFACE('',#5476,8.55E0);
#5479=ORIENTED_EDGE('',*,*,#5478,.F.);
#5481=ORIENTED_EDGE('',*,*,#5480,.T.);
#5483=ORIENTED_EDGE('',*,*,#5482,.T.);
#5484=ORIENTED_EDGE('',*,*,#5466,.F.);
#5485=EDGE_LOOP('',(#5479,#5481,#5483,#5484));
#5486=FACE_OUTER_BOUND('',#5485,.F.);
#5488=CARTESIAN_POINT('',(0.E0,1.35E-1,0.E0));
#5489=DIRECTION('',(0.E0,-1.E0,0.E0));
#5490=DIRECTION('',(-1.E0,0.E0,0.E0));
#5491=AXIS2_PLACEMENT_3D('',#5488,#5489,#5490);
#5492=CYLINDRICAL_SURFACE('',#5491,8.55E0);
#5493=ORIENTED_EDGE('',*,*,#5478,.T.);
#5494=ORIENTED_EDGE('',*,*,#5455,.T.);
#5495=ORIENTED_EDGE('',*,*,#5482,.F.);
#5497=ORIENTED_EDGE('',*,*,#5496,.F.);
#5498=EDGE_LOOP('',(#5493,#5494,#5495,#5497));
#5499=FACE_OUTER_BOUND('',#5498,.F.);
#5501=CARTESIAN_POINT('',(0.E0,-2.7E0,0.E0));
#5502=DIRECTION('',(0.E0,-1.E0,0.E0));
#5503=DIRECTION('',(-1.E0,0.E0,0.E0));
#5504=AXIS2_PLACEMENT_3D('',#5501,#5502,#5503);
#5505=PLANE('',#5504);
#5507=ORIENTED_EDGE('',*,*,#5506,.F.);
#5509=ORIENTED_EDGE('',*,*,#5508,.T.);
#5510=EDGE_LOOP('',(#5507,#5509));
#5511=FACE_OUTER_BOUND('',#5510,.F.);
#5512=ORIENTED_EDGE('',*,*,#5480,.F.);
#5513=ORIENTED_EDGE('',*,*,#5496,.T.);
#5514=EDGE_LOOP('',(#5512,#5513));
#5515=FACE_BOUND('',#5514,.F.);
#5517=CARTESIAN_POINT('',(0.E0,1.35E-1,0.E0));
#5518=DIRECTION('',(0.E0,-1.E0,0.E0));
#5519=DIRECTION('',(-1.E0,0.E0,0.E0));
#5520=AXIS2_PLACEMENT_3D('',#5517,#5518,#5519);
#5521=CYLINDRICAL_SURFACE('',#5520,9.27E0);
#5523=ORIENTED_EDGE('',*,*,#5522,.T.);
#5524=ORIENTED_EDGE('',*,*,#5506,.T.);
#5526=ORIENTED_EDGE('',*,*,#5525,.F.);
#5528=ORIENTED_EDGE('',*,*,#5527,.F.);
#5529=EDGE_LOOP('',(#5523,#5524,#5526,#5528));
#5530=FACE_OUTER_BOUND('',#5529,.F.);
#5532=CARTESIAN_POINT('',(0.E0,1.35E-1,0.E0));
#5533=DIRECTION('',(0.E0,-1.E0,0.E0));
#5534=DIRECTION('',(-1.E0,0.E0,0.E0));
#5535=AXIS2_PLACEMENT_3D('',#5532,#5533,#5534);
#5536=CYLINDRICAL_SURFACE('',#5535,9.27E0);
#5537=ORIENTED_EDGE('',*,*,#5522,.F.);
#5539=ORIENTED_EDGE('',*,*,#5538,.T.);
#5540=ORIENTED_EDGE('',*,*,#5525,.T.);
#5541=ORIENTED_EDGE('',*,*,#5508,.F.);
#5542=EDGE_LOOP('',(#5537,#5539,#5540,#5541));
#5543=FACE_OUTER_BOUND('',#5542,.F.);
#5545=CARTESIAN_POINT('',(0.E0,-1.22E0,0.E0));
#5546=DIRECTION('',(0.E0,-1.E0,0.E0));
#5547=DIRECTION('',(-1.E0,0.E0,0.E0));
#5548=AXIS2_PLACEMENT_3D('',#5545,#5546,#5547);
#5549=TOROIDAL_SURFACE('',#5548,9.77E0,5.E-1);
#5551=ORIENTED_EDGE('',*,*,#5550,.F.);
#5553=ORIENTED_EDGE('',*,*,#5552,.T.);
#5555=ORIENTED_EDGE('',*,*,#5554,.T.);
#5556=ORIENTED_EDGE('',*,*,#5538,.F.);
#5557=EDGE_LOOP('',(#5551,#5553,#5555,#5556));
#5558=FACE_OUTER_BOUND('',#5557,.F.);
#5560=CARTESIAN_POINT('',(0.E0,-1.22E0,0.E0));
#5561=DIRECTION('',(0.E0,-1.E0,0.E0));
#5562=DIRECTION('',(-1.E0,0.E0,0.E0));
#5563=AXIS2_PLACEMENT_3D('',#5560,#5561,#5562);
#5564=TOROIDAL_SURFACE('',#5563,9.77E0,5.E-1);
#5565=ORIENTED_EDGE('',*,*,#5550,.T.);
#5566=ORIENTED_EDGE('',*,*,#5527,.T.);
#5567=ORIENTED_EDGE('',*,*,#5554,.F.);
#5569=ORIENTED_EDGE('',*,*,#5568,.F.);
#5570=EDGE_LOOP('',(#5565,#5566,#5567,#5569));
#5571=FACE_OUTER_BOUND('',#5570,.F.);
#5573=CARTESIAN_POINT('',(0.E0,-7.2E-1,0.E0));
#5574=DIRECTION('',(0.E0,-1.E0,0.E0));
#5575=DIRECTION('',(-1.E0,0.E0,0.E0));
#5576=AXIS2_PLACEMENT_3D('',#5573,#5574,#5575);
#5577=PLANE('',#5576);
#5578=ORIENTED_EDGE('',*,*,#5406,.F.);
#5579=ORIENTED_EDGE('',*,*,#5424,.T.);
#5580=EDGE_LOOP('',(#5578,#5579));
#5581=FACE_OUTER_BOUND('',#5580,.F.);
#5582=ORIENTED_EDGE('',*,*,#5552,.F.);
#5583=ORIENTED_EDGE('',*,*,#5568,.T.);
#5584=EDGE_LOOP('',(#5582,#5583));
#5585=FACE_BOUND('',#5584,.F.);
#5591=PLANE_ANGLE_MEASURE_WITH_UNIT(PLANE_ANGLE_MEASURE(1.745329251994E-2),
#5590);
#5592=(CONVERSION_BASED_UNIT('DEGREE',#5591)NAMED_UNIT(*)PLANE_ANGLE_UNIT());
#5594=UNCERTAINTY_MEASURE_WITH_UNIT(LENGTH_MEASURE(3.193763132381E-3),#5589,
'closure',
'Maximum model space distance between geometric entities at asserted connectivities');
#5596=CARTESIAN_POINT('',(0.E0,0.E0,0.E0));
#5597=DIRECTION('',(0.E0,0.E0,1.E0));
#5598=DIRECTION('',(1.E0,0.E0,0.E0));
#5601=PRODUCT_CONTEXT('',#5178,'mechanical');
#5602=PRODUCT('3218204193_DV2','3218204193_DV2','NOT SPECIFIED',(#5601));
#5603=PRODUCT_DEFINITION_FORMATION_WITH_SPECIFIED_SOURCE('3','LAST_VERSION',
#5602,.MADE.);
#5611=DERIVED_UNIT_ELEMENT(#5610,2.E0);
#5612=AREA_UNIT((#5611));
#5613=MEASURE_REPRESENTATION_ITEM('surface area measure',AREA_MEASURE(
6.099524223344E2),#5612);
#5618=DERIVED_UNIT_ELEMENT(#5617,3.E0);
#5619=VOLUME_UNIT((#5618));
#5620=MEASURE_REPRESENTATION_ITEM('volume measure',VOLUME_MEASURE(
1.895452447355E2),#5619);
#5624=CARTESIAN_POINT('centre point',(0.E0,-9.451584202844E-1,0.E0));
#5629=DERIVED_UNIT_ELEMENT(#5628,2.E0);
#5630=AREA_UNIT((#5629));
#5631=MEASURE_REPRESENTATION_ITEM('surface area measure',AREA_MEASURE(
6.099524223344E2),#5630);
#5636=DERIVED_UNIT_ELEMENT(#5635,3.E0);
#5637=VOLUME_UNIT((#5636));
#5638=MEASURE_REPRESENTATION_ITEM('volume measure',VOLUME_MEASURE(
1.895452447355E2),#5637);
#5642=CARTESIAN_POINT('centre point',(0.E0,-9.451584202844E-1,0.E0));
#5649=CARTESIAN_POINT('centre point',(0.E0,2.245158420284E0,0.E0));
#5653=CARTESIAN_POINT('',(0.E0,1.3E0,0.E0));
#5654=DIRECTION('',(0.E0,0.E0,-1.E0));
#5655=DIRECTION('',(1.E0,0.E0,0.E0));
#5656=AXIS2_PLACEMENT_3D('',#5653,#5654,#5655);
#5657=ITEM_DEFINED_TRANSFORMATION('','',#5599,#5656);
#5658=(REPRESENTATION_RELATIONSHIP('','',#5600,#5229)REPRESENTATION_RELATIONSHIP_WITH_TRANSFORMATION(#5657)SHAPE_REPRESENTATION_RELATIONSHIP());
#5659=CONTEXT_DEPENDENT_SHAPE_REPRESENTATION(#5658,#5648);
#5662=PLANE_ANGLE_MEASURE_WITH_UNIT(PLANE_ANGLE_MEASURE(1.745329251994E-2),
#5661);
#5663=(CONVERSION_BASED_UNIT('DEGREE',#5662)NAMED_UNIT(*)PLANE_ANGLE_UNIT());
#5665=UNCERTAINTY_MEASURE_WITH_UNIT(LENGTH_MEASURE(6.144556889835E-3),#5660,
'closure',
'Maximum model space distance between geometric entities at asserted connectivities');
#5667=CARTESIAN_POINT('',(0.E0,0.E0,0.E0));
#5668=DIRECTION('',(0.E0,0.E0,1.E0));
#5669=DIRECTION('',(1.E0,0.E0,0.E0));
#5671=PRODUCT_DEFINITION_CONTEXT('',#5178,'design');
#5672=PRODUCT_CONTEXT('',#5178,'mechanical');
#5673=PRODUCT('3218204193_ASM','3218204193_ASM','NOT SPECIFIED',(#5672));
#5674=PRODUCT_DEFINITION_FORMATION_WITH_SPECIFIED_SOURCE('14','LAST_VERSION',
#5673,.MADE.);
#5677=DERIVED_UNIT_ELEMENT(#5676,2.E0);
#5678=AREA_UNIT((#5677));
#5679=MEASURE_REPRESENTATION_ITEM('surface area measure',AREA_MEASURE(
7.995770988485E3),#5678);
#5684=DERIVED_UNIT_ELEMENT(#5683,3.E0);
#5685=VOLUME_UNIT((#5684));
#5686=MEASURE_REPRESENTATION_ITEM('volume measure',VOLUME_MEASURE(
6.052371999575E3),#5685);
#5690=CARTESIAN_POINT('centre point',(1.395610712261E-13,1.139714293715E1,
-3.375384795070E-10));
#1=DRAUGHTING_PRE_DEFINED_COLOUR('green');
#2=COLOUR_RGB('',1.1E-2,1.2E-2,1.E0);
#3=COLOUR_RGB('',1.070501960750E-1,1.156407479236E-1,1.262135922330E-1);
#4=COLOUR_RGB('',4.076142081316E-1,4.403243863243E-1,4.805825242718E-1);
#5=COLOUR_RGB('',4.1E-1,2.61589E-1,1.12848E-1);
#6=COLOUR_RGB('',5.04854E-1,1.5455E-2,1.5455E-2);
#7=COLOUR_RGB('',6.35294E-1,6.86275E-1,7.4902E-1);
#8=COLOUR_RGB('',6.40777E-1,6.40777E-1,6.40777E-1);
#9=COLOUR_RGB('',6.69062E-1,6.69903E-1,6.55217E-1);
#10=COLOUR_RGB('',9.21569E-1,7.05882E-1,4.70588E-1);
#11=DRAUGHTING_PRE_DEFINED_COLOUR('red');
#12=DRAUGHTING_PRE_DEFINED_COLOUR('yellow');
#13=COLOUR_RGB('',1.E0,1.E0,5.3E-1);
#14=COLOUR_RGB('',1.E0,1.E0,9.49E-1);
#15=DRAUGHTING_PRE_DEFINED_COLOUR('white');
#20=CIRCLE('',#19,1.300632663656E1);
#29=CIRCLE('',#28,1.300632663656E1);
#38=CIRCLE('',#37,2.E0);
#43=CIRCLE('',#42,1.266531103213E1);
#48=CIRCLE('',#47,2.E0);
#53=CIRCLE('',#52,1.266531103213E1);
#58=CIRCLE('',#57,1.297059520478E1);
#67=CIRCLE('',#66,1.297059520478E1);
#80=CIRCLE('',#79,1.266116240483E1);
#89=CIRCLE('',#88,1.266116240483E1);
#94=CIRCLE('',#93,1.231416543494E1);
#99=CIRCLE('',#98,2.5E-1);
#104=CIRCLE('',#103,1.231416543494E1);
#109=CIRCLE('',#108,2.5E-1);
#118=CIRCLE('',#117,1.169986839248E1);
#127=CIRCLE('',#126,1.169986839248E1);
#132=CIRCLE('',#131,1.131684617092E1);
#137=CIRCLE('',#136,1.131684617092E1);
#142=CIRCLE('',#141,1.131684617092E1);
#147=CIRCLE('',#146,1.131684617092E1);
#152=CIRCLE('',#151,1.131684617092E1);
#157=CIRCLE('',#156,1.131684617092E1);
#162=CIRCLE('',#161,1.131684617092E1);
#167=CIRCLE('',#166,1.131684617092E1);
#172=CIRCLE('',#171,1.131684617092E1);
#177=CIRCLE('',#176,1.131684617092E1);
#182=CIRCLE('',#181,1.131684617092E1);
#187=CIRCLE('',#186,1.131684617092E1);
#192=CIRCLE('',#191,1.131684617092E1);
#197=CIRCLE('',#196,5.E-1);
#202=CIRCLE('',#201,5.E-1);
#207=CIRCLE('',#206,1.131684617092E1);
#212=CIRCLE('',#211,1.01E1);
#217=CIRCLE('',#216,1.01E1);
#222=CIRCLE('',#221,6.E-1);
#227=CIRCLE('',#226,6.E-1);
#232=CIRCLE('',#231,6.E-1);
#237=CIRCLE('',#236,6.E-1);
#242=CIRCLE('',#241,6.E-1);
#247=CIRCLE('',#246,6.E-1);
#252=CIRCLE('',#251,6.E-1);
#257=CIRCLE('',#256,6.E-1);
#262=CIRCLE('',#261,6.E-1);
#267=CIRCLE('',#266,6.E-1);
#272=CIRCLE('',#271,6.E-1);
#277=CIRCLE('',#276,6.E-1);
#282=CIRCLE('',#281,1.01E1);
#291=CIRCLE('',#290,1.01E1);
#300=CIRCLE('',#299,3.E-1);
#305=CIRCLE('',#304,9.570186667064E0);
#310=CIRCLE('',#309,3.E-1);
#315=CIRCLE('',#314,9.570186667064E0);
#320=CIRCLE('',#319,9.288564782576E0);
#325=CIRCLE('',#324,1.E0);
#330=CIRCLE('',#329,1.E0);
#335=CIRCLE('',#334,9.288564782576E0);
#348=CIRCLE('',#347,7.35E0);
#353=CIRCLE('',#352,7.35E0);
#358=CIRCLE('',#357,8.522520339457E0);
#363=CIRCLE('',#362,8.522520339457E0);
#368=CIRCLE('',#367,6.75E0);
#377=CIRCLE('',#376,6.75E0);
#390=CIRCLE('',#389,6.75E0);
#399=CIRCLE('',#398,6.75E0);
#404=CIRCLE('',#403,7.238325861981E0);
#413=CIRCLE('',#412,7.238325861981E0);
#422=CIRCLE('',#421,1.5E-1);
#427=CIRCLE('',#426,7.289992086675E0);
#432=CIRCLE('',#431,1.5E-1);
#437=CIRCLE('',#436,7.289992086675E0);
#442=CIRCLE('',#441,6.926755356750E0);
#451=CIRCLE('',#450,6.926755356750E0);
#460=CIRCLE('',#459,3.E-1);
#465=CIRCLE('',#464,6.925179641598E0);
#470=CIRCLE('',#469,3.E-1);
#475=CIRCLE('',#474,6.925179641598E0);
#480=CIRCLE('',#479,7.282067430027E0);
#489=CIRCLE('',#488,7.282067430027E0);
#498=CIRCLE('',#497,1.5E-1);
#503=CIRCLE('',#502,7.230117687997E0);
#508=CIRCLE('',#507,1.5E-1);
#513=CIRCLE('',#512,7.230117687997E0);
#518=CIRCLE('',#517,6.75E0);
#527=CIRCLE('',#526,6.75E0);
#540=CIRCLE('',#539,6.75E0);
#549=CIRCLE('',#548,6.75E0);
#554=CIRCLE('',#553,7.05E0);
#563=CIRCLE('',#562,7.05E0);
#572=CIRCLE('',#571,8.824295168107E0);
#577=CIRCLE('',#576,8.824295168107E0);
#594=B_SPLINE_CURVE_WITH_KNOTS('',3,(#578,#579,#580,#581,#582,#583,#584,#585,
#586,#587,#588,#589,#590,#591,#592,#593),.UNSPECIFIED.,.F.,.F.,(4,1,1,1,1,1,1,1,
1,1,1,1,1,4),(0.E0,7.692307692308E-2,1.538461538462E-1,2.307692307692E-1,
3.076923076923E-1,3.846153846154E-1,4.615384615385E-1,5.384615384615E-1,
6.153846153846E-1,6.923076923077E-1,7.692307692308E-1,8.461538461538E-1,
9.230769230769E-1,1.E0),.UNSPECIFIED.);
#599=CIRCLE('',#598,1.115036583731E1);
#615=B_SPLINE_CURVE_WITH_KNOTS('',3,(#600,#601,#602,#603,#604,#605,#606,#607,
#608,#609,#610,#611,#612,#613,#614),.UNSPECIFIED.,.F.,.F.,(4,1,1,1,1,1,1,1,1,1,
1,1,4),(0.E0,8.333333333333E-2,1.666666666667E-1,2.5E-1,3.333333333333E-1,
4.166666666667E-1,5.E-1,5.833333333333E-1,6.666666666667E-1,7.5E-1,
8.333333333333E-1,9.166666666667E-1,1.E0),.UNSPECIFIED.);
#632=B_SPLINE_CURVE_WITH_KNOTS('',3,(#616,#617,#618,#619,#620,#621,#622,#623,
#624,#625,#626,#627,#628,#629,#630,#631),.UNSPECIFIED.,.F.,.F.,(4,1,1,1,1,1,1,1,
1,1,1,1,1,4),(0.E0,7.692307692308E-2,1.538461538462E-1,2.307692307692E-1,
3.076923076923E-1,3.846153846154E-1,4.615384615385E-1,5.384615384615E-1,
6.153846153846E-1,6.923076923077E-1,7.692307692308E-1,8.461538461538E-1,
9.230769230769E-1,1.E0),.UNSPECIFIED.);
#637=CIRCLE('',#636,1.115036583731E1);
#653=B_SPLINE_CURVE_WITH_KNOTS('',3,(#638,#639,#640,#641,#642,#643,#644,#645,
#646,#647,#648,#649,#650,#651,#652),.UNSPECIFIED.,.F.,.F.,(4,1,1,1,1,1,1,1,1,1,
1,1,4),(0.E0,8.333333333333E-2,1.666666666667E-1,2.5E-1,3.333333333333E-1,
4.166666666667E-1,5.E-1,5.833333333333E-1,6.666666666667E-1,7.5E-1,
8.333333333333E-1,9.166666666667E-1,1.E0),.UNSPECIFIED.);
#670=B_SPLINE_CURVE_WITH_KNOTS('',3,(#654,#655,#656,#657,#658,#659,#660,#661,
#662,#663,#664,#665,#666,#667,#668,#669),.UNSPECIFIED.,.F.,.F.,(4,1,1,1,1,1,1,1,
1,1,1,1,1,4),(0.E0,7.692307692308E-2,1.538461538462E-1,2.307692307692E-1,
3.076923076923E-1,3.846153846154E-1,4.615384615385E-1,5.384615384615E-1,
6.153846153846E-1,6.923076923077E-1,7.692307692308E-1,8.461538461538E-1,
9.230769230769E-1,1.E0),.UNSPECIFIED.);
#675=CIRCLE('',#674,1.115036583731E1);
#688=B_SPLINE_CURVE_WITH_KNOTS('',3,(#676,#677,#678,#679,#680,#681,#682,#683,
#684,#685,#686,#687),.UNSPECIFIED.,.F.,.F.,(4,1,1,1,1,1,1,1,1,4),(0.E0,
1.111111111111E-1,2.222222222222E-1,3.333333333333E-1,4.444444444444E-1,
5.555555555556E-1,6.666666666667E-1,7.777777777778E-1,8.888888888889E-1,1.E0),
.UNSPECIFIED.);
#696=B_SPLINE_CURVE_WITH_KNOTS('',3,(#689,#690,#691,#692,#693,#694,#695),
.UNSPECIFIED.,.F.,.F.,(4,1,1,1,4),(0.E0,2.5E-1,5.E-1,7.5E-1,1.E0),
.UNSPECIFIED.);
#701=CIRCLE('',#700,1.713910600380E1);
#709=B_SPLINE_CURVE_WITH_KNOTS('',3,(#702,#703,#704,#705,#706,#707,#708),
.UNSPECIFIED.,.F.,.F.,(4,1,1,1,4),(0.E0,2.5E-1,5.E-1,7.5E-1,1.E0),
.UNSPECIFIED.);
#717=B_SPLINE_CURVE_WITH_KNOTS('',3,(#710,#711,#712,#713,#714,#715,#716),
.UNSPECIFIED.,.F.,.F.,(4,1,1,1,4),(0.E0,2.5E-1,5.E-1,7.5E-1,1.E0),
.UNSPECIFIED.);
#725=B_SPLINE_CURVE_WITH_KNOTS('',3,(#718,#719,#720,#721,#722,#723,#724),
.UNSPECIFIED.,.F.,.F.,(4,1,1,1,4),(0.E0,2.5E-1,5.E-1,7.5E-1,1.E0),
.UNSPECIFIED.);
#733=B_SPLINE_CURVE_WITH_KNOTS('',3,(#726,#727,#728,#729,#730,#731,#732),
.UNSPECIFIED.,.F.,.F.,(4,1,1,1,4),(0.E0,2.5E-1,5.E-1,7.5E-1,1.E0),
.UNSPECIFIED.);
#741=B_SPLINE_CURVE_WITH_KNOTS('',3,(#734,#735,#736,#737,#738,#739,#740),
.UNSPECIFIED.,.F.,.F.,(4,1,1,1,4),(0.E0,2.5E-1,5.E-1,7.5E-1,1.E0),
.UNSPECIFIED.);
#749=B_SPLINE_CURVE_WITH_KNOTS('',3,(#742,#743,#744,#745,#746,#747,#748),
.UNSPECIFIED.,.F.,.F.,(4,1,1,1,4),(0.E0,2.5E-1,5.E-1,7.5E-1,1.E0),
.UNSPECIFIED.);
#757=B_SPLINE_CURVE_WITH_KNOTS('',3,(#750,#751,#752,#753,#754,#755,#756),
.UNSPECIFIED.,.F.,.F.,(4,1,1,1,4),(0.E0,2.5E-1,5.E-1,7.5E-1,1.E0),
.UNSPECIFIED.);
#765=B_SPLINE_CURVE_WITH_KNOTS('',3,(#758,#759,#760,#761,#762,#763,#764),
.UNSPECIFIED.,.F.,.F.,(4,1,1,1,4),(0.E0,2.5E-1,5.E-1,7.5E-1,1.E0),
.UNSPECIFIED.);
#774=CIRCLE('',#773,1.713910600380E1);
#786=B_SPLINE_CURVE_WITH_KNOTS('',3,(#779,#780,#781,#782,#783,#784,#785),
.UNSPECIFIED.,.F.,.F.,(4,1,1,1,4),(0.E0,2.5E-1,5.E-1,7.5E-1,1.E0),
.UNSPECIFIED.);
#794=B_SPLINE_CURVE_WITH_KNOTS('',3,(#787,#788,#789,#790,#791,#792,#793),
.UNSPECIFIED.,.F.,.F.,(4,1,1,1,4),(0.E0,2.5E-1,5.E-1,7.5E-1,1.E0),
.UNSPECIFIED.);
#802=B_SPLINE_CURVE_WITH_KNOTS('',3,(#795,#796,#797,#798,#799,#800,#801),
.UNSPECIFIED.,.F.,.F.,(4,1,1,1,4),(0.E0,2.5E-1,5.E-1,7.5E-1,1.E0),
.UNSPECIFIED.);
#819=B_SPLINE_CURVE_WITH_KNOTS('',3,(#803,#804,#805,#806,#807,#808,#809,#810,
#811,#812,#813,#814,#815,#816,#817,#818),.UNSPECIFIED.,.F.,.F.,(4,1,1,1,1,1,1,1,
1,1,1,1,1,4),(0.E0,7.692307692308E-2,1.538461538462E-1,2.307692307692E-1,
3.076923076923E-1,3.846153846154E-1,4.615384615385E-1,5.384615384615E-1,
6.153846153846E-1,6.923076923077E-1,7.692307692308E-1,8.461538461538E-1,
9.230769230769E-1,1.E0),.UNSPECIFIED.);
#824=CIRCLE('',#823,1.115036583731E1);
#840=B_SPLINE_CURVE_WITH_KNOTS('',3,(#825,#826,#827,#828,#829,#830,#831,#832,
#833,#834,#835,#836,#837,#838,#839),.UNSPECIFIED.,.F.,.F.,(4,1,1,1,1,1,1,1,1,1,
1,1,4),(0.E0,8.333333333333E-2,1.666666666667E-1,2.5E-1,3.333333333333E-1,
4.166666666667E-1,5.E-1,5.833333333333E-1,6.666666666667E-1,7.5E-1,
8.333333333333E-1,9.166666666667E-1,1.E0),.UNSPECIFIED.);
#857=B_SPLINE_CURVE_WITH_KNOTS('',3,(#841,#842,#843,#844,#845,#846,#847,#848,
#849,#850,#851,#852,#853,#854,#855,#856),.UNSPECIFIED.,.F.,.F.,(4,1,1,1,1,1,1,1,
1,1,1,1,1,4),(0.E0,7.692307692308E-2,1.538461538462E-1,2.307692307692E-1,
3.076923076923E-1,3.846153846154E-1,4.615384615385E-1,5.384615384615E-1,
6.153846153846E-1,6.923076923077E-1,7.692307692308E-1,8.461538461538E-1,
9.230769230769E-1,1.E0),.UNSPECIFIED.);
#862=CIRCLE('',#861,1.115036583731E1);
#875=B_SPLINE_CURVE_WITH_KNOTS('',3,(#863,#864,#865,#866,#867,#868,#869,#870,
#871,#872,#873,#874),.UNSPECIFIED.,.F.,.F.,(4,1,1,1,1,1,1,1,1,4),(0.E0,
1.111111111111E-1,2.222222222222E-1,3.333333333333E-1,4.444444444444E-1,
5.555555555556E-1,6.666666666667E-1,7.777777777778E-1,8.888888888889E-1,1.E0),
.UNSPECIFIED.);
#880=CIRCLE('',#879,3.E0);
#885=CIRCLE('',#884,3.E0);
#902=B_SPLINE_CURVE_WITH_KNOTS('',3,(#886,#887,#888,#889,#890,#891,#892,#893,
#894,#895,#896,#897,#898,#899,#900,#901),.UNSPECIFIED.,.F.,.F.,(4,1,1,1,1,1,1,1,
1,1,1,1,1,4),(0.E0,7.692307692308E-2,1.538461538462E-1,2.307692307692E-1,
3.076923076923E-1,3.846153846154E-1,4.615384615385E-1,5.384615384615E-1,
6.153846153846E-1,6.923076923077E-1,7.692307692308E-1,8.461538461538E-1,
9.230769230769E-1,1.E0),.UNSPECIFIED.);
#907=CIRCLE('',#906,1.115036583731E1);
#923=B_SPLINE_CURVE_WITH_KNOTS('',3,(#908,#909,#910,#911,#912,#913,#914,#915,
#916,#917,#918,#919,#920,#921,#922),.UNSPECIFIED.,.F.,.F.,(4,1,1,1,1,1,1,1,1,1,
1,1,4),(0.E0,8.333333333333E-2,1.666666666667E-1,2.5E-1,3.333333333333E-1,
4.166666666667E-1,5.E-1,5.833333333333E-1,6.666666666667E-1,7.5E-1,
8.333333333333E-1,9.166666666667E-1,1.E0),.UNSPECIFIED.);
#943=B_SPLINE_CURVE_WITH_KNOTS('',3,(#932,#933,#934,#935,#936,#937,#938,#939,
#940,#941,#942),.UNSPECIFIED.,.F.,.F.,(4,1,1,1,1,1,1,1,4),(0.E0,1.25E-1,2.5E-1,
3.75E-1,5.E-1,6.25E-1,7.5E-1,8.75E-1,1.E0),.UNSPECIFIED.);
#951=B_SPLINE_CURVE_WITH_KNOTS('',3,(#944,#945,#946,#947,#948,#949,#950),
.UNSPECIFIED.,.F.,.F.,(4,1,1,1,4),(0.E0,2.5E-1,5.E-1,7.5E-1,1.E0),
.UNSPECIFIED.);
#956=CIRCLE('',#955,9.77E0);
#968=B_SPLINE_CURVE_WITH_KNOTS('',3,(#957,#958,#959,#960,#961,#962,#963,#964,
#965,#966,#967),.UNSPECIFIED.,.F.,.F.,(4,1,1,1,1,1,1,1,4),(0.E0,1.25E-1,2.5E-1,
3.75E-1,5.E-1,6.25E-1,7.5E-1,8.75E-1,1.E0),.UNSPECIFIED.);
#973=CIRCLE('',#972,5.E-1);
#978=CIRCLE('',#977,5.E-1);
#990=B_SPLINE_CURVE_WITH_KNOTS('',3,(#979,#980,#981,#982,#983,#984,#985,#986,
#987,#988,#989),.UNSPECIFIED.,.F.,.F.,(4,1,1,1,1,1,1,1,4),(0.E0,1.25E-1,2.5E-1,
3.75E-1,5.E-1,6.25E-1,7.5E-1,8.75E-1,1.E0),.UNSPECIFIED.);
#995=CIRCLE('',#994,9.77E0);
#1007=B_SPLINE_CURVE_WITH_KNOTS('',3,(#996,#997,#998,#999,#1000,#1001,#1002,
#1003,#1004,#1005,#1006),.UNSPECIFIED.,.F.,.F.,(4,1,1,1,1,1,1,1,4),(0.E0,
1.25E-1,2.5E-1,3.75E-1,5.E-1,6.25E-1,7.5E-1,8.75E-1,1.E0),.UNSPECIFIED.);
#1015=B_SPLINE_CURVE_WITH_KNOTS('',3,(#1008,#1009,#1010,#1011,#1012,#1013,
#1014),.UNSPECIFIED.,.F.,.F.,(4,1,1,1,4),(0.E0,2.5E-1,5.E-1,7.5E-1,1.E0),
.UNSPECIFIED.);
#1020=CIRCLE('',#1019,9.77E0);
#1033=CIRCLE('',#1032,1.E0);
#1038=CIRCLE('',#1037,1.E0);
#1043=CIRCLE('',#1042,1.125E1);
#1048=CIRCLE('',#1047,1.125E1);
#1053=CIRCLE('',#1052,1.125E1);
#1062=CIRCLE('',#1061,1.125E1);
#1067=CIRCLE('',#1066,1.125E1);
#1072=CIRCLE('',#1071,1.125E1);
#1077=CIRCLE('',#1076,1.125E1);
#1086=CIRCLE('',#1085,1.125E1);
#1091=CIRCLE('',#1090,1.125E1);
#1096=CIRCLE('',#1095,1.125E1);
#1101=CIRCLE('',#1100,1.125E1);
#1106=CIRCLE('',#1105,6.E-1);
#1111=CIRCLE('',#1110,9.77E0);
#1116=CIRCLE('',#1115,9.77E0);
#1121=CIRCLE('',#1120,6.E-1);
#1126=CIRCLE('',#1125,6.E-1);
#1131=CIRCLE('',#1130,6.E-1);
#1136=CIRCLE('',#1135,6.E-1);
#1141=CIRCLE('',#1140,6.E-1);
#1146=CIRCLE('',#1145,6.E-1);
#1151=CIRCLE('',#1150,6.E-1);
#1156=CIRCLE('',#1155,6.E-1);
#1161=CIRCLE('',#1160,6.E-1);
#1166=CIRCLE('',#1165,6.E-1);
#1171=CIRCLE('',#1170,6.E-1);
#1176=CIRCLE('',#1175,6.E-1);
#1181=CIRCLE('',#1180,8.55E0);
#1186=CIRCLE('',#1185,1.22E0);
#1191=CIRCLE('',#1190,1.22E0);
#1196=CIRCLE('',#1195,8.55E0);
#1209=CIRCLE('',#1208,8.55E0);
#1214=CIRCLE('',#1213,8.55E0);
#1219=CIRCLE('',#1218,9.27E0);
#1224=CIRCLE('',#1223,9.27E0);
#1229=CIRCLE('',#1228,9.27E0);
#1242=CIRCLE('',#1241,9.27E0);
#1254=B_SPLINE_CURVE_WITH_KNOTS('',3,(#1243,#1244,#1245,#1246,#1247,#1248,#1249,
#1250,#1251,#1252,#1253),.UNSPECIFIED.,.F.,.F.,(4,1,1,1,1,1,1,1,4),(0.E0,
1.25E-1,2.5E-1,3.75E-1,5.E-1,6.25E-1,7.5E-1,8.75E-1,1.E0),.UNSPECIFIED.);
#1266=B_SPLINE_CURVE_WITH_KNOTS('',3,(#1255,#1256,#1257,#1258,#1259,#1260,#1261,
#1262,#1263,#1264,#1265),.UNSPECIFIED.,.F.,.F.,(4,1,1,1,1,1,1,1,4),(0.E0,
1.25E-1,2.5E-1,3.75E-1,5.E-1,6.25E-1,7.5E-1,8.75E-1,1.E0),.UNSPECIFIED.);
#1271=CIRCLE('',#1270,9.77E0);
#1283=B_SPLINE_CURVE_WITH_KNOTS('',3,(#1272,#1273,#1274,#1275,#1276,#1277,#1278,
#1279,#1280,#1281,#1282),.UNSPECIFIED.,.F.,.F.,(4,1,1,1,1,1,1,1,4),(0.E0,
1.25E-1,2.5E-1,3.75E-1,5.E-1,6.25E-1,7.5E-1,8.75E-1,1.E0),.UNSPECIFIED.);
#1291=B_SPLINE_CURVE_WITH_KNOTS('',3,(#1284,#1285,#1286,#1287,#1288,#1289,
#1290),.UNSPECIFIED.,.F.,.F.,(4,1,1,1,4),(0.E0,2.5E-1,5.E-1,7.5E-1,1.E0),
.UNSPECIFIED.);
#1296=CIRCLE('',#1295,9.77E0);
#1308=B_SPLINE_CURVE_WITH_KNOTS('',3,(#1297,#1298,#1299,#1300,#1301,#1302,#1303,
#1304,#1305,#1306,#1307),.UNSPECIFIED.,.F.,.F.,(4,1,1,1,1,1,1,1,4),(0.E0,
1.25E-1,2.5E-1,3.75E-1,5.E-1,6.25E-1,7.5E-1,8.75E-1,1.E0),.UNSPECIFIED.);
#1316=B_SPLINE_CURVE_WITH_KNOTS('',3,(#1309,#1310,#1311,#1312,#1313,#1314,
#1315),.UNSPECIFIED.,.F.,.F.,(4,1,1,1,4),(0.E0,2.5E-1,5.E-1,7.5E-1,1.E0),
.UNSPECIFIED.);
#1321=CIRCLE('',#1320,9.77E0);
#1334=CIRCLE('',#1333,1.E0);
#1339=CIRCLE('',#1338,1.E0);
#1344=CIRCLE('',#1343,1.125E1);
#1349=CIRCLE('',#1348,1.E0);
#1354=CIRCLE('',#1353,1.E0);
#1359=CIRCLE('',#1358,1.125E1);
#1364=CIRCLE('',#1363,1.E0);
#1369=CIRCLE('',#1368,1.E0);
#1374=CIRCLE('',#1373,1.125E1);
#1379=CIRCLE('',#1378,1.E0);
#1384=CIRCLE('',#1383,1.E0);
#1389=CIRCLE('',#1388,1.125E1);
#1394=CIRCLE('',#1393,1.E0);
#1399=CIRCLE('',#1398,1.E0);
#1404=CIRCLE('',#1403,1.125E1);
#1409=CIRCLE('',#1408,1.E0);
#1414=CIRCLE('',#1413,1.125E1);
#1419=CIRCLE('',#1418,1.E0);
#1432=CIRCLE('',#1431,1.E0);
#1437=CIRCLE('',#1436,1.E0);
#1442=CIRCLE('',#1441,1.125E1);
#1447=CIRCLE('',#1446,1.125E1);
#1452=CIRCLE('',#1451,1.125E1);
#1457=CIRCLE('',#1456,1.125E1);
#1462=CIRCLE('',#1461,1.125E1);
#1467=CIRCLE('',#1466,1.125E1);
#1472=CIRCLE('',#1471,1.125E1);
#1477=CIRCLE('',#1476,1.125E1);
#1482=CIRCLE('',#1481,1.125E1);
#1487=CIRCLE('',#1486,1.125E1);
#1492=CIRCLE('',#1491,1.125E1);
#1497=CIRCLE('',#1496,6.E-1);
#1502=CIRCLE('',#1501,6.E-1);
#1515=CIRCLE('',#1514,6.E-1);
#1520=CIRCLE('',#1519,6.E-1);
#1525=CIRCLE('',#1524,1.E0);
#1530=CIRCLE('',#1529,1.E0);
#1543=CIRCLE('',#1542,1.E0);
#1548=CIRCLE('',#1547,1.E0);
#1561=CIRCLE('',#1560,1.E0);
#1566=CIRCLE('',#1565,1.E0);
#1571=CIRCLE('',#1570,6.E-1);
#1576=CIRCLE('',#1575,6.E-1);
#1589=CIRCLE('',#1588,6.E-1);
#1594=CIRCLE('',#1593,6.E-1);
#1599=CIRCLE('',#1598,6.E-1);
#1604=CIRCLE('',#1603,6.E-1);
#1617=CIRCLE('',#1616,6.E-1);
#1622=CIRCLE('',#1621,6.E-1);
#1627=CIRCLE('',#1626,6.E-1);
#1632=CIRCLE('',#1631,6.E-1);
#1645=CIRCLE('',#1644,6.E-1);
#1650=CIRCLE('',#1649,6.E-1);
#1655=CIRCLE('',#1654,6.E-1);
#1668=CIRCLE('',#1667,6.E-1);
#1673=CIRCLE('',#1672,6.E-1);
#1678=CIRCLE('',#1677,6.E-1);
#1683=CIRCLE('',#1682,6.E-1);
#1696=CIRCLE('',#1695,6.E-1);
#1701=CIRCLE('',#1700,6.E-1);
#1706=CIRCLE('',#1705,1.E0);
#1711=CIRCLE('',#1710,1.E0);
#1716=CIRCLE('',#1715,4.5E0);
#1721=CIRCLE('',#1720,1.720521699912E1);
#1726=CIRCLE('',#1725,4.5E0);
#1731=CIRCLE('',#1730,1.720521699912E1);
#1736=CIRCLE('',#1735,1.579004822203E1);
#1745=CIRCLE('',#1744,1.579004822203E1);
#1754=CIRCLE('',#1753,1.E0);
#1759=CIRCLE('',#1758,1.517364817767E1);
#1764=CIRCLE('',#1763,1.E0);
#1769=CIRCLE('',#1768,1.517364817767E1);
#1774=CIRCLE('',#1773,1.449790554670E1);
#1779=CIRCLE('',#1778,3.E-1);
#1784=CIRCLE('',#1783,3.E-1);
#1789=CIRCLE('',#1788,1.449790554670E1);
#1802=CIRCLE('',#1801,1.425E1);
#1811=CIRCLE('',#1810,1.425E1);
#1820=CIRCLE('',#1819,1.425E1);
#1825=CIRCLE('',#1824,1.425E1);
#1830=CIRCLE('',#1829,1.455E1);
#1839=CIRCLE('',#1838,1.455E1);
#1852=CIRCLE('',#1851,1.425E1);
#1861=CIRCLE('',#1860,1.425E1);
#1866=CIRCLE('',#1865,1.455E1);
#1875=CIRCLE('',#1874,1.455E1);
#1888=CIRCLE('',#1887,1.425E1);
#1897=CIRCLE('',#1896,1.425E1);
#1902=CIRCLE('',#1901,1.455E1);
#1911=CIRCLE('',#1910,1.455E1);
#1924=CIRCLE('',#1923,1.435E1);
#1933=CIRCLE('',#1932,1.435E1);
#1938=CIRCLE('',#1937,1.455E1);
#1947=CIRCLE('',#1946,1.455E1);
#1960=CIRCLE('',#1959,1.425E1);
#1969=CIRCLE('',#1968,1.425E1);
#1974=CIRCLE('',#1973,1.425E1);
#1979=CIRCLE('',#1978,3.E-1);
#1984=CIRCLE('',#1983,3.E-1);
#1989=CIRCLE('',#1988,1.425E1);
#2002=CIRCLE('',#2001,1.444739395700E1);
#2011=CIRCLE('',#2010,1.75E1);
#2020=CIRCLE('',#2019,1.444739395700E1);
#2025=CIRCLE('',#2024,1.75E1);
#2030=CIRCLE('',#2029,1.75E1);
#2039=CIRCLE('',#2038,1.75E1);
#2048=CIRCLE('',#2047,1.632898992834E1);
#2061=CIRCLE('',#2060,5.E-1);
#2066=CIRCLE('',#2065,5.E-1);
#2071=CIRCLE('',#2070,1.632898992834E1);
#2076=CIRCLE('',#2075,1.6E1);
#2081=CIRCLE('',#2080,1.6E1);
#2086=CIRCLE('',#2085,5.E-1);
#2091=CIRCLE('',#2090,5.E-1);
#2096=CIRCLE('',#2095,1.6E1);
#2105=CIRCLE('',#2104,1.6E1);
#2114=CIRCLE('',#2113,1.641317591117E1);
#2123=CIRCLE('',#2122,1.642574263097E1);
#2132=CIRCLE('',#2131,1.641317591117E1);
#2137=CIRCLE('',#2136,1.642574263097E1);
#2142=CIRCLE('',#2141,1.742766658054E1);
#2147=CIRCLE('',#2146,1.3E0);
#2152=CIRCLE('',#2151,1.742766658054E1);
#2157=CIRCLE('',#2156,1.3E0);
#2162=CIRCLE('',#2161,2.5E0);
#2167=CIRCLE('',#2166,1.797229611447E1);
#2172=CIRCLE('',#2171,2.5E0);
#2177=CIRCLE('',#2176,1.797229611447E1);
#2182=CIRCLE('',#2181,1.859193843117E1);
#2187=CIRCLE('',#2186,6.5E0);
#2192=CIRCLE('',#2191,1.859193843117E1);
#2197=CIRCLE('',#2196,6.5E0);
#2631=EDGE_CURVE('',#2200,#2201,#24,.T.);
#2633=EDGE_CURVE('',#2201,#2219,#2182,.T.);
#2635=EDGE_CURVE('',#2218,#2219,#33,.T.);
#2637=EDGE_CURVE('',#2200,#2218,#20,.T.);
#2641=ADVANCED_FACE('',(#2640),#2630,.T.);
#2648=EDGE_CURVE('',#2200,#2218,#29,.T.);
#2651=EDGE_CURVE('',#2201,#2219,#2192,.T.);
#2655=ADVANCED_FACE('',(#2654),#2646,.T.);
#2661=EDGE_CURVE('',#2247,#2200,#38,.T.);
#2663=EDGE_CURVE('',#2247,#2261,#43,.T.);
#2665=EDGE_CURVE('',#2261,#2218,#48,.T.);
#2670=ADVANCED_FACE('',(#2669),#2660,.F.);
#2679=EDGE_CURVE('',#2247,#2261,#53,.T.);
#2683=ADVANCED_FACE('',(#2682),#2675,.F.);
#2689=EDGE_CURVE('',#2246,#2247,#62,.T.);
#2692=EDGE_CURVE('',#2260,#2261,#71,.T.);
#2694=EDGE_CURVE('',#2246,#2260,#58,.T.);
#2698=ADVANCED_FACE('',(#2697),#2688,.T.);
#2705=EDGE_CURVE('',#2246,#2260,#67,.T.);
#2711=ADVANCED_FACE('',(#2710),#2703,.T.);
#2717=EDGE_CURVE('',#2535,#2246,#75,.T.);
#2719=EDGE_CURVE('',#2535,#2537,#80,.T.);
#2721=EDGE_CURVE('',#2537,#2260,#84,.T.);
#2726=ADVANCED_FACE('',(#2725),#2716,.T.);
#2735=EDGE_CURVE('',#2535,#2537,#89,.T.);
#2739=ADVANCED_FACE('',(#2738),#2731,.T.);
#2745=EDGE_CURVE('',#2243,#2535,#99,.T.);
#2748=EDGE_CURVE('',#2257,#2537,#109,.T.);
#2750=EDGE_CURVE('',#2243,#2257,#94,.T.);
#2754=ADVANCED_FACE('',(#2753),#2744,.T.);
#2761=EDGE_CURVE('',#2243,#2257,#104,.T.);
#2767=ADVANCED_FACE('',(#2766),#2759,.T.);
#2773=EDGE_CURVE('',#2242,#2243,#113,.T.);
#2775=EDGE_CURVE('',#2242,#2256,#118,.T.);
#2777=EDGE_CURVE('',#2256,#2257,#122,.T.);
#2782=ADVANCED_FACE('',(#2781),#2772,.F.);
#2791=EDGE_CURVE('',#2242,#2256,#127,.T.);
#2795=ADVANCED_FACE('',(#2794),#2787,.F.);
#2801=EDGE_CURVE('',#2569,#2256,#197,.T.);
#2803=EDGE_CURVE('',#2551,#2569,#132,.T.);
#2805=EDGE_CURVE('',#2549,#2551,#137,.T.);
#2807=EDGE_CURVE('',#2547,#2549,#142,.T.);
#2809=EDGE_CURVE('',#2545,#2547,#147,.T.);
#2811=EDGE_CURVE('',#2543,#2545,#152,.T.);
#2813=EDGE_CURVE('',#2541,#2543,#157,.T.);
#2815=EDGE_CURVE('',#2565,#2541,#162,.T.);
#2817=EDGE_CURVE('',#2565,#2242,#202,.T.);
#2822=ADVANCED_FACE('',(#2821),#2800,.F.);
#2828=EDGE_CURVE('',#2539,#2561,#167,.T.);
#2830=EDGE_CURVE('',#2559,#2561,#172,.T.);
#2832=EDGE_CURVE('',#2559,#2557,#177,.T.);
#2834=EDGE_CURVE('',#2555,#2557,#182,.T.);
#2836=EDGE_CURVE('',#2555,#2553,#187,.T.);
#2838=EDGE_CURVE('',#2569,#2553,#192,.T.);
#2843=EDGE_CURVE('',#2539,#2565,#207,.T.);
#2847=ADVANCED_FACE('',(#2846),#2827,.F.);
#2853=EDGE_CURVE('',#2497,#2559,#222,.T.);
#2855=EDGE_CURVE('',#2561,#2497,#227,.T.);
#2858=EDGE_CURVE('',#2437,#2539,#232,.T.);
#2860=EDGE_CURVE('',#2541,#2437,#237,.T.);
#2863=EDGE_CURVE('',#2449,#2543,#242,.T.);
#2865=EDGE_CURVE('',#2545,#2449,#247,.T.);
#2868=EDGE_CURVE('',#2461,#2547,#252,.T.);
#2870=EDGE_CURVE('',#2549,#2461,#257,.T.);
#2873=EDGE_CURVE('',#2473,#2551,#262,.T.);
#2875=EDGE_CURVE('',#2553,#2473,#267,.T.);
#2878=EDGE_CURVE('',#2485,#2555,#272,.T.);
#2880=EDGE_CURVE('',#2557,#2485,#277,.T.);
#2885=EDGE_CURVE('',#2239,#2253,#212,.T.);
#2887=EDGE_CURVE('',#2239,#2253,#217,.T.);
#2891=ADVANCED_FACE('',(#2884,#2890),#2852,.F.);
#2897=EDGE_CURVE('',#2237,#2239,#286,.T.);
#2900=EDGE_CURVE('',#2251,#2253,#295,.T.);
#2902=EDGE_CURVE('',#2237,#2251,#282,.T.);
#2906=ADVANCED_FACE('',(#2905),#2896,.T.);
#2913=EDGE_CURVE('',#2237,#2251,#291,.T.);
#2919=ADVANCED_FACE('',(#2918),#2911,.T.);
#2925=EDGE_CURVE('',#2236,#2237,#300,.T.);
#2927=EDGE_CURVE('',#2236,#2250,#305,.T.);
#2929=EDGE_CURVE('',#2250,#2251,#310,.T.);
#2934=ADVANCED_FACE('',(#2933),#2924,.T.);
#2943=EDGE_CURVE('',#2236,#2250,#315,.T.);
#2947=ADVANCED_FACE('',(#2946),#2939,.T.);
#2953=EDGE_CURVE('',#2577,#2576,#320,.T.);
#2955=EDGE_CURVE('',#2576,#2236,#343,.T.);
#2958=EDGE_CURVE('',#2577,#2250,#339,.T.);
#2962=ADVANCED_FACE('',(#2961),#2952,.F.);
#2969=EDGE_CURVE('',#2577,#2581,#325,.T.);
#2971=EDGE_CURVE('',#2581,#2580,#363,.T.);
#2973=EDGE_CURVE('',#2576,#2580,#330,.T.);
#2977=ADVANCED_FACE('',(#2976),#2967,.F.);
#2983=EDGE_CURVE('',#2576,#2577,#335,.T.);
#2986=EDGE_CURVE('',#2580,#2581,#358,.T.);
#2991=ADVANCED_FACE('',(#2990),#2982,.F.);
#3003=ADVANCED_FACE('',(#3002),#2996,.F.);
#3013=EDGE_CURVE('',#2273,#2277,#348,.T.);
#3015=EDGE_CURVE('',#2273,#2277,#353,.T.);
#3019=ADVANCED_FACE('',(#3012,#3018),#3008,.F.);
#3025=EDGE_CURVE('',#2272,#2273,#372,.T.);
#3028=EDGE_CURVE('',#2276,#2277,#381,.T.);
#3030=EDGE_CURVE('',#2272,#2276,#368,.T.);
#3034=ADVANCED_FACE('',(#3033),#3024,.F.);
#3041=EDGE_CURVE('',#2272,#2276,#377,.T.);
#3047=ADVANCED_FACE('',(#3046),#3039,.F.);
#3053=EDGE_CURVE('',#2605,#2272,#385,.T.);
#3055=EDGE_CURVE('',#2605,#2625,#390,.T.);
#3057=EDGE_CURVE('',#2625,#2276,#394,.T.);
#3062=ADVANCED_FACE('',(#3061),#3052,.F.);
#3071=EDGE_CURVE('',#2605,#2625,#399,.T.);
#3075=ADVANCED_FACE('',(#3074),#3067,.F.);
#3081=EDGE_CURVE('',#2603,#2605,#408,.T.);
#3084=EDGE_CURVE('',#2623,#2625,#417,.T.);
#3086=EDGE_CURVE('',#2603,#2623,#404,.T.);
#3090=ADVANCED_FACE('',(#3089),#3080,.F.);
#3097=EDGE_CURVE('',#2603,#2623,#413,.T.);
#3103=ADVANCED_FACE('',(#3102),#3095,.F.);
#3109=EDGE_CURVE('',#2601,#2603,#422,.T.);
#3111=EDGE_CURVE('',#2601,#2621,#427,.T.);
#3113=EDGE_CURVE('',#2621,#2623,#432,.T.);
#3118=ADVANCED_FACE('',(#3117),#3108,.F.);
#3127=EDGE_CURVE('',#2601,#2621,#437,.T.);
#3131=ADVANCED_FACE('',(#3130),#3123,.F.);
#3137=EDGE_CURVE('',#2599,#2601,#446,.T.);
#3140=EDGE_CURVE('',#2619,#2621,#455,.T.);
#3142=EDGE_CURVE('',#2599,#2619,#442,.T.);
#3146=ADVANCED_FACE('',(#3145),#3136,.F.);
#3153=EDGE_CURVE('',#2599,#2619,#451,.T.);
#3159=ADVANCED_FACE('',(#3158),#3151,.F.);
#3165=EDGE_CURVE('',#2597,#2599,#460,.T.);
#3167=EDGE_CURVE('',#2597,#2617,#465,.T.);
#3169=EDGE_CURVE('',#2617,#2619,#470,.T.);
#3174=ADVANCED_FACE('',(#3173),#3164,.T.);
#3183=EDGE_CURVE('',#2597,#2617,#475,.T.);
#3187=ADVANCED_FACE('',(#3186),#3179,.T.);
#3193=EDGE_CURVE('',#2595,#2597,#484,.T.);
#3196=EDGE_CURVE('',#2615,#2617,#493,.T.);
#3198=EDGE_CURVE('',#2595,#2615,#480,.T.);
#3202=ADVANCED_FACE('',(#3201),#3192,.F.);
#3209=EDGE_CURVE('',#2595,#2615,#489,.T.);
#3215=ADVANCED_FACE('',(#3214),#3207,.F.);
#3221=EDGE_CURVE('',#2593,#2595,#498,.T.);
#3223=EDGE_CURVE('',#2593,#2613,#503,.T.);
#3225=EDGE_CURVE('',#2613,#2615,#508,.T.);
#3230=ADVANCED_FACE('',(#3229),#3220,.F.);
#3239=EDGE_CURVE('',#2593,#2613,#513,.T.);
#3243=ADVANCED_FACE('',(#3242),#3235,.F.);
#3249=EDGE_CURVE('',#2591,#2593,#522,.T.);
#3252=EDGE_CURVE('',#2611,#2613,#531,.T.);
#3254=EDGE_CURVE('',#2591,#2611,#518,.T.);
#3258=ADVANCED_FACE('',(#3257),#3248,.F.);
#3265=EDGE_CURVE('',#2591,#2611,#527,.T.);
#3271=ADVANCED_FACE('',(#3270),#3263,.F.);
#3277=EDGE_CURVE('',#2589,#2591,#535,.T.);
#3279=EDGE_CURVE('',#2589,#2609,#540,.T.);
#3281=EDGE_CURVE('',#2609,#2611,#544,.T.);
#3286=ADVANCED_FACE('',(#3285),#3276,.F.);
#3295=EDGE_CURVE('',#2589,#2609,#549,.T.);
#3299=ADVANCED_FACE('',(#3298),#3291,.F.);
#3305=EDGE_CURVE('',#2588,#2589,#558,.T.);
#3308=EDGE_CURVE('',#2608,#2609,#567,.T.);
#3310=EDGE_CURVE('',#2588,#2608,#554,.T.);
#3314=ADVANCED_FACE('',(#3313),#3304,.F.);
#3321=EDGE_CURVE('',#2588,#2608,#563,.T.);
#3327=ADVANCED_FACE('',(#3326),#3319,.F.);
#3333=EDGE_CURVE('',#2584,#2585,#572,.T.);
#3335=EDGE_CURVE('',#2584,#2585,#577,.T.);
#3343=ADVANCED_FACE('',(#3338,#3342),#3332,.T.);
#3349=EDGE_CURVE('',#2376,#2391,#594,.T.);
#3351=EDGE_CURVE('',#2362,#2376,#599,.T.);
#3353=EDGE_CURVE('',#2373,#2362,#615,.T.);
#3355=EDGE_CURVE('',#2360,#2373,#632,.T.);
#3357=EDGE_CURVE('',#2346,#2360,#637,.T.);
#3359=EDGE_CURVE('',#2357,#2346,#653,.T.);
#3361=EDGE_CURVE('',#2344,#2357,#670,.T.);
#3363=EDGE_CURVE('',#2327,#2344,#675,.T.);
#3365=EDGE_CURVE('',#2341,#2327,#688,.T.);
#3367=EDGE_CURVE('',#2341,#2584,#885,.T.);
#3370=EDGE_CURVE('',#2391,#2585,#880,.T.);
#3374=ADVANCED_FACE('',(#3373),#3348,.F.);
#3380=EDGE_CURVE('',#2376,#2377,#696,.T.);
#3383=EDGE_CURVE('',#2391,#2389,#1538,.T.);
#3385=EDGE_CURVE('',#2389,#2384,#1254,.T.);
#3387=EDGE_CURVE('',#2384,#2381,#1364,.T.);
#3389=EDGE_CURVE('',#2381,#2393,#1530,.T.);
#3391=EDGE_CURVE('',#2377,#2393,#1534,.T.);
#3395=ADVANCED_FACE('',(#3394),#3379,.F.);
#3402=EDGE_CURVE('',#2233,#2377,#778,.T.);
#3404=EDGE_CURVE('',#2215,#2233,#701,.T.);
#3406=EDGE_CURVE('',#2215,#2326,#769,.T.);
#3408=EDGE_CURVE('',#2326,#2327,#709,.T.);
#3411=EDGE_CURVE('',#2344,#2345,#717,.T.);
#3413=EDGE_CURVE('',#2345,#2346,#725,.T.);
#3416=EDGE_CURVE('',#2360,#2361,#733,.T.);
#3418=EDGE_CURVE('',#2361,#2362,#741,.T.);
#3423=ADVANCED_FACE('',(#3422),#3400,.F.);
#3429=EDGE_CURVE('',#2410,#2411,#749,.T.);
#3431=EDGE_CURVE('',#2411,#2412,#757,.T.);
#3433=EDGE_CURVE('',#2328,#2412,#907,.T.);
#3435=EDGE_CURVE('',#2328,#2326,#765,.T.);
#3438=EDGE_CURVE('',#2215,#2233,#774,.T.);
#3441=EDGE_CURVE('',#2377,#2378,#786,.T.);
#3443=EDGE_CURVE('',#2394,#2378,#862,.T.);
#3445=EDGE_CURVE('',#2394,#2395,#794,.T.);
#3447=EDGE_CURVE('',#2395,#2396,#802,.T.);
#3449=EDGE_CURVE('',#2410,#2396,#824,.T.);
#3453=ADVANCED_FACE('',(#3452),#3428,.F.);
#3460=EDGE_CURVE('',#2410,#2423,#819,.T.);
#3462=EDGE_CURVE('',#2423,#2421,#1028,.T.);
#3464=EDGE_CURVE('',#2421,#2415,#943,.T.);
#3466=EDGE_CURVE('',#2415,#2416,#1394,.T.);
#3468=EDGE_CURVE('',#2416,#2425,#1038,.T.);
#3470=EDGE_CURVE('',#2411,#2425,#1024,.T.);
#3474=ADVANCED_FACE('',(#3473),#3458,.F.);
#3482=EDGE_CURVE('',#2407,#2396,#840,.T.);
#3484=EDGE_CURVE('',#2394,#2407,#857,.T.);
#3487=EDGE_CURVE('',#2391,#2378,#875,.T.);
#3492=EDGE_CURVE('',#2328,#2341,#902,.T.);
#3495=EDGE_CURVE('',#2423,#2412,#923,.T.);
#3499=ADVANCED_FACE('',(#3498),#3479,.F.);
#3506=EDGE_CURVE('',#2395,#2409,#927,.T.);
#3508=EDGE_CURVE('',#2403,#2409,#1706,.T.);
#3510=EDGE_CURVE('',#2403,#2404,#1399,.T.);
#3512=EDGE_CURVE('',#2404,#2405,#1015,.T.);
#3514=EDGE_CURVE('',#2407,#2405,#931,.T.);
#3519=ADVANCED_FACE('',(#3518),#3504,.F.);
#3528=EDGE_CURVE('',#2405,#2399,#1007,.T.);
#3530=EDGE_CURVE('',#2399,#2400,#1379,.T.);
#3532=EDGE_CURVE('',#2400,#2409,#1711,.T.);
#3537=ADVANCED_FACE('',(#3536),#3524,.F.);
#3544=EDGE_CURVE('',#2420,#2421,#951,.T.);
#3546=EDGE_CURVE('',#2335,#2420,#956,.T.);
#3548=EDGE_CURVE('',#2339,#2335,#968,.T.);
#3550=EDGE_CURVE('',#2339,#2280,#973,.T.);
#3552=EDGE_CURVE('',#2280,#2290,#1242,.T.);
#3554=EDGE_CURVE('',#2389,#2290,#978,.T.);
#3556=EDGE_CURVE('',#2388,#2389,#990,.T.);
#3558=EDGE_CURVE('',#2399,#2388,#995,.T.);
#3562=EDGE_CURVE('',#2415,#2404,#1020,.T.);
#3566=ADVANCED_FACE('',(#3565),#3542,.T.);
#3574=EDGE_CURVE('',#2419,#2425,#1033,.T.);
#3576=EDGE_CURVE('',#2419,#2420,#1409,.T.);
#3583=ADVANCED_FACE('',(#3582),#3571,.F.);
#3589=EDGE_CURVE('',#2416,#2419,#1067,.T.);
#3595=ADVANCED_FACE('',(#3594),#3588,.T.);
#3601=EDGE_CURVE('',#2493,#2495,#1043,.T.);
#3603=EDGE_CURVE('',#2433,#2495,#1048,.T.);
#3605=EDGE_CURVE('',#2433,#2563,#1053,.T.);
#3607=EDGE_CURVE('',#2563,#2331,#1057,.T.);
#3609=EDGE_CURVE('',#2336,#2331,#1062,.T.);
#3611=EDGE_CURVE('',#2336,#2419,#1414,.T.);
#3614=EDGE_CURVE('',#2416,#2403,#1404,.T.);
#3616=EDGE_CURVE('',#2400,#2403,#1072,.T.);
#3618=EDGE_CURVE('',#2400,#2387,#1389,.T.);
#3620=EDGE_CURVE('',#2382,#2387,#1077,.T.);
#3622=EDGE_CURVE('',#2567,#2382,#1081,.T.);
#3624=EDGE_CURVE('',#2567,#2471,#1086,.T.);
#3626=EDGE_CURVE('',#2481,#2471,#1091,.T.);
#3628=EDGE_CURVE('',#2481,#2483,#1096,.T.);
#3630=EDGE_CURVE('',#2493,#2483,#1101,.T.);
#3634=ADVANCED_FACE('',(#3633),#3600,.F.);
#3640=EDGE_CURVE('',#2493,#2488,#1106,.T.);
#3642=EDGE_CURVE('',#2495,#2488,#1683,.T.);
#3647=ADVANCED_FACE('',(#3646),#3639,.F.);
#3653=EDGE_CURVE('',#2492,#2493,#1121,.T.);
#3655=EDGE_CURVE('',#2492,#2497,#1691,.T.);
#3658=EDGE_CURVE('',#2559,#2489,#1696,.T.);
#3660=EDGE_CURVE('',#2488,#2489,#1687,.T.);
#3665=ADVANCED_FACE('',(#3664),#3652,.F.);
#3673=EDGE_CURVE('',#2483,#2480,#1126,.T.);
#3675=EDGE_CURVE('',#2480,#2481,#1131,.T.);
#3678=EDGE_CURVE('',#2471,#2468,#1136,.T.);
#3680=EDGE_CURVE('',#2468,#2469,#1141,.T.);
#3682=EDGE_CURVE('',#2459,#2469,#1492,.T.);
#3684=EDGE_CURVE('',#2459,#2456,#1146,.T.);
#3686=EDGE_CURVE('',#2456,#2457,#1151,.T.);
#3688=EDGE_CURVE('',#2447,#2457,#1482,.T.);
#3690=EDGE_CURVE('',#2447,#2444,#1156,.T.);
#3692=EDGE_CURVE('',#2444,#2445,#1161,.T.);
#3694=EDGE_CURVE('',#2435,#2445,#1472,.T.);
#3696=EDGE_CURVE('',#2435,#2432,#1166,.T.);
#3698=EDGE_CURVE('',#2432,#2433,#1171,.T.);
#3701=EDGE_CURVE('',#2495,#2492,#1176,.T.);
#3705=EDGE_CURVE('',#2287,#2297,#1111,.T.);
#3707=EDGE_CURVE('',#2287,#2297,#1116,.T.);
#3711=ADVANCED_FACE('',(#3704,#3710),#3670,.T.);
#3717=EDGE_CURVE('',#2285,#2287,#1186,.T.);
#3719=EDGE_CURVE('',#2285,#2295,#1181,.T.);
#3721=EDGE_CURVE('',#2295,#2297,#1191,.T.);
#3726=ADVANCED_FACE('',(#3725),#3716,.F.);
#3735=EDGE_CURVE('',#2285,#2295,#1196,.T.);
#3739=ADVANCED_FACE('',(#3738),#3731,.F.);
#3745=EDGE_CURVE('',#2284,#2285,#1200,.T.);
#3748=EDGE_CURVE('',#2294,#2295,#1204,.T.);
#3750=EDGE_CURVE('',#2284,#2294,#1209,.T.);
#3754=ADVANCED_FACE('',(#3753),#3744,.T.);
#3761=EDGE_CURVE('',#2284,#2294,#1214,.T.);
#3767=ADVANCED_FACE('',(#3766),#3759,.T.);
#3773=EDGE_CURVE('',#2281,#2291,#1219,.T.);
#3775=EDGE_CURVE('',#2281,#2291,#1224,.T.);
#3783=ADVANCED_FACE('',(#3778,#3782),#3772,.F.);
#3789=EDGE_CURVE('',#2280,#2281,#1233,.T.);
#3791=EDGE_CURVE('',#2280,#2290,#1229,.T.);
#3793=EDGE_CURVE('',#2290,#2291,#1237,.T.);
#3798=ADVANCED_FACE('',(#3797),#3788,.F.);
#3810=ADVANCED_FACE('',(#3809),#3803,.F.);
#3820=EDGE_CURVE('',#2338,#2339,#1266,.T.);
#3822=EDGE_CURVE('',#2338,#2352,#1271,.T.);
#3824=EDGE_CURVE('',#2355,#2352,#1283,.T.);
#3826=EDGE_CURVE('',#2354,#2355,#1291,.T.);
#3828=EDGE_CURVE('',#2354,#2368,#1296,.T.);
#3830=EDGE_CURVE('',#2371,#2368,#1308,.T.);
#3832=EDGE_CURVE('',#2370,#2371,#1316,.T.);
#3834=EDGE_CURVE('',#2370,#2384,#1321,.T.);
#3838=ADVANCED_FACE('',(#3837),#3815,.T.);
#3845=EDGE_CURVE('',#2326,#2343,#1325,.T.);
#3847=EDGE_CURVE('',#2332,#2343,#1561,.T.);
#3849=EDGE_CURVE('',#2332,#2338,#1339,.T.);
#3852=EDGE_CURVE('',#2341,#2339,#1329,.T.);
#3857=ADVANCED_FACE('',(#3856),#3843,.F.);
#3867=EDGE_CURVE('',#2335,#2336,#1419,.T.);
#3869=EDGE_CURVE('',#2336,#2343,#1566,.T.);
#3874=ADVANCED_FACE('',(#3873),#3862,.F.);
#3880=EDGE_CURVE('',#2352,#2349,#1334,.T.);
#3884=EDGE_CURVE('',#2332,#2349,#1344,.T.);
#3888=ADVANCED_FACE('',(#3887),#3879,.F.);
#3894=EDGE_CURVE('',#2368,#2365,#1349,.T.);
#3897=EDGE_CURVE('',#2350,#2354,#1354,.T.);
#3899=EDGE_CURVE('',#2350,#2365,#1359,.T.);
#3903=ADVANCED_FACE('',(#3902),#3893,.F.);
#3911=EDGE_CURVE('',#2366,#2370,#1369,.T.);
#3913=EDGE_CURVE('',#2366,#2381,#1374,.T.);
#3917=ADVANCED_FACE('',(#3916),#3908,.F.);
#3925=EDGE_CURVE('',#2387,#2388,#1384,.T.);
#3930=ADVANCED_FACE('',(#3929),#3922,.F.);
#3942=ADVANCED_FACE('',(#3941),#3935,.F.);
#3954=ADVANCED_FACE('',(#3953),#3947,.F.);
#3962=EDGE_CURVE('',#2357,#2355,#1427,.T.);
#3966=EDGE_CURVE('',#2349,#2359,#1437,.T.);
#3968=EDGE_CURVE('',#2345,#2359,#1423,.T.);
#3972=ADVANCED_FACE('',(#3971),#3959,.F.);
#3980=EDGE_CURVE('',#2350,#2359,#1432,.T.);
#3988=ADVANCED_FACE('',(#3987),#3977,.F.);
#3994=EDGE_CURVE('',#2349,#2350,#1457,.T.);
#4000=ADVANCED_FACE('',(#3999),#3993,.T.);
#4006=EDGE_CURVE('',#2469,#2567,#1442,.T.);
#4009=EDGE_CURVE('',#2381,#2382,#1447,.T.);
#4012=EDGE_CURVE('',#2365,#2366,#1452,.T.);
#4017=EDGE_CURVE('',#2331,#2332,#1462,.T.);
#4020=EDGE_CURVE('',#2563,#2435,#1467,.T.);
#4023=EDGE_CURVE('',#2445,#2447,#1477,.T.);
#4026=EDGE_CURVE('',#2457,#2459,#1487,.T.);
#4031=ADVANCED_FACE('',(#4030),#4005,.F.);
#4037=EDGE_CURVE('',#2469,#2464,#1497,.T.);
#4039=EDGE_CURVE('',#2471,#2464,#1502,.T.);
#4045=ADVANCED_FACE('',(#4044),#4036,.F.);
#4052=EDGE_CURVE('',#2468,#2473,#1510,.T.);
#4055=EDGE_CURVE('',#2551,#2465,#1515,.T.);
#4057=EDGE_CURVE('',#2464,#2465,#1506,.T.);
#4062=ADVANCED_FACE('',(#4061),#4050,.F.);
#4071=EDGE_CURVE('',#2553,#2465,#1520,.T.);
#4077=ADVANCED_FACE('',(#4076),#4067,.F.);
#4089=ADVANCED_FACE('',(#4088),#4082,.T.);
#4097=EDGE_CURVE('',#2387,#2393,#1525,.T.);
#4102=ADVANCED_FACE('',(#4101),#4094,.T.);
#4117=ADVANCED_FACE('',(#4116),#4107,.F.);
#4124=EDGE_CURVE('',#2366,#2375,#1543,.T.);
#4126=EDGE_CURVE('',#2365,#2375,#1548,.T.);
#4130=ADVANCED_FACE('',(#4129),#4122,.T.);
#4137=EDGE_CURVE('',#2361,#2375,#1552,.T.);
#4142=EDGE_CURVE('',#2373,#2371,#1556,.T.);
#4147=ADVANCED_FACE('',(#4146),#4135,.F.);
#4162=ADVANCED_FACE('',(#4161),#4152,.F.);
#4174=ADVANCED_FACE('',(#4173),#4167,.T.);
#4180=EDGE_CURVE('',#2433,#2428,#1571,.T.);
#4182=EDGE_CURVE('',#2435,#2428,#1576,.T.);
#4188=ADVANCED_FACE('',(#4187),#4179,.F.);
#4195=EDGE_CURVE('',#2432,#2437,#1584,.T.);
#4198=EDGE_CURVE('',#2539,#2429,#1589,.T.);
#4200=EDGE_CURVE('',#2428,#2429,#1580,.T.);
#4205=ADVANCED_FACE('',(#4204),#4193,.F.);
#4214=EDGE_CURVE('',#2541,#2429,#1594,.T.);
#4220=ADVANCED_FACE('',(#4219),#4210,.F.);
#4232=ADVANCED_FACE('',(#4231),#4225,.T.);
#4238=EDGE_CURVE('',#2445,#2440,#1599,.T.);
#4240=EDGE_CURVE('',#2447,#2440,#1604,.T.);
#4245=ADVANCED_FACE('',(#4244),#4237,.F.);
#4252=EDGE_CURVE('',#2444,#2449,#1612,.T.);
#4255=EDGE_CURVE('',#2543,#2441,#1617,.T.);
#4257=EDGE_CURVE('',#2440,#2441,#1608,.T.);
#4262=ADVANCED_FACE('',(#4261),#4250,.F.);
#4271=EDGE_CURVE('',#2545,#2441,#1622,.T.);
#4277=ADVANCED_FACE('',(#4276),#4267,.F.);
#4288=ADVANCED_FACE('',(#4287),#4282,.T.);
#4294=EDGE_CURVE('',#2457,#2452,#1627,.T.);
#4296=EDGE_CURVE('',#2459,#2452,#1632,.T.);
#4301=ADVANCED_FACE('',(#4300),#4293,.F.);
#4308=EDGE_CURVE('',#2456,#2461,#1640,.T.);
#4311=EDGE_CURVE('',#2547,#2453,#1645,.T.);
#4313=EDGE_CURVE('',#2452,#2453,#1636,.T.);
#4318=ADVANCED_FACE('',(#4317),#4306,.F.);
#4327=EDGE_CURVE('',#2549,#2453,#1650,.T.);
#4333=ADVANCED_FACE('',(#4332),#4323,.F.);
#4344=ADVANCED_FACE('',(#4343),#4338,.T.);
#4351=EDGE_CURVE('',#2483,#2476,#1655,.T.);
#4353=EDGE_CURVE('',#2476,#2477,#1659,.T.);
#4355=EDGE_CURVE('',#2557,#2477,#1678,.T.);
#4358=EDGE_CURVE('',#2480,#2485,#1663,.T.);
#4362=ADVANCED_FACE('',(#4361),#4349,.F.);
#4368=EDGE_CURVE('',#2481,#2476,#1668,.T.);
#4374=ADVANCED_FACE('',(#4373),#4367,.F.);
#4383=EDGE_CURVE('',#2555,#2477,#1673,.T.);
#4389=ADVANCED_FACE('',(#4388),#4379,.F.);
#4400=ADVANCED_FACE('',(#4399),#4394,.T.);
#4409=EDGE_CURVE('',#2561,#2489,#1701,.T.);
#4415=ADVANCED_FACE('',(#4414),#4405,.F.);
#4426=ADVANCED_FACE('',(#4425),#4420,.T.);
#4437=ADVANCED_FACE('',(#4436),#4431,.T.);
#4443=EDGE_CURVE('',#2213,#2215,#1716,.T.);
#4445=EDGE_CURVE('',#2213,#2231,#1721,.T.);
#4447=EDGE_CURVE('',#2231,#2233,#1726,.T.);
#4452=ADVANCED_FACE('',(#4451),#4442,.F.);
#4461=EDGE_CURVE('',#2213,#2231,#1731,.T.);
#4465=ADVANCED_FACE('',(#4464),#4457,.F.);
#4471=EDGE_CURVE('',#2211,#2213,#1740,.T.);
#4474=EDGE_CURVE('',#2229,#2231,#1749,.T.);
#4476=EDGE_CURVE('',#2211,#2229,#1736,.T.);
#4480=ADVANCED_FACE('',(#4479),#4470,.F.);
#4487=EDGE_CURVE('',#2211,#2229,#1745,.T.);
#4493=ADVANCED_FACE('',(#4492),#4485,.F.);
#4499=EDGE_CURVE('',#2210,#2211,#1754,.T.);
#4501=EDGE_CURVE('',#2210,#2228,#1759,.T.);
#4503=EDGE_CURVE('',#2228,#2229,#1764,.T.);
#4508=ADVANCED_FACE('',(#4507),#4498,.F.);
#4517=EDGE_CURVE('',#2210,#2228,#1769,.T.);
#4521=ADVANCED_FACE('',(#4520),#4513,.F.);
#4527=EDGE_CURVE('',#2525,#2524,#1774,.T.);
#4529=EDGE_CURVE('',#2525,#2210,#1797,.T.);
#4532=EDGE_CURVE('',#2524,#2228,#1793,.T.);
#4536=ADVANCED_FACE('',(#4535),#4526,.F.);
#4543=EDGE_CURVE('',#2524,#2528,#1784,.T.);
#4545=EDGE_CURVE('',#2529,#2528,#1820,.T.);
#4547=EDGE_CURVE('',#2525,#2529,#1779,.T.);
#4551=ADVANCED_FACE('',(#4550),#4541,.T.);
#4557=EDGE_CURVE('',#2524,#2525,#1789,.T.);
#4560=EDGE_CURVE('',#2528,#2529,#1802,.T.);
#4565=ADVANCED_FACE('',(#4564),#4556,.T.);
#4577=ADVANCED_FACE('',(#4576),#4570,.F.);
#4584=EDGE_CURVE('',#2311,#2529,#1806,.T.);
#4586=EDGE_CURVE('',#2311,#2325,#1811,.T.);
#4588=EDGE_CURVE('',#2325,#2528,#1815,.T.);
#4592=ADVANCED_FACE('',(#4591),#4582,.F.);
#4600=EDGE_CURVE('',#2311,#2325,#1825,.T.);
#4605=ADVANCED_FACE('',(#4604),#4597,.F.);
#4611=EDGE_CURVE('',#2309,#2311,#1834,.T.);
#4614=EDGE_CURVE('',#2323,#2325,#1843,.T.);
#4616=EDGE_CURVE('',#2309,#2323,#1830,.T.);
#4620=ADVANCED_FACE('',(#4619),#4610,.F.);
#4627=EDGE_CURVE('',#2309,#2323,#1839,.T.);
#4633=ADVANCED_FACE('',(#4632),#4625,.F.);
#4639=EDGE_CURVE('',#2307,#2309,#1847,.T.);
#4641=EDGE_CURVE('',#2307,#2321,#1852,.T.);
#4643=EDGE_CURVE('',#2321,#2323,#1856,.T.);
#4648=ADVANCED_FACE('',(#4647),#4638,.F.);
#4657=EDGE_CURVE('',#2307,#2321,#1861,.T.);
#4661=ADVANCED_FACE('',(#4660),#4653,.F.);
#4667=EDGE_CURVE('',#2305,#2307,#1870,.T.);
#4670=EDGE_CURVE('',#2319,#2321,#1879,.T.);
#4672=EDGE_CURVE('',#2305,#2319,#1866,.T.);
#4676=ADVANCED_FACE('',(#4675),#4666,.F.);
#4683=EDGE_CURVE('',#2305,#2319,#1875,.T.);
#4689=ADVANCED_FACE('',(#4688),#4681,.F.);
#4695=EDGE_CURVE('',#2303,#2305,#1883,.T.);
#4697=EDGE_CURVE('',#2303,#2317,#1888,.T.);
#4699=EDGE_CURVE('',#2317,#2319,#1892,.T.);
#4704=ADVANCED_FACE('',(#4703),#4694,.F.);
#4713=EDGE_CURVE('',#2303,#2317,#1897,.T.);
#4717=ADVANCED_FACE('',(#4716),#4709,.F.);
#4723=EDGE_CURVE('',#2301,#2303,#1906,.T.);
#4726=EDGE_CURVE('',#2315,#2317,#1915,.T.);
#4728=EDGE_CURVE('',#2301,#2315,#1902,.T.);
#4732=ADVANCED_FACE('',(#4731),#4722,.F.);
#4739=EDGE_CURVE('',#2301,#2315,#1911,.T.);
#4745=ADVANCED_FACE('',(#4744),#4737,.F.);
#4751=EDGE_CURVE('',#2300,#2301,#1919,.T.);
#4753=EDGE_CURVE('',#2300,#2314,#1924,.T.);
#4755=EDGE_CURVE('',#2314,#2315,#1928,.T.);
#4760=ADVANCED_FACE('',(#4759),#4750,.F.);
#4769=EDGE_CURVE('',#2300,#2314,#1933,.T.);
#4773=ADVANCED_FACE('',(#4772),#4765,.F.);
#4779=EDGE_CURVE('',#2571,#2300,#1942,.T.);
#4782=EDGE_CURVE('',#2573,#2314,#1951,.T.);
#4784=EDGE_CURVE('',#2571,#2573,#1938,.T.);
#4788=ADVANCED_FACE('',(#4787),#4778,.F.);
#4795=EDGE_CURVE('',#2571,#2573,#1947,.T.);
#4801=ADVANCED_FACE('',(#4800),#4793,.F.);
#4807=EDGE_CURVE('',#2531,#2571,#1955,.T.);
#4809=EDGE_CURVE('',#2531,#2533,#1960,.T.);
#4811=EDGE_CURVE('',#2533,#2573,#1964,.T.);
#4816=ADVANCED_FACE('',(#4815),#4806,.F.);
#4825=EDGE_CURVE('',#2531,#2533,#1969,.T.);
#4829=ADVANCED_FACE('',(#4828),#4821,.F.);
#4835=EDGE_CURVE('',#2517,#2516,#1974,.T.);
#4837=EDGE_CURVE('',#2517,#2531,#1997,.T.);
#4840=EDGE_CURVE('',#2516,#2533,#1993,.T.);
#4844=ADVANCED_FACE('',(#4843),#4834,.F.);
#4851=EDGE_CURVE('',#2516,#2520,#1984,.T.);
#4853=EDGE_CURVE('',#2521,#2520,#2020,.T.);
#4855=EDGE_CURVE('',#2517,#2521,#1979,.T.);
#4859=ADVANCED_FACE('',(#4858),#4849,.T.);
#4865=EDGE_CURVE('',#2516,#2517,#1989,.T.);
#4868=EDGE_CURVE('',#2520,#2521,#2002,.T.);
#4873=ADVANCED_FACE('',(#4872),#4864,.T.);
#4885=ADVANCED_FACE('',(#4884),#4878,.F.);
#4892=EDGE_CURVE('',#2265,#2521,#2006,.T.);
#4894=EDGE_CURVE('',#2265,#2269,#2011,.T.);
#4896=EDGE_CURVE('',#2269,#2520,#2015,.T.);
#4900=ADVANCED_FACE('',(#4899),#4890,.F.);
#4908=EDGE_CURVE('',#2265,#2269,#2025,.T.);
#4913=ADVANCED_FACE('',(#4912),#4905,.F.);
#4919=EDGE_CURVE('',#2264,#2265,#2034,.T.);
#4922=EDGE_CURVE('',#2268,#2269,#2043,.T.);
#4924=EDGE_CURVE('',#2264,#2268,#2030,.T.);
#4928=ADVANCED_FACE('',(#4927),#4918,.T.);
#4935=EDGE_CURVE('',#2264,#2268,#2039,.T.);
#4941=ADVANCED_FACE('',(#4940),#4933,.T.);
#4947=EDGE_CURVE('',#2513,#2512,#2048,.T.);
#4949=EDGE_CURVE('',#2512,#2268,#2052,.T.);
#4952=EDGE_CURVE('',#2513,#2264,#2056,.T.);
#4956=ADVANCED_FACE('',(#4955),#4946,.T.);
#4963=EDGE_CURVE('',#2513,#2507,#2061,.T.);
#4965=EDGE_CURVE('',#2507,#2509,#2105,.T.);
#4967=EDGE_CURVE('',#2512,#2509,#2066,.T.);
#4971=ADVANCED_FACE('',(#4970),#4961,.F.);
#4977=EDGE_CURVE('',#2512,#2513,#2071,.T.);
#4980=EDGE_CURVE('',#2509,#2507,#2081,.T.);
#4985=ADVANCED_FACE('',(#4984),#4976,.F.);
#4997=ADVANCED_FACE('',(#4996),#4990,.T.);
#5003=EDGE_CURVE('',#2500,#2501,#2076,.T.);
#5005=EDGE_CURVE('',#2501,#2507,#2109,.T.);
#5008=EDGE_CURVE('',#2500,#2509,#2100,.T.);
#5012=ADVANCED_FACE('',(#5011),#5002,.T.);
#5019=EDGE_CURVE('',#2500,#2504,#2086,.T.);
#5021=EDGE_CURVE('',#2504,#2505,#2132,.T.);
#5023=EDGE_CURVE('',#2501,#2505,#2091,.T.);
#5027=ADVANCED_FACE('',(#5026),#5017,.F.);
#5033=EDGE_CURVE('',#2501,#2500,#2096,.T.);
#5036=EDGE_CURVE('',#2505,#2504,#2114,.T.);
#5041=ADVANCED_FACE('',(#5040),#5032,.F.);
#5053=ADVANCED_FACE('',(#5052),#5046,.T.);
#5060=EDGE_CURVE('',#2207,#2505,#2118,.T.);
#5062=EDGE_CURVE('',#2207,#2225,#2123,.T.);
#5064=EDGE_CURVE('',#2225,#2504,#2127,.T.);
#5068=ADVANCED_FACE('',(#5067),#5058,.T.);
#5076=EDGE_CURVE('',#2207,#2225,#2137,.T.);
#5081=ADVANCED_FACE('',(#5080),#5073,.T.);
#5087=EDGE_CURVE('',#2205,#2207,#2147,.T.);
#5090=EDGE_CURVE('',#2223,#2225,#2157,.T.);
#5092=EDGE_CURVE('',#2205,#2223,#2142,.T.);
#5096=ADVANCED_FACE('',(#5095),#5086,.T.);
#5103=EDGE_CURVE('',#2205,#2223,#2152,.T.);
#5109=ADVANCED_FACE('',(#5108),#5101,.T.);
#5115=EDGE_CURVE('',#2203,#2205,#2162,.T.);
#5117=EDGE_CURVE('',#2203,#2221,#2167,.T.);
#5119=EDGE_CURVE('',#2221,#2223,#2172,.T.);
#5124=ADVANCED_FACE('',(#5123),#5114,.F.);
#5133=EDGE_CURVE('',#2203,#2221,#2177,.T.);
#5137=ADVANCED_FACE('',(#5136),#5129,.F.);
#5143=EDGE_CURVE('',#2201,#2203,#2187,.T.);
#5146=EDGE_CURVE('',#2219,#2221,#2197,.T.);
#5151=ADVANCED_FACE('',(#5150),#5142,.T.);
#5163=ADVANCED_FACE('',(#5162),#5156,.T.);
#5164=CLOSED_SHELL('',(#2641,#2655,#2670,#2683,#2698,#2711,#2726,#2739,#2754,
#2767,#2782,#2795,#2822,#2847,#2891,#2906,#2919,#2934,#2947,#2962,#2977,#2991,
#3003,#3019,#3034,#3047,#3062,#3075,#3090,#3103,#3118,#3131,#3146,#3159,#3174,
#3187,#3202,#3215,#3230,#3243,#3258,#3271,#3286,#3299,#3314,#3327,#3343,#3374,
#3395,#3423,#3453,#3474,#3499,#3519,#3537,#3566,#3583,#3595,#3634,#3647,#3665,
#3711,#3726,#3739,#3754,#3767,#3783,#3798,#3810,#3838,#3857,#3874,#3888,#3903,
#3917,#3930,#3942,#3954,#3972,#3988,#4000,#4031,#4045,#4062,#4077,#4089,#4102,
#4117,#4130,#4147,#4162,#4174,#4188,#4205,#4220,#4232,#4245,#4262,#4277,#4288,
#4301,#4318,#4333,#4344,#4362,#4374,#4389,#4400,#4415,#4426,#4437,#4452,#4465,
#4480,#4493,#4508,#4521,#4536,#4551,#4565,#4577,#4592,#4605,#4620,#4633,#4648,
#4661,#4676,#4689,#4704,#4717,#4732,#4745,#4760,#4773,#4788,#4801,#4816,#4829,
#4844,#4859,#4873,#4885,#4900,#4913,#4928,#4941,#4956,#4971,#4985,#4997,#5012,
#5027,#5041,#5053,#5068,#5081,#5096,#5109,#5124,#5137,#5151,#5163));
#5165=MANIFOLD_SOLID_BREP('',#5164);
#5166=(LENGTH_UNIT()NAMED_UNIT(*)SI_UNIT(.MILLI.,.METRE.));
#5167=(NAMED_UNIT(*)PLANE_ANGLE_UNIT()SI_UNIT($,.RADIAN.));
#5170=(NAMED_UNIT(*)SI_UNIT($,.STERADIAN.)SOLID_ANGLE_UNIT());
#5172=(GEOMETRIC_REPRESENTATION_CONTEXT(3)GLOBAL_UNCERTAINTY_ASSIGNED_CONTEXT((
#5171))GLOBAL_UNIT_ASSIGNED_CONTEXT((#5166,#5169,#5170))REPRESENTATION_CONTEXT(
'ID1','3'));
#5176=AXIS2_PLACEMENT_3D('',#5173,#5174,#5175);
#5177=ADVANCED_BREP_SHAPE_REPRESENTATION('',(#5176,#5165),#5172);
#5184=PRODUCT_DEFINITION('design','',#5183,#5180);
#5185=PRODUCT_DEFINITION_SHAPE('','SHAPE FOR 3218204193_DV1.',#5184);
#5186=SHAPE_ASPECT('','solid data associated with 3218204193_DV1',#5185,.F.);
#5187=PROPERTY_DEFINITION('',
'shape for solid data with which properties are associated',#5186);
#5188=SHAPE_REPRESENTATION('',(#5165),#5172);
#5189=SHAPE_DEFINITION_REPRESENTATION(#5187,#5188);
#5190=(LENGTH_UNIT()NAMED_UNIT(*)SI_UNIT(.MILLI.,.METRE.));
#5194=PROPERTY_DEFINITION('geometric validation property',
'area of 3218204193_DV1',#5186);
#5195=REPRESENTATION('surface area',(#5193),#5172);
#5196=PROPERTY_DEFINITION_REPRESENTATION(#5194,#5195);
#5197=(LENGTH_UNIT()NAMED_UNIT(*)SI_UNIT(.MILLI.,.METRE.));
#5201=PROPERTY_DEFINITION('geometric validation property',
'volume of 3218204193_DV1',#5186);
#5202=REPRESENTATION('volume',(#5200),#5172);
#5203=PROPERTY_DEFINITION_REPRESENTATION(#5201,#5202);
#5205=PROPERTY_DEFINITION('geometric validation property',
'centroid of 3218204193_DV1',#5186);
#5206=REPRESENTATION('centroid',(#5204),#5172);
#5207=PROPERTY_DEFINITION_REPRESENTATION(#5205,#5206);
#5208=(LENGTH_UNIT()NAMED_UNIT(*)SI_UNIT(.MILLI.,.METRE.));
#5212=PROPERTY_DEFINITION('geometric validation property',
'area of 3218204193_DV1',#5185);
#5213=REPRESENTATION('surface area',(#5211),#5172);
#5214=PROPERTY_DEFINITION_REPRESENTATION(#5212,#5213);
#5215=(LENGTH_UNIT()NAMED_UNIT(*)SI_UNIT(.MILLI.,.METRE.));
#5219=PROPERTY_DEFINITION('geometric validation property',
'volume of 3218204193_DV1',#5185);
#5220=REPRESENTATION('volume',(#5218),#5172);
#5221=PROPERTY_DEFINITION_REPRESENTATION(#5219,#5220);
#5223=PROPERTY_DEFINITION('geometric validation property',
'centroid of 3218204193_DV1',#5185);
#5224=REPRESENTATION('centroid',(#5222),#5172);
#5225=PROPERTY_DEFINITION_REPRESENTATION(#5223,#5224);
#5226=SHAPE_DEFINITION_REPRESENTATION(#5185,#5177);
#5227=SHAPE_DEFINITION_REPRESENTATION(#5228,#5229);
#5228=PRODUCT_DEFINITION_SHAPE('','SHAPE FOR 3218204193_ASM.',#5675);
#5229=SHAPE_REPRESENTATION('',(#5239,#5656,#5670),#5666);
#5230=NEXT_ASSEMBLY_USAGE_OCCURRENCE('61','Next assembly relationship',
'3218204193_DV1',#5675,#5184,$);
#5231=PRODUCT_DEFINITION_SHAPE('Placement #61',
'Placement of 3218204193_DV1 with respect to 3218204193_ASM',#5230);
#5233=PROPERTY_DEFINITION('geometric validation property',
'centroid of 3218204193_DV1',#5231);
#5234=REPRESENTATION('centroid',(#5232),#5172);
#5235=PROPERTY_DEFINITION_REPRESENTATION(#5233,#5234);
#5247=CIRCLE('',#5246,1.125E1);
#5256=CIRCLE('',#5255,1.125E1);
#5265=CIRCLE('',#5264,9.65E0);
#5270=CIRCLE('',#5269,9.65E0);
#5275=CIRCLE('',#5274,8.55E0);
#5280=CIRCLE('',#5279,1.1E0);
#5285=CIRCLE('',#5284,8.55E0);
#5290=CIRCLE('',#5289,1.1E0);
#5299=CIRCLE('',#5298,8.55E0);
#5308=CIRCLE('',#5307,8.55E0);
#5313=CIRCLE('',#5312,9.27E0);
#5318=CIRCLE('',#5317,9.27E0);
#5323=CIRCLE('',#5322,9.27E0);
#5332=CIRCLE('',#5331,9.27E0);
#5341=CIRCLE('',#5340,5.E-1);
#5346=CIRCLE('',#5345,9.77E0);
#5351=CIRCLE('',#5350,5.E-1);
#5356=CIRCLE('',#5355,9.77E0);
#5361=CIRCLE('',#5360,1.125E1);
#5366=CIRCLE('',#5365,1.125E1);
#5404=EDGE_CURVE('',#5369,#5370,#5251,.T.);
#5406=EDGE_CURVE('',#5370,#5386,#5361,.T.);
#5408=EDGE_CURVE('',#5385,#5386,#5260,.T.);
#5410=EDGE_CURVE('',#5369,#5385,#5247,.T.);
#5414=ADVANCED_FACE('',(#5413),#5403,.T.);
#5421=EDGE_CURVE('',#5369,#5385,#5256,.T.);
#5424=EDGE_CURVE('',#5370,#5386,#5366,.T.);
#5428=ADVANCED_FACE('',(#5427),#5419,.T.);
#5438=EDGE_CURVE('',#5382,#5398,#5265,.T.);
#5440=EDGE_CURVE('',#5382,#5398,#5270,.T.);
#5444=ADVANCED_FACE('',(#5437,#5443),#5433,.F.);
#5450=EDGE_CURVE('',#5380,#5382,#5280,.T.);
#5453=EDGE_CURVE('',#5396,#5398,#5290,.T.);
#5455=EDGE_CURVE('',#5380,#5396,#5275,.T.);
#5459=ADVANCED_FACE('',(#5458),#5449,.T.);
#5466=EDGE_CURVE('',#5380,#5396,#5285,.T.);
#5472=ADVANCED_FACE('',(#5471),#5464,.T.);
#5478=EDGE_CURVE('',#5379,#5380,#5294,.T.);
#5480=EDGE_CURVE('',#5379,#5395,#5299,.T.);
#5482=EDGE_CURVE('',#5395,#5396,#5303,.T.);
#5487=ADVANCED_FACE('',(#5486),#5477,.F.);
#5496=EDGE_CURVE('',#5379,#5395,#5308,.T.);
#5500=ADVANCED_FACE('',(#5499),#5492,.F.);
#5506=EDGE_CURVE('',#5376,#5392,#5313,.T.);
#5508=EDGE_CURVE('',#5376,#5392,#5318,.T.);
#5516=ADVANCED_FACE('',(#5511,#5515),#5505,.T.);
#5522=EDGE_CURVE('',#5374,#5376,#5327,.T.);
#5525=EDGE_CURVE('',#5390,#5392,#5336,.T.);
#5527=EDGE_CURVE('',#5374,#5390,#5323,.T.);
#5531=ADVANCED_FACE('',(#5530),#5521,.T.);
#5538=EDGE_CURVE('',#5374,#5390,#5332,.T.);
#5544=ADVANCED_FACE('',(#5543),#5536,.T.);
#5550=EDGE_CURVE('',#5373,#5374,#5341,.T.);
#5552=EDGE_CURVE('',#5373,#5389,#5346,.T.);
#5554=EDGE_CURVE('',#5389,#5390,#5351,.T.);
#5559=ADVANCED_FACE('',(#5558),#5549,.F.);
#5568=EDGE_CURVE('',#5373,#5389,#5356,.T.);
#5572=ADVANCED_FACE('',(#5571),#5564,.F.);
#5586=ADVANCED_FACE('',(#5581,#5585),#5577,.T.);
#5587=CLOSED_SHELL('',(#5414,#5428,#5444,#5459,#5472,#5487,#5500,#5516,#5531,
#5544,#5559,#5572,#5586));
#5588=MANIFOLD_SOLID_BREP('',#5587);
#5589=(LENGTH_UNIT()NAMED_UNIT(*)SI_UNIT(.MILLI.,.METRE.));
#5590=(NAMED_UNIT(*)PLANE_ANGLE_UNIT()SI_UNIT($,.RADIAN.));
#5593=(NAMED_UNIT(*)SI_UNIT($,.STERADIAN.)SOLID_ANGLE_UNIT());
#5595=(GEOMETRIC_REPRESENTATION_CONTEXT(3)GLOBAL_UNCERTAINTY_ASSIGNED_CONTEXT((
#5594))GLOBAL_UNIT_ASSIGNED_CONTEXT((#5589,#5592,#5593))REPRESENTATION_CONTEXT(
'ID2','3'));
#5599=AXIS2_PLACEMENT_3D('',#5596,#5597,#5598);
#5600=ADVANCED_BREP_SHAPE_REPRESENTATION('',(#5599,#5588),#5595);
#5604=PRODUCT_DEFINITION('design','',#5603,#5180);
#5605=PRODUCT_DEFINITION_SHAPE('','SHAPE FOR 3218204193_DV2.',#5604);
#5606=SHAPE_ASPECT('','solid data associated with 3218204193_DV2',#5605,.F.);
#5607=PROPERTY_DEFINITION('',
'shape for solid data with which properties are associated',#5606);
#5608=SHAPE_REPRESENTATION('',(#5588),#5595);
#5609=SHAPE_DEFINITION_REPRESENTATION(#5607,#5608);
#5610=(LENGTH_UNIT()NAMED_UNIT(*)SI_UNIT(.MILLI.,.METRE.));
#5614=PROPERTY_DEFINITION('geometric validation property',
'area of 3218204193_DV2',#5606);
#5615=REPRESENTATION('surface area',(#5613),#5595);
#5616=PROPERTY_DEFINITION_REPRESENTATION(#5614,#5615);
#5617=(LENGTH_UNIT()NAMED_UNIT(*)SI_UNIT(.MILLI.,.METRE.));
#5621=PROPERTY_DEFINITION('geometric validation property',
'volume of 3218204193_DV2',#5606);
#5622=REPRESENTATION('volume',(#5620),#5595);
#5623=PROPERTY_DEFINITION_REPRESENTATION(#5621,#5622);
#5625=PROPERTY_DEFINITION('geometric validation property',
'centroid of 3218204193_DV2',#5606);
#5626=REPRESENTATION('centroid',(#5624),#5595);
#5627=PROPERTY_DEFINITION_REPRESENTATION(#5625,#5626);
#5628=(LENGTH_UNIT()NAMED_UNIT(*)SI_UNIT(.MILLI.,.METRE.));
#5632=PROPERTY_DEFINITION('geometric validation property',
'area of 3218204193_DV2',#5605);
#5633=REPRESENTATION('surface area',(#5631),#5595);
#5634=PROPERTY_DEFINITION_REPRESENTATION(#5632,#5633);
#5635=(LENGTH_UNIT()NAMED_UNIT(*)SI_UNIT(.MILLI.,.METRE.));
#5639=PROPERTY_DEFINITION('geometric validation property',
'volume of 3218204193_DV2',#5605);
#5640=REPRESENTATION('volume',(#5638),#5595);
#5641=PROPERTY_DEFINITION_REPRESENTATION(#5639,#5640);
#5643=PROPERTY_DEFINITION('geometric validation property',
'centroid of 3218204193_DV2',#5605);
#5644=REPRESENTATION('centroid',(#5642),#5595);
#5645=PROPERTY_DEFINITION_REPRESENTATION(#5643,#5644);
#5646=SHAPE_DEFINITION_REPRESENTATION(#5605,#5600);
#5647=NEXT_ASSEMBLY_USAGE_OCCURRENCE('62','Next assembly relationship',
'3218204193_DV2',#5675,#5604,$);
#5648=PRODUCT_DEFINITION_SHAPE('Placement #62',
'Placement of 3218204193_DV2 with respect to 3218204193_ASM',#5647);
#5650=PROPERTY_DEFINITION('geometric validation property',
'centroid of 3218204193_DV2',#5648);
#5651=REPRESENTATION('centroid',(#5649),#5595);
#5652=PROPERTY_DEFINITION_REPRESENTATION(#5650,#5651);
#5660=(LENGTH_UNIT()NAMED_UNIT(*)SI_UNIT(.MILLI.,.METRE.));
#5661=(NAMED_UNIT(*)PLANE_ANGLE_UNIT()SI_UNIT($,.RADIAN.));
#5664=(NAMED_UNIT(*)SI_UNIT($,.STERADIAN.)SOLID_ANGLE_UNIT());
#5666=(GEOMETRIC_REPRESENTATION_CONTEXT(3)GLOBAL_UNCERTAINTY_ASSIGNED_CONTEXT((
#5665))GLOBAL_UNIT_ASSIGNED_CONTEXT((#5660,#5663,#5664))REPRESENTATION_CONTEXT(
'ID3','3'));
#5670=AXIS2_PLACEMENT_3D('',#5667,#5668,#5669);
#5675=PRODUCT_DEFINITION('design','',#5674,#5671);
#5676=(LENGTH_UNIT()NAMED_UNIT(*)SI_UNIT(.MILLI.,.METRE.));
#5680=PROPERTY_DEFINITION('geometric validation property',
'area of 3218204193_ASM',#5228);
#5681=REPRESENTATION('surface area',(#5679),#5666);
#5682=PROPERTY_DEFINITION_REPRESENTATION(#5680,#5681);
#5683=(LENGTH_UNIT()NAMED_UNIT(*)SI_UNIT(.MILLI.,.METRE.));
#5687=PROPERTY_DEFINITION('geometric validation property',
'volume of 3218204193_ASM',#5228);
#5688=REPRESENTATION('volume',(#5686),#5666);
#5689=PROPERTY_DEFINITION_REPRESENTATION(#5687,#5688);
#5691=PROPERTY_DEFINITION('geometric validation property',
'centroid of 3218204193_ASM',#5228);
#5692=REPRESENTATION('centroid',(#5690),#5666);
#5693=PROPERTY_DEFINITION_REPRESENTATION(#5691,#5692);
ENDSEC;
END-ISO-10303-21;
